Keyword,Centralidad
software testing,0.2532338308457711
machine learning,0.24328358208955222
deep learning,0.1288557213930348
artificial intelligence,0.10945273631840795
test automation,0.07761194029850746
testing,0.0527363184079602
natural language processing,0.050746268656716415
test case generation,0.04477611940298507
automation,0.04029850746268657
software engineering,0.036318407960199
