fuente|authors|author_full_names|scopus_author_id|title|year|source_title|volume|issue|art|page_start|page_end|page_count|cited_by|DOI|link|abstract|author_keywords|index_keywords|document_type|publication_stage|open_access|source|EID|h_index_autor|h_index_revista|cuartil|author_orcid|issn|cuartil_numerico|h_index_revista_num|h_index_autor_max
IEEE|K. M. Hosny; W. M. El-Hady; F. M. Samy; E. Vrochidou; G. A. Papakostas|||Multi-Class Classification of Plant Leaf Diseases Using Feature Fusion of Deep Convolutional Neural Network and Local Binary Pattern|2023|IEEE Access|11.0|0||62307|62317|0|113|10.1109/ACCESS.2023.3286730||Plant diseases are one of the primary causes of decreased agricultural production quality and quantity. With ongoing changes in plant structure and cultivation techniques, new diseases are constantly arising on plant leaves. Thus, accurate classification and detection of plant leaf diseases in their early stages will limit the spread of the infection and support the healthy development of plant production. This work proposes a novel lightweight deep convolutional neural network (CNN) model for obtaining high-level hidden feature representations. The deep features are then fused with traditional handcrafted local binary pattern (LBP) features to capture local texture information in plant leaf images. The proposed model is trained and tested on three publicly available datasets (Apple Leaf, Tomato Leaf, and Grape Leaf). On the three datasets, the proposed approach achieves 99%, 96.6%, and 98.5% validation accuracies, respectively, and 98.8%, 96.5%, and 98.3% test accuracies, respectively. The results of the experiments show that the proposed approach can provide a better control solution for plant diseases.|Convolutional neural network (CNN);feature fusion;local binary pattern (LBP);multi-class classification;plant leaf diseases;precision agriculture;computer vision|Feature extraction;Convolutional neural networks;Plant diseases;Plants;Agriculture;Plant diseases;Computer vision;Precision engineering||||IEEE||45; 12; 4; 18; 38|341.0|Q1|https://orcid.org/0000-0001-8065-8977; https://orcid.org/0000-0002-0148-8592; https://orcid.org/0000-0001-5545-1499|['2169-3536']|1|341.0|45.0
IEEE|Q. Liu; Z. Zhou; L. Xiong; M. Lu; J. Ouyang|||YOLO-RDM: Innovative Detection Methods for Eggplants and Stems in Complex Natural Environment|2025|IEEE Access|13.0|0||37656|37672|0|3|10.1109/ACCESS.2025.3545670||Accurate identification of eggplants and their stems in complex environments is crucial for the research on intelligent harvesting equipment for eggplants. Current object detection methods have limited and traditional approaches to eggplant research. To achieve rapid identification of eggplants and stems in complex environments and enhance overall accuracy, this study establishes a database for eggplants and stems and proposes an efficient detection model based on the YOLOv8n network. First, a lightweight Receptive-Field Attention Convolution (RFAConv) and Mixed Local Channel Attention (MLCA) attention mechanism are used to design the C2f_RM module, replacing the C2f module in YOLOv8n to create a lightweight yet effective model. Next, the DD-Head structure reparameterization detection head module is integrated, effectively merging deep and shallow information while retaining small-scale target feature information to improve detection accuracy. Finally, the loss function is substituted with the MPDIoU loss, optimizing the bounding box regression algorithm and enhancing convergence speed and regression accuracy. The proposed YOLO-RDM model (C2f_RM, DD-Head, MPDIoU) attains an average accuracy of 93.6% on the dataset, representing a 3.4% improvement over the original YOLOv8n model. Detection accuracies for eggplants and stems increased by 1.1% and 5.8%, respectively. Additionally, the F1 score improved by 4.96%, reaching 89.09%. This model demonstrates superior detection performance and robustness for both eggplants and their stems, providing valuable technical support for the automation of eggplant harvesting.|Eggplant detection;computer vision;digital agriculture;small object detection;yolov8n|Accuracy;Feature extraction;Computational modeling;Head;Convolution;Training;Object segmentation;Lighting;Image color analysis;Attention mechanisms||||IEEE||29; 2; 8; 2; 41|341.0|Q1|https://orcid.org/0000-0001-8402-6491; https://orcid.org/0000-0001-5598-675X; https://orcid.org/0000-0002-3420-9203; https://orcid.org/0000-0001-5902-7070|['2169-3536']|1|341.0|41.0
IEEE|R. Krishna; K. V. Prema|||Constructing and Optimizing RNN Models to Predict Fruit Rot Disease Incidence in Areca Nut Crop Based on Weather Parameters|2023|IEEE Access|11.0|0||110582|110595|0|14|10.1109/ACCESS.2023.3311477||A farmer faces several challenges associated with fruit rot disease in the areca nut crop. Weather factors, including rainfall and temperature, largely influence the disease severity and spread of infection in crops. Significant growth has been achieved using RNN models for time series forecasting in the past few decades, but these models are not applied to fruit rot disease prediction. This study introduces Vanilla GRU, Stacked GRU, Bidirectional GRU, and Bidirectional LSTM models for the inaugural prediction of fruit rot disease scores using past weather data. The current investigation also involves the mitigation and comparison of forecast inaccuracies by utilising weight optimisation algorithms like Adam, Adagrad, RMSprop, and Genetic algorithms. Meteorological and disease score data are gathered from the Agricultural Research Station in Brahmavar, Karnataka, and CPCRI Kasargod, Kerala. These datasets are combined using a rule-based algorithm to train and evaluate the proposed model. Empirical outcomes reveal that the vanilla GRU model, when fine-tuned with the Adam algorithm, exhibits a diminished Mean Squared Error (MSE) value of 0.0009, an exceptionally minimal Mean Absolute Error (MAE) value of 0.02, and an elevated R-squared (R2) score of 0.99. Similarly, the Bidirectional LSTM model, optimised through RMSprop, yields an impressively low Root Mean Squared Error (RMSE) value of 0.033. Generally, the optimised Deep Learning (DL) models consistently demonstrate enhanced predictive precision compared to alternative models. In conclusion, the anticipation of areca nut disease, as facilitated by this study, stands to aid farmers in curtailing unnecessary fungicide application and achieving more favourable yields.|Areca nut;deep learning;disease prediction;fruit rot disease;genetic algorithm;gated recurrent unit;optimisation;weather|Diseases;Optimization;Predictive models;Prediction algorithms;Meteorology;Neural networks;Genetic algorithms;Deep learning;Crops;Agricultural products;Optimization methods;Weather forecasting||||IEEE||4; 13|341.0|Q1|https://orcid.org/0000-0003-1924-039X|['2169-3536']|1|341.0|13.0
Scopus|Safari, Y.; Nakatumba-Nabende, J.; Nakasi, R.; Nakibuule, R.|Safari, Yonasi (58882756100); Nakatumba-Nabende, Joyce (59157756300); Nakasi, Rose (57211255746); Nakibuule, Rose (36554604500)|58882756100; 59157756300; 57211255746; 36554604500|A Review on Automated Detection and Assessment of Fruit Damage Using Machine Learning|2024|IEEE Access|12|0||21358.0|21381.0|0|23|10.1109/ACCESS.2024.3362230|https://www.scopus.com/inward/record.uri?eid=2-s2.0-85184808881&doi=10.1109%2FACCESS.2024.3362230&partnerID=40&md5=4642a80c62eb69bdeb0653c3adf50fa5|Automation improves the quality of fruits through quick and accurate detection of pest and disease infections, thus contributing to the country's economic growth and productivity. Although humans can identify the fruit damage caused by pests and diseases, the methods used are inconsistent, time-consuming, and variable. The surface features of fruits typically observed by consumers who seek their health benefits affect their market value. The issue of pest and disease infections further deteriorates fruits' quality, becoming a mounting stressor on farmers since they reduce the potential revenue from fruit production, processing, and export. This article reviews various studies on detecting and classifying damages in fruits. Specifically, we review articles where state-of-the-art approaches under segmentation, image processing, machine learning, and deep learning have proved effective in developing automated systems that address hurdles associated with manual methods of assessing damage using visual experiences. This survey reviews thirty-two journal and conference papers from the past thirteen years that were found electronically through Google Scholar, Scopus, IEEE, ScienceDirect, and standard online searches. This survey further presents a detailed discussion of previous research done in the past while emphasizing their strengths and limitations as well as outlining potential future research topics. It also reveals that much as the use of automated detection and classification of fruit damage has yielded promising results in the horticulture industry, more research is still needed with systems required to fully automate the detection and classification processes, especially those that are mobile phone-based towards addressing occlusion challenges. © 2013 IEEE.|classification; deep learning; Fruit damage detection; image analysis; segmentation|Automation; Biological systems; Classification (of information); Deep learning; Disease control; Feature extraction; Fruits; Image classification; Image segmentation; Internet of things; Search engines; Automated assessment; Biological system modeling; Features extraction; Fruit damage detection; Image-analysis; Images segmentations; Machine-learning; Plant disease; Smart agricultures; Damage detection|Article|Final|All Open Access; Gold Open Access|Scopus|2-s2.0-85184808881|2; 12; 8; 4|341.0|Q1|https://orcid.org/0000-0002-5411-4201; https://orcid.org/0000-0002-0108-3798; https://orcid.org/0009-0000-3009-1829|['2169-3536']|1|341.0|12.0
Scopus|Cai, Z.; Farhana, N.; Karim, A.M.; Zhai, F.; Huang, W.; Guo, M.|Cai, Zhaopeng (60092905000); Farhana, Nadia (57205147086); Karim, Asif Mahbub (57215193574); Zhai, Fengyan (57790891700); Huang, Wenwen (57985021800); Guo, Meng (60121036500)|60092905000; 57205147086; 57215193574; 57790891700; 57985021800; 60121036500|IMNM: integrated multi-network model for identifying pepper leaf diseases|2025|Frontiers in Plant Science|16|0|1558349|||0|0|10.3389/fpls.2025.1558349|https://www.scopus.com/inward/record.uri?eid=2-s2.0-105017510818&doi=10.3389%2Ffpls.2025.1558349&partnerID=40&md5=45db306d24ddc4846560f86566ca2bc7|As a vegetable crop with high economic value, the yield of pepper is often significantly restricted by leaf diseases, and the spots formed by these diseases on the surface of leaves are highly complex in color and texture characteristics. To overcome the shortcomings of traditional manual identification methods, such as low efficiency, time-consuming, and labor-consuming, an integrated multi-network model (IMNM) was established by combining an improved ResNet, a dynamic convolution network (DCN), and a progressive prototype network (PPN), which was aimed at five typical pepper leaf samples (healthy, virus, leaf blight, brown spot, and phyllosticta). The experimental results show that IMNM achieves 98.55% accuracy in pepper disease identification, which is significantly better than the benchmark models such as Inception-V4, ShuffleNet-V3, and EfficientNet-B7. In the cross-species generalization verification, the average identification accuracy of the model for apple, wheat, and rice leaf diseases increased to 99.81%, and its four core indicators of specificity, precision, sensitivity, and accuracy were all stable over 98%. This demonstrates that IMNM can effectively analyze the color and texture characteristics of highly heterogeneous disease spots and possesses strong cross-crop generalization capabilities. Its technical path lays a theoretical foundation for the development of field mobile disease diagnosis equipment based on deep learning, and is of great value for promoting the engineering application of an intelligent monitoring system for crop diseases and insect pests. © © 2025 Cai, Farhana, Karim, Zhai, Huang and Guo.|deep learning; identifying; integrated; multi-network model; pepper leaf diseases|Desconocido|Article|Final|All Open Access; Gold Open Access; Green Accepted Open Access; Green Open Access|Scopus|2-s2.0-105017510818|18; 2; 14; 1; 13; 14|311.0|Q1|https://orcid.org/0000-0002-7546-290X; https://orcid.org/0000-0001-6654-7496; https://orcid.org/0000-0002-3305-3868; https://orcid.org/0000-0001-5772-2272|['1664-462X']|1|311.0|18.0
ScienceDirect|Emre Ece; Ismail Eş; Fatih Inci|||Microneedle technology as a new standpoint in agriculture: Treatment and sensing|2023|Materials Today|68|0||275|297|0|33|https://doi.org/10.1016/j.mattod.2023.07.002|https://www.sciencedirect.com/science/article/pii/S1369702123002195|Preventing plant loss and improving their health status are essential for agricultural industry. Correspondingly, the deprivation of plants severely impacts our ecological system. As such, global efforts have been intensely made to promote the development of advanced sensing and treatment platforms to forestall plant loss. Existing technologies mainly encounter a number of challenges in providing results in a non-invasive, rapid turnaround, and affordable fashions. Accordingly, notable progressions in innovative approaches—particularly biosensing and delivery platforms, are vastly required for agriculture realm. In this regard, microneedles have emerged as a pivotal technological tool that plays multifaceted roles in biosensing and delivery systems, with attention of growing towards agriculture. Simply put, microneedles offer several advantages over conventional methods for being less invasive, rapid, and highly precise. In this review, recent advancements in microneedle technologies including their implementations in agriculture are highlighted coherently. In particular, extracting DNA from plant leaves and expressing transient genes using microneedles are elaborated in details. Microneedle-based sensing platforms for detecting essential compounds and secondary metabolites are discussed as well. Recent advances focusing the delivery of agrochemicals and nanotherapeutics via microneedles are elaborated. By this means, this review aims to bridge the existing gaps between microneedles and agriculture precisely.||Desconocido||||ScienceDirect||4; 26; 43|285.0|Q1|https://orcid.org/0000-0002-9357-5086; https://orcid.org/0000-0002-7369-1039; https://orcid.org/0000-0002-9918-5038|['1369-7021', '1873-4103']|1|285.0|43.0
Scopus|Sharma, M.; Kaushik, P.; Chawade, A.|Sharma, Meenakshi (57214452608); Kaushik, Prashant (56967816100); Chawade, Aakash (19638539700)|57214452608; 56967816100; 19638539700|Frontiers in the solicitation of machine learning approaches in vegetable science research|2021|Sustainability (Switzerland)|13|15|8600|||0|9|10.3390/su13158600|https://www.scopus.com/inward/record.uri?eid=2-s2.0-85112592072&doi=10.3390%2Fsu13158600&partnerID=40&md5=7ca3ebd4b44071fc25e510e68f1aa3f6|Along with essential nutrients and trace elements, vegetables provide raw materials for the food processing industry. Despite this, plant diseases and unfavorable weather patterns continue to threaten the delicate balance between vegetable production and consumption. It is critical to utilize machine learning (ML) in this setting because it provides context for decision-making related to breeding goals. Cutting-edge technologies for crop genome sequencing and phenotyping, combined with advances in computer science, are currently fueling a revolution in vegetable science and technology. Additionally, various ML techniques such as prediction, classification, and clustering are frequently used to forecast vegetable crop production in the field. In the vegetable seed industry, machine learning algorithms are used to assess seed quality before germination and have the potential to improve vegetable production with desired features significantly; whereas, in plant disease detection and management, the ML approaches can improve decision-support systems that assist in converting massive amounts of data into valuable recommendations. On similar lines, in vegetable breeding, ML approaches are helpful in predicting treatment results, such as what will happen if a gene is silenced. Furthermore, ML approaches can be a saviour to insufficient coverage and noisy data generated using various omics platforms. This article examines ML models in the field of vegetable sciences, which encompasses breeding, biotechnology, and genome sequencing. © 2021 by the authors. Licensee MDPI, Basel, Switzerland.|Biotechnology; Breeding; Genomics; Machine learning; Models; Predictions; Vegetables|decision making; food processing; genome; machine learning; research work; vegetable|Review|Final|All Open Access; Gold Open Access; Green Accepted Open Access; Green Open Access|Scopus|2-s2.0-85112592072|12; 35; 31|273.0|Q1|https://orcid.org/0000-0002-4671-5365; https://orcid.org/0000-0002-3145-2849; https://orcid.org/0000-0002-6500-4139|['2071-1050']|1|273.0|35.0
ScienceDirect|Cheng Xue Law; Norhashila Hashim; Siti Izera Ismail; Mahirah Jahari; Dimas Firmanda {Al Riza}|||A review on anthracnose disease caused by Colletotrichum spp. in fruits and advances in control strategies|2025|International Journal of Food Microbiology|442|0||111397||0|1|https://doi.org/10.1016/j.ijfoodmicro.2025.111397|https://www.sciencedirect.com/science/article/pii/S0168160525003423|Fruits are a vital source of essential vitamins, minerals, and antioxidants necessary for human health and well-being. However, fruit production is often hampered by diseases that cause substantial yield losses and compromise fruit quality. Among these, anthracnose caused by various species of the Colletotrichum genus stands out as a particularly destructive disease, affecting a wide range of fruit crops and resulting in significant preharvest and postharvest losses worldwide. This review explores the impact of anthracnose across diverse fruit categories, including temperate fruits, berries, citrus, and tropical fruits. Furthermore, it provides a comprehensive overview of the life cycle and pathogenic mechanisms of Colletotrichum spp., emphasizing their remarkable adaptability to different host fruits. Advances in management strategies are also explored, emphasizing the need for sustainable approaches. While chemical fungicides remain widely used, their overuse has led to resistance development and environmental concerns. Promising alternatives include biological control agents and natural compounds like essential oils and chitosan-based coatings, and physical treatments, such as heat and UV-C irradiation, are also discussed. Future trends are also highlighted. This review provides a new insight of anthracnose across fruit categories, integrating current knowledge on pathogen biology, host-pathogen interactions, and innovative control measures. Future research should prioritize the development of integrated management strategies tailored to specific fruit categories, ensuring sustainable production, enhanced fruit quality, and reduced postharvest losses.||Desconocido||||ScienceDirect||2; 36; 21; 11; 19|262.0|Q1|https://orcid.org/0000-0002-9063-5960; https://orcid.org/0000-0003-1904-4890; https://orcid.org/0000-0003-2695-696X; https://orcid.org/0000-0001-6790-6729|['0168-1605', '1879-3460']|1|262.0|36.0
ScienceDirect|Shuangqian Shen; Chuansong Zhan; Chenkun Yang; Alisdair R. Fernie; Jie Luo|||Metabolomics-centered mining of plant metabolic diversity and function: Past decade and future perspectives|2023|Molecular Plant|16|1||43|63|0|236|https://doi.org/10.1016/j.molp.2022.09.007|https://www.sciencedirect.com/science/article/pii/S167420522200301X|Plants are natural experts in organic synthesis, being able to generate large numbers of specific metabolites with widely varying structures that help them adapt to variable survival challenges. Metabolomics is a research discipline that integrates the capabilities of several types of research including analytical chemistry, statistics, and biochemistry. Its ongoing development provides strategies for gaining a systematic understanding of quantitative changes in the levels of metabolites. Metabolomics is usually performed by targeting either a specific cell, a specific tissue, or the entire organism. Considerable advances in science and technology over the last three decades have propelled us into the era of multi-omics, in which metabolomics, despite at an earlier developmental stage than genomics, transcriptomics, and proteomics, offers the distinct advantage of studying the cellular entities that have the greatest influence on end phenotype. Here, we summarize the state of the art of metabolite detection and identification, and illustrate these techniques with four case study applications: (i) comparing metabolite composition within and between species, (ii) assessing spatio-temporal metabolic changes during plant development, (iii) mining characteristic metabolites of plants in different ecological environments and upon exposure to various stresses, and (iv) assessing the performance of metabolomics as a means of functional gene identification , metabolic pathway elucidation, and metabolomics-assisted breeding through analyzing plant populations with diverse genetic variations. In addition, we highlight the prominent contributions of joint analyses of plant metabolomics and other omics datasets, including those from genomics, transcriptomics, proteomics, epigenomics, phenomics, microbiomes, and ion-omics studies. Finally, we discuss future directions and challenges exploiting metabolomics-centered approaches in understanding plant metabolic diversity.||Desconocido||||ScienceDirect||17; 12; 18; 167; 12|226.0|Q1|https://orcid.org/0000-0002-8459-0831; https://orcid.org/0000-0002-4050-441X; https://orcid.org/0000-0001-9026-1666; https://orcid.org/0000-0001-9000-335X|['1674-2052', '1752-9859', '1752-9867']|1|226.0|167.0
ScienceDirect|Moran Zhang; Shengyong Xu; Yutong Han; Dongping Li; Shuo Yang; Yuan Huang|||High-throughput horticultural phenomics: The history, recent advances and new prospects|2023|Computers and Electronics in Agriculture|213|0||108265||0|10|https://doi.org/10.1016/j.compag.2023.108265|https://www.sciencedirect.com/science/article/pii/S0168169923006531|With the development of advanced sensors, artificial intelligence, and computer vision, horticultural phenomics has made great progress in recent years. However, there is a lack of systematic reviews to discuss the horticultural phenomics and its applications at present. In this paper, we aim to fill this gap by providing a comprehensive review of the past developments, recent advances and existing challenges. Furthermore, we propose conception and give our prospects of high-throughput horticultural phenomics. We envision that horticultural phenomics will evolve towards multiscale, multidimension, multiperiod approach in the near future. This transformation will enable researchers to better realize the physiological processes, understand the genetic composition and develop new cultivars of horticultural plants that are better adapted to specific environments. Consequently, it will greatly promote the omics research in horticultural plants. In addition to advancing scientific research, high-throughput horticultural phenomics can also assist growers in efficient crop management, leading to improved yield and quality of horticultural products. However, it is important to acknowledge the challenges that need to be overcome. Once these challenges are addressed, high-throughput horticultural phenomics will become increasingly important in the fight against climate changes and maximizing profits.||Desconocido||||ScienceDirect||5; 29; 32; 16; 7; 38|210.0|Q1|https://orcid.org/0000-0002-9066-821X; https://orcid.org/0000-0001-9567-5980; https://orcid.org/0000-0003-3726-6315; https://orcid.org/0009-0003-9967-1145; https://orcid.org/0000-0002-4710-8671; https://orcid.org/0000-0002-9538-9746|['0168-1699', '1872-7107']|1|210.0|38.0
ScienceDirect|Kenny Paul; Sandeep S. Chatterjee; Puja Pai; Alok Varshney; Siddhi Juikar; Venkatesh Prasad; Bhaskar Bhadra; Santanu Dasgupta|||Viable smart sensors and their application in data driven agriculture|2022|Computers and Electronics in Agriculture|198|0||107096||0|158|https://doi.org/10.1016/j.compag.2022.107096|https://www.sciencedirect.com/science/article/pii/S0168169922004136|Smart sensors are useful in professional farming approach by which one can use the digital technology to monitor, visualize, generate digital data, to control the application of resources, to improve quality and productivity of agriculture produce. Novel sensors add value in soil-less farming through automation and IoT (Internet of Things) based operation management digital tools. Data-driven technologies by using smart sensors can find a solution to many glitches in agriculture practices and it could improve new efficiencies. The principles of smart sensors as well as the most viable sensors that are used for monitoring soil and plant physicochemical parameters in field cultivation processes, greenhouse and indoor hydroponics are being discussed. Digital technologies in precision farming, automation in agro machinery, Precision Livestock Farming (PLF), TV White Spaces (TVWS) remote connectivity, Unmanned Aerial Vehicles (UAVs) based imagery, application of IoTs can help farming communities to use resources accurately based on real-time farm data acquired and improve crop yield without any wastage. Smart sensors helps the entire food value chain, the precision to productivity quest of growers and could enable new business models. This article provides a wide understanding of novel smart sensors, wireless sensor network architectures, and applications of these sensors to inculcate sustainable farming practices, value chain traceability and create secured income.||Desconocido||||ScienceDirect||11; 1; 4; 14; 1; 11; 22; 18|210.0|Q1|https://orcid.org/0000-0003-4948-765X; https://orcid.org/0000-0003-0733-8664; https://orcid.org/0000-0003-4656-885X|['0168-1699', '1872-7107']|1|210.0|22.0
ScienceDirect|Yanqiu Yang; Priyanka Mali; Lawrence Arthur; Faezeh Molaei; Sena Atsyo; Jiarui Geng; Long He; Shirin Ghatrehsamani|||Advanced technologies for precision tree fruit disease management: A review|2025|Computers and Electronics in Agriculture|229|0||109704||0|3|https://doi.org/10.1016/j.compag.2024.109704|https://www.sciencedirect.com/science/article/pii/S0168169924010950|Effective disease management in tree fruit cultivation is essential for ensuring crop health, improving yield, and minimizing economic losses. In recent years, the adoption of advanced technologies has revolutionized the approach to managing tree fruit diseases. This review explores the integration of precision agriculture tools, such as Unmanned Aerial Vehicles (UAVs), Unmanned Ground Vehicles (UGVs), and various sensor technologies, alongside sophisticated machine learning algorithms and predictive models. The effectiveness of these technologies in disease scouting, monitoring, detection, and prediction is evaluated, emphasizing their potential to enhance crop health, reduce economic losses, and minimize environmental impacts. Despite the promising advancements, challenges such as data quality, computational demands, and the need for robust, generalizable models persist. This review underscores the transformative potential of these technologies in promoting a resilient, efficient, and sustainable tree fruit industry, highlighting the need for continued research and development to fully realize their benefits.||Desconocido||||ScienceDirect||11; 1; 1; 3; 1; 1; 21; 6|210.0|Q1|https://orcid.org/0000-0003-3181-7999; https://orcid.org/0000-0001-9220-9095; https://orcid.org/0000-0001-9781-6062; https://orcid.org/0000-0001-6734-8368|['0168-1699', '1872-7107']|1|210.0|21.0
Scopus|Baek, I.; Cha, M.; Lim, S.; Irish, B.M.; Oh, S.; Bhatt, J.; Upadhyay, R.K.; Kim, M.S.; Meinhardt, L.W.; Park, S.; Ahn, E.|Baek, Insuck (55414110300); Cha, Min-hyeok (57193861587); Lim, Seunghyun (59506907800); Irish, Brian M. (57204251455); Oh, Sookyung (59477088700); Bhatt, Jishnu (59906358600); Upadhyay, Rakesh Kumar (57213485236); Kim, Moon-sung (57208234136); Meinhardt, Lyndel W. (57204982672); Park, Sunchung (7501832065); Ahn, Ezekiel Jin Sung (57205329595)|55414110300; 57193861587; 59506907800; 57204251455; 59477088700; 59906358600; 57213485236; 57208234136; 57204982672; 7501832065; 57205329595|Integrated phenotypic analysis, predictive modeling, and identification of novel trait-associated loci in a diverse Theobroma cacao collection|2025|BMC Plant Biology|25|1|1050|||0|0|10.1186/s12870-025-07128-y|https://www.scopus.com/inward/record.uri?eid=2-s2.0-105012943547&doi=10.1186%2Fs12870-025-07128-y&partnerID=40&md5=b87ee45bdb2418b39f460a367363aef7|Background: Cacao (Theobroma cacao L.) breeding and improvement rely on understanding germplasm diversity and trait architecture. This study characterized a cacao collection (173 accessions) evaluated in Puerto Rico, examining phenotypic diversity, trait interrelationships, and performing comparative analyses with published Trinidad and Colombia datasets. We also developed machine learning (ML) models for yield prediction and identified yield-associated SNP markers. Results: The cacao collection showed significant phenotypic variation and strong intra-collection trait correlations. Comparative analyses revealed conserved trait responses across environments, notably linking susceptibility to black pod rot in Puerto Rico with Witches' Broom Disease in Colombia, suggesting a broad-spectrum disease response mechanism. Machine learning models effectively modeled yield, quantifying a hierarchy of predictor importance, with ‘Total pods’, ‘Infection rate’, and ‘Pod weight’ being the most influential. Integrating existing SNP data for 28 common accessions, multiple SNPs were identified as significantly associated with key horticultural traits, including ‘Total pods’, ‘Infection rate’, and ‘Yield’ (FDR < 0.01). Notably, a single genetic marker on chromosome 5 (TcSNP475), located within a putative zinc finger stress-associated protein gene (Tc05_t008610), was associated with both ‘Total pods’ and ‘Yield’, representing a prime target for marker-assisted selection. Conclusions: This research provides a detailed characterization of a wide germplasm collection, robust yield predictors, and a suite of novel trait-linked genetic markers, offering valuable resources for cacao breeding. These integrated findings will provide a solid foundation for targeted breeding strategies and deeper molecular investigations into the mechanisms underpinning yield and stress resilience in this vital global crop. © This is a U.S. Government work and not under copyright protection in the US; foreign copyright protection may apply 2025.||cacao; genetics; growth, development and aging; machine learning; microbiology; phenotype; plant breeding; plant disease; Puerto Rico; quantitative trait locus; single nucleotide polymorphism; Cacao; Machine Learning; Phenotype; Plant Breeding; Plant Diseases; Polymorphism, Single Nucleotide; Quantitative Trait Loci|Article|Final|All Open Access; Gold Open Access; Green Final Open Access; Green Open Access|Scopus|2-s2.0-105012943547|24; 5; 8; 16; 12; 2; 16; 43; 37; 18; 9|201.0|Q1|https://orcid.org/0000-0003-1044-349X; https://orcid.org/0000-0001-9714-9554; https://orcid.org/0000-0003-3023-4863; https://orcid.org/0000-0002-4954-6392; https://orcid.org/0009-0001-3818-8761; https://orcid.org/0000-0001-6742-5853; https://orcid.org/0000-0001-8504-9839; https://orcid.org/0000-0001-8299-2629; https://orcid.org/0000-0002-7398-9476; https://orcid.org/0000-0003-4447-4104|['1471-2229']|1|201.0|43.0
ScienceDirect|Mohammad Akbar Faqeerzada; Eunsoo Park; Jinsu Lim; Kihyun Kim; Ramaraj Sathasivam; Sang Un Park; Hangi Kim; Byoung-Kwan Cho|||Development of multi-sensing technologies for high-throughput morphological, physiological, and biochemical phenotyping of drought-stressed watermelon plants|2025|Plant Physiology and Biochemistry|229|0||110577||0|1|https://doi.org/10.1016/j.plaphy.2025.110577|https://www.sciencedirect.com/science/article/pii/S0981942825011052|High-throughput plant phenotyping (HTPP) technologies are rapidly transforming plant science by enabling real-time, non-invasive, and large-scale monitoring of complex morphological, physiological, and biochemical traits. However, existing platforms often lack integration across sensing modalities and analytical depth necessary for early and comprehensive phenotypic trait analysis. In this study, we developed a fully automated, multimodal HTPP system combining RGB, shortwave infrared (SWIR) hyperspectral, multispectral fluorescence imaging (MSFI), and thermal imaging to characterize drought-stressed watermelon (Citrullus lanatus) plants. RGB imaging facilitated detailed morphological analysis by extracting color-based traits, quantifying plant height and canopy area, and accurately distinguishing growth stages. SWIR hyperspectral imaging (HSI) enabled non-invasive biochemical assessment by detecting drought-responsive compounds, such as flavonoids, phenolics, and antioxidant activities, while also supporting the classification of stress severity. This spectral profiling revealed key biochemical alterations triggered by water deficit. MSFI liquid crystal tunable filter (LCTF-based) measured chlorophyll a (Chl-a), chlorophyll b (Chl-b), and total chlorophyll (t-Chl) levels, providing critical insights into photosynthetic performance under drought stress. Thermal imaging further enhanced drought assessment by capturing canopy temperature variations, which were used to derive thermal indices for indirect estimation of soil volumetric water content (SVWC). By integrating complementary imaging modalities, the proposed system captured comprehensive phenotypic responses with high predictive accuracy for early detection of drought stress and assessment of plant health. Advanced machine learning (ML) and deep learning (DL) models further enhanced trait extraction and classification, enabling robust analysis of complex, high-dimensional data. This automated, multimodal platform offers scalable, non-invasive crop monitoring, providing precise insights to support drought resilience and precision agriculture.||Desconocido||||ScienceDirect||19; 21; 5; 3; 20; 57; 3; 46|200.0|Q1|https://orcid.org/0000-0002-1829-2502; https://orcid.org/0000-0003-4664-5587; https://orcid.org/0000-0003-1714-5831; https://orcid.org/0009-0005-9120-7764; https://orcid.org/0000-0002-3516-9274; https://orcid.org/0000-0003-2157-2246; https://orcid.org/0000-0002-8397-9853|['0981-9428', '1873-2690']|1|200.0|57.0
ScienceDirect|Chander Prakash; Lakhwinder Pal Singh; Ajay Gupta; Shiv Kumar Lohan|||Advancements in smart farming: A comprehensive review of IoT, wireless communication, sensors, and hardware for agricultural automation|2023|Sensors and Actuators A: Physical|362|0||114605||0|113|https://doi.org/10.1016/j.sna.2023.114605|https://www.sciencedirect.com/science/article/pii/S0924424723004545|Agriculture automation is a primary issue and a rapidly developing field for the nation. The global population is growing swiftly, so there is a severe need to fulfill food demand. Traditional farming methods are insufficient to meet the rising demand, so they pressure using fertilizers to increase crop productivity. That fall impacts agricultural activity; sometimes, land stays barren and lacks fertility. This paper is focused on the deep analysis of smart farming-related components such as the Internet of Things (IoT), wireless communication technology, sensors, and hardware. There is serious concern about selecting technology, sensors, and hardware in the different agriculture practices. This may result in an increase in mechanization among various agricultural practices in an easy way. This paper provides a systematic extensive review of the implication of automation in agriculture. And addressed how agricultural operations may benefit from modern sensors, wireless communication technologies, and hardware. Although, major challenges and components have been discussed. Moreover, future applications for crop health, human health, and machine health are also addressed in this study.||Desconocido||||ScienceDirect||6; 23; 18; 12|200.0|Q1|https://orcid.org/0000-0002-9897-2187; https://orcid.org/0000-0002-9004-145X; https://orcid.org/0000-0002-2952-6474; https://orcid.org/0000-0002-5886-3306|['0924-4247', '1873-3069']|1|200.0|23.0
ScienceDirect|Ramasamy Kanagaraj Murali-Baskaran; Palanisamy Mooventhan; Debanjan Das; Anil Dixit; Kailash Chander Sharma; Sengottayan Senthil-Nathan; Pankaj Kaushal; Probir Kumar Ghosh|||The future of plant volatile organic compounds (pVOCs) research: Advances and applications for sustainable agriculture|2022|Environmental and Experimental Botany|200|0||104912||0|54|https://doi.org/10.1016/j.envexpbot.2022.104912|https://www.sciencedirect.com/science/article/pii/S0098847222001344|Volatile organic compounds emitted by plants (pVOCs) protect themselves from abiotic and biotic stresses. Plants are under constant threats from biotic stress especially herbivores which facilitate plants to emit herbivore-induced plant volatiles (HIPVs), an inducible defense in plants against herbivores by communicating to herbivores’ natural enemies and neighboring plants. HIPVs are reported to act as feeding and/or oviposition deterrents to herbivores, belonging to four major groups including terpene/terpenoids, benzenoids and phenylpropanoids, the volatile fatty acid derivatives, and the volatile aminoacid derivatives. However, the plant volatile profiles induced by herbivores have been reported to be altered by silicon (Si)-fertilization, priming of plants with chemical elicitors and climate change which can induce plants to produce and emit novel plant volatiles that are not expressed by plants in response to damage by herbivory. Transgenic crops and/or sentinel crops with enhanced pVOCs emission profiles have been proposed to improve plant resistance, health and yields. Currently several technological advances in devices including field-portable electronic devices (e-Nose) and hand-held smartphone-based biosensors for in situ early detection of pVOCs profiles which are now available and supported by artificial intelligence (AI), to increase detection accuracy of these systems. The present review highlights the multi-dimension approaches emerging in pVOCs research for early and rapid detection of specific VOCs indicators as markers with associated plant biotic stressors.||Desconocido||||ScienceDirect||10; 7; 21; 7; 12; 54; 20; 45|195.0|Q1|https://orcid.org/0000-0002-0695-8389; https://orcid.org/0009-0009-9240-5980; https://orcid.org/0000-0002-3450-9767; https://orcid.org/0000-0003-0839-2021; https://orcid.org/0000-0003-4931-7896; https://orcid.org/0000-0003-1580-5883|['0098-8472', '1873-7307']|1|195.0|54.0
Scopus|Chen, D.; Lin, F.; Lu, C.; Zhuang, J.; Su, H.; Zhang, D.; He, J.|Chen, Dengjie (59075009700); Lin, Fan (59073938000); Lu, Caihua (59388495700); Zhuang, Junwei (59388825900); Su, Hongjie (59388578400); Zhang, Dehui (59388741800); He, Jincheng (57033143000)|59075009700; 59073938000; 59388495700; 59388825900; 59388578400; 59388741800; 57033143000|YOLOv8-MDN-Tiny: A lightweight model for multi-scale disease detection of postharvest golden passion fruit|2025|Postharvest Biology and Technology|219|0|113281|||0|22|10.1016/j.postharvbio.2024.113281|https://www.scopus.com/inward/record.uri?eid=2-s2.0-85207721786&doi=10.1016%2Fj.postharvbio.2024.113281&partnerID=40&md5=41ea3fd10abf2a4384966e673f07d493|Passion fruit, a commercially significant fruit crop, is easily infected by anthracnose and scab, which declines it economic value. However, at the present time, passion fruit quality grading is mainly judged by manual assessment, with strong subjectivity, poor efficiency and low accuracy. Intelligent classification of postharvest passion fruit is essential, with skin disease being a critical factor in grading fruit quality. In view of the shortcomings in traditional deep learning model, such as weak multi-scale detection ability and low accuracy, we propose a YOLOv8-MDN-Tiny model to improve the ability of passion fruit small-scale disease detection. The backbone layer is replaced by the self-made MFSO structure to expand the feature pixels of small target information and enrich their feature expression. An improved DyRep module is proposed to realize the interactive fusion of disease features at different scales and depths. NWD loss function is introduced to accurately measure the overlap of two bounding boxes. Finally, Slimming pruning and CWD are used to compress the model. Compared with YOLOv8s, our improved lightweight model achieves more accurate localization of small passion fruit targets. Specifically, the mAP<inf>50</inf> is increased by 2.2–94.8 %, the precision and recall are improved by 1.5 % and 6.0 %. Meanwhile, the number of model parameters and memory usage are decreased by 90.1 % and 88.9 %. The results technically support the disease detection in postharvest passion fruit and real-time grading of their quality. © 2024 Elsevier B.V.|Disease detection; Model compress; Small-scale; YOLOv8|Desconocido|Article|Final||Scopus|2-s2.0-85207721786|42; 2; 2; 25; 3; 26; 13|191.0|Q1|https://orcid.org/0000-0002-3234-7020; https://orcid.org/0009-0008-7481-9357; https://orcid.org/0009-0004-9804-696X; https://orcid.org/0000-0003-4390-1805|['0925-5214', '1873-2356']|1|191.0|42.0
ScienceDirect|David Gackstetter; Malte {von Bloh}; Veronika Hannus; Sebastian T. Meyer; Wolfgang Weisser; Claudia Luksch; Senthold Asseng|||Autonomous field management – An enabler of sustainable future in agriculture|2023|Agricultural Systems|206|0||103607||0|31|https://doi.org/10.1016/j.agsy.2023.103607|https://www.sciencedirect.com/science/article/pii/S0308521X23000124|"CONTEXT
Technological innovations in agriculture are mainly driven by the maxim: increase productivity at any costs. Today, in the face of climate change and an unprecedented loss of biodiversity, this approach is reaching its limits. Meeting global nutrition needs while achieving sustainability is one of the greatest challenges for modern agriculture.
OBJECTIVE
Autonomous field management represents the next evolutionary step in agricultural technology. It is characterized by an end-to-end automation of agricultural production processes and by that – for the first time in history - independence from labor constraints. Although literature has provided solutions for individual components of these new technological systems, integrating those components into a common, fully autonomous process has not yet been achieved.
METHODS
We analyzed the technological, agronomic, environmental, and related, interdisciplinary literature in the context of automated, and digital field crop management.
RESULTS AND CONCLUSION
The review shows the disruptive potential of fully autonomous, labor-independent crop management systems to guarantee the required food security by simultaneously allowing sustainable factors to be equally incorporated into the agricultural decision-making process. The integration of multifaceted objectives into a common decision-making process poses a great challenge to human farmers and their capacities. Liberated from labor constraints, autonomous systems have the potential to align decisions with the complex requirements of multiple − even contradicting – goals more easily, and to execute them accordingly without exhaustion. We show barriers that explain, why fully autonomous crop management is not yet present in today's agricultural practice, despite the fact that the majority of technological sub-components has reached a maturity stage beyond the proof of concept. Substantial technological progress will still be required with respect to the robustness in varying application settings and the standardization of interfaces to integrate diverse subsystems. For the adoption of autonomous cropping systems, societal engagement will be required including extensive research and discussion on public acceptance, legal frameworks, and the human farmers' future role as crucial success factors.
SIGNIFICANCE
Aligning autonomous cropping systems to domain-overarching objectives can make these technological solutions not only another, next stage of more efficiently producing technologies, but a game changer for new, environmentally sustainable cropping systems. Field management practice can leave the currently persisting, oversimplified management strategies, characterized by large-scale, and standardized field arrangements, toward more complex approaches with small-scale, diversely structured fields, which consider local particularities and the heterogeneity of the natural landscape."||Desconocido||||ScienceDirect||4; 3; 4; 41; 104; 2; 82|185.0|Q1|https://orcid.org/0000-0002-3410-4858; https://orcid.org/0000-0003-2762-5089; https://orcid.org/0000-0002-7384-3928; https://orcid.org/0000-0003-0833-1472; https://orcid.org/0000-0002-2757-8959; https://orcid.org/0000-0002-7583-3811|['0308-521X', '1873-2267']|1|185.0|104.0
ScienceDirect|Sanjeev Kumar; Ab Waheed Wani; Rupesh Kaushik; Harjinder Kaur; Djajadi Djajadi; Aniswatul Khamidah;  Saidah; Nada Alasbali; Maha Awjan Alreshidi; Mir Waqas Alam; Krishna Kumar Yadav; Atif Khurshid Wani|||Navigating the landscape of precision horticulture: Sustainable agriculture in the digital Age|2024|Scientia Horticulturae|338|0||113688||0|3|https://doi.org/10.1016/j.scienta.2024.113688|https://www.sciencedirect.com/science/article/pii/S0304423824008410|Automation, autonomy, and precision play vital roles in modern technology and procedures, especially in response to the rising global population and the need for improved fruit production technologies. The quality criteria for fruit yield are becoming increasingly complex, necessitating fundamental upgrades. Sensor-based technologies pave the way for more rational and efficient soil usage. Precision farming, an advanced agricultural approach, employs software technologies and principles to optimize various aspects of horticultural production. Its goal is to enhance crop yields and promote environmental sustainability by managing spatial and temporal variations. Precision horticulture, a cutting-edge farming method, focuses on increasing crop yields and quality while minimizing environmental impact. This approach leverages advanced technology and data-driven decision-making. By utilizing sensors, robots, drones, and other innovative tools for yield mapping, irrigation control, robotic harvesting, nutrient and pesticide application, soil sensing, and crop growth analysis, growers can monitor plant growth and health, identify potential issues, and make informed crop management decisions. Tailoring practices to specific plant needs can lead to higher yields, improved product quality, and reduced environmental impact. Overall, precision horticulture holds significant promise for promoting sustainable agricultural practices while meeting the increasing demand for food production.||Desconocido||||ScienceDirect||11; 5; 2; 21; 9; 5; 5; 1; 17; 31; 9; 25|183.0|Q1|https://orcid.org/0000-0001-5099-3002; https://orcid.org/0000-0001-8181-6885; https://orcid.org/0000-0002-7442-0097; https://orcid.org/0000-0003-0931-4519; https://orcid.org/0000-0002-2319-0121; https://orcid.org/0009-0003-9232-1839; https://orcid.org/0000-0001-5190-0103; https://orcid.org/0009-0008-7364-1948; https://orcid.org/0000-0002-8820-1231|['0304-4238', '1879-1018']|1|183.0|31.0
ScienceDirect|Ansar Ali; Muhammad Imran|||Remotely sensed real-time quantification of biophysical and biochemical traits of Citrus (Citrus sinensis L.) fruit orchards – A review|2021|Scientia Horticulturae|282|0||110024||0|26|https://doi.org/10.1016/j.scienta.2021.110024|https://www.sciencedirect.com/science/article/pii/S030442382100131X|Remote sensing provides accurate and cost-effective solution to quantify the biophysical and biochemical traits of citrus fruit orchards. Timely information on these traits can be used to design real-time computerized applications for site-specific orchard management, yield estimation, and scheduling precise and proper application of inputs thus growing net returns and optimizing resource utilization. Retrieval of these traits has been playing an important role during the last 30 years with steady improvement in remote sensing platforms and sensors and the techniques and methods forthwith. However, with dense canopy, variable illumination conditions and saturation effects caused by seasonal dynamics of leaf and canopy pigments combined with high year-round leaf density pose challenges for the accurate and precise inference of biophysical and biochemical traits in citrus fruit orchards. Concerning these challenges in the pursuit of earth observation, the present paper aims to provide a comprehensive and in-depth review of the remotely sensed technologies and applications for real-time and state-of-the-science retrieval of biophysical and biochemical traits of citrus fruit orchards. Establishing a database of citrus traits at leaf, canopy and orchard level is very important for future smart agriculture to help farmers for site-specific orchard management, plan farm management practices, selection of best cultivars, scheduling precise and proper application of inputs in citrus production paradigm; thus growing net returns and optimize resource utilization. Technical methods for different levels of remote sensing acquisition have also been elaborated highlighting the current situation of citrus traits acquired by remote sensing.||Desconocido||||ScienceDirect||10; 19|183.0|Q1|https://orcid.org/0000-0001-7045-4970; https://orcid.org/0000-0002-0948-5329|['0304-4238', '1879-1018']|1|183.0|19.0
ScienceDirect|Kenneth Happy; Yeongjun Ban; Joyce Mudondo; Ariranur Haniffadli; Roggers Gang; Kyeong-OK Choi; Endang Rahmat; Denis Okello; Richard Komakech; Youngmin Kang|||SMART-HERBALOMICS: An innovative multi-omics approach to studying medicinal plants grown in controlled systems such as phytotrons|2025|Phytomedicine|148|0||157303||0|3|https://doi.org/10.1016/j.phymed.2025.157303|https://www.sciencedirect.com/science/article/pii/S0944711325009420|"Background
Traditional medicine has supported human health for centuries. However, its dependence on wild-sourced medicinal plants now poses serious threats to biodiversity, with over 90 % of these species harvested directly from their natural habitat. Overexploitation and increasing global demand have accelerated the depletion of medicinal plant genetic resources, raising concerns about extinction and long-term sustainability.
Purpose
This review introduces “Smart-Herbalomics (SH),” a novel interdisciplinary approach that merges traditional herbal knowledge with modern scientific methods. This review aims to ensure a sustainable use and conservation of medicinal plants while enhancing their therapeutic efficacy and safety. SH integrates advanced plant identification, propagation in controlled environments (e.g., phytotron and smart farms), and standardization protocols to maintain genetic integrity and bioactive compound consistency. Additionally, this novel approach incorporates cell-based assays for cytotoxicity and mechanistic evaluation, animal models for preclinical safety and efficacy assessment, and clinical trials for human validation. Additionally, multi-omics tools, including genomics, transcriptomics, metabolomics, and proteomics, help uncover the molecular basis of herbal actions.
Method
Data were collected through a comprehensive literature review using electronic databases such as PubMed, Google Scholar, Scopus, AMED, and the Cochrane Library. Key search terms included “Herbalomics,” “Pharmacology,” “Pharmacognosy,” “Multi-Omics,” “Botany,” “Safety and Toxicity,” “Herb Formulation,” and “Medicinal Plant Species.”
Conclusion
This article introduces SH for the first time as an integrative approach that offers a comprehensive and sustainable pathway to develop standardized, safe, and evidence-based herbal therapies. It bridges the fields of ethnopharmacology and pharmaceutical innovation, supporting the future of personalized, eco-conscious healthcare."||Desconocido||||ScienceDirect||2; 4; 2; 4; 6; 27; 11; 18; 16; 24|169.0|Q1|https://orcid.org/0009-0005-6901-0260; https://orcid.org/0009-0007-4996-4811; https://orcid.org/0000-0003-2636-0103; https://orcid.org/0009-0009-7527-4552; https://orcid.org/0000-0003-2631-5986; https://orcid.org/0000-0001-9023-924X; https://orcid.org/0000-0003-0184-6115|['0944-7113', '1618-095X']|1|169.0|27.0
Scopus|Szechynska-Hebda, M.; Hoĺownicki, R.; Doruchowski, G.; Sas, K.; Puławska, J.; Jarecka Boncela, A.; Ptaszek, M.; Włodarek, A.|Szechynska-Hebda, Magdalena (6506616084); Hoĺownicki, R. (6506641226); Doruchowski, Grzegorz (6506357062); Sas, Konrad (60013878800); Puławska, Joanna (6602464748); Jarecka Boncela, A. (55175638800); Ptaszek, Magdalena (36975850000); Włodarek, Agnieszka (57193065543)|6506616084; 6506641226; 6506357062; 60013878800; 6602464748; 55175638800; 36975850000; 57193065543|Application of Hyperspectral Imaging for Early Detection of Pathogen-Induced Stress in Cabbage as Case Study|2025|Agronomy|15|7|1516|||0|2|10.3390/agronomy15071516|https://www.scopus.com/inward/record.uri?eid=2-s2.0-105011639459&doi=10.3390%2Fagronomy15071516&partnerID=40&md5=d1ef021c5797b11d9919314ecd877c95|Cabbage (Brassica oleracea L.) is a globally significant vegetable crop that faces productivity challenges due to fungal and bacterial pathogens. This review highlights the potential of spectral imaging techniques, specifically multispectral and hyperspectral methods, in detecting biotic stress in cabbage, with a particular emphasis on pathogen-induced responses. These non-invasive approaches enable real-time assessment of plant physiological and biochemical changes, providing detailed spectral data to identify pathogens before visible symptoms appear. Hyperspectral imaging, with its high spectral resolution, allows for distinctions among different pathogens and the evaluation of stress responses, whereas multispectral imaging offers broad-scale monitoring suitable for field-level applications. The work synthesizes research in the existing literature while presenting novel experimental findings that validate and extend current knowledge. Significant spectral changes are reported in cabbage leaves infected by Alternaria brassicae and Botrytis cinerea. Early-stage detection was facilitated by alterations in flavonoids (400–450 nm), chlorophyll (430–450, 680–700 nm), carotenoids (470–520 nm), xanthophyll (520–600 nm), anthocyanin (550–560 nm, 700–710 nm, 780–790 nm), phenols/mycotoxins (700–750 nm, 718–722), water/pigments content (800–900 nm), and polyphenols/lignin (900–1000). The findings underscore the importance of targeting specific spectral ranges for early pathogen detection. By integrating these techniques with machine learning, this research demonstrates their applicability in advancing precision agriculture, improving disease management, and promoting sustainable production systems. © 2025 by the authors.|biochemical cell components; physiological responses; plant diseases; spectral imaging|bacterium; biochemical composition; cell component; disease control; early warning system; multispectral image; pathogen; physiological response; plant community; spectral analysis; vegetable|Review|Final|All Open Access; Gold Open Access|Scopus|2-s2.0-105011639459|29; 11; 14; 1; 25; 5; 9; 3|149.0|Q1|https://orcid.org/0000-0002-6041-6521; https://orcid.org/0000-0001-8002-8959; https://orcid.org/0000-0002-4413-6474; https://orcid.org/0009-0008-5666-9383; https://orcid.org/0000-0001-5327-1056; https://orcid.org/0000-0002-0326-148X; https://orcid.org/0000-0002-4738-3681; https://orcid.org/0000-0001-6501-9317|['2073-4395']|1|149.0|29.0
Scopus|Garg, S.; Singh, P.|Garg, Shankey (57208233637); Singh, Pradeep (55568517785)|57208233637; 55568517785|An aggregated loss function based lightweight few shot model for plant leaf disease classification|2023|Multimedia Tools and Applications|82|15||23797.0|23815.0|0|13|10.1007/s11042-023-14372-7|https://www.scopus.com/inward/record.uri?eid=2-s2.0-85147766969&doi=10.1007%2Fs11042-023-14372-7&partnerID=40&md5=f3ee459356715607342c30098d2c3781|In India, a significant portion of the annual crop is lost due to plant diseases. It is required to monitor agriculture’s growth and health status of plants to help farmers take prompt actions regarding any plant disease. An automatic plant disease classification algorithm is necessary to identify and prevent plant diseases at an early stage. This paper aims to classify plant diseases using a lightweight transfer learning model using only a few samples. Few-shot classification aims to identify unseen classes while training with small labeled data. The proposed work uses an aggregated loss function formed by the combination of triplet loss and cross-entropy loss with MobileNetV2 as a base model for the effective classification of plant disease using small samples. Two publicly available datasets (PlantVillage having 54,303 leaf samples and Plantdoc having 2598 Leaf samples) were considered for the evaluation of the proposed work. Different domain splits were considered to divide the dataset into the source, and target domains, and a large quantum of experimentation is conducted on the target dataset considering various sample sizes. For the analysis of plantvillage dataset, four domain splits were considered, and it is found that an average improvement in accuracy, when compared with recent work, is 1.49% for split-1, 16.25% for split-2, 2.9% for split-3, and 2.1%for split-4 using the proposed aggregated loss and the lightweight transfer learning model for the target domain data (K-ways, N-shot). Two domain splits were considered for the plantdoc dataset, and it gives an accuracy of around 81% using 30 samples and more than 40% using only 1 sample. The proposed work is compared with several state-of-the-art works using different evaluation metrics like, loss functions, execution time, model size, and model parameters. © 2023, The Author(s), under exclusive licence to Springer Science+Business Media, LLC, part of Springer Nature.|Deep learning; Few-shot classification; Lightweight models; Loss function|Deep learning; Function evaluation; Large dataset; Learning systems; Disease classification; Few-shot classification; Learning models; Lightweight model; Loss functions; Plant disease; Shot classification; Target domain; Transfer learning; Agriculture|Article|Final||Scopus|2-s2.0-85147766969|5; 21|145.0|Q1|https://orcid.org/0000-0001-7629-7048; https://orcid.org/0000-0002-2806-8432|['1380-7501', '1573-7721']|1|145.0|21.0
Scopus|Ceasovschih, A.; Şorodoc, V.; Covantsev, S.; Balta, A.; Uzokov, J.; Kaiser, S.E.; Almaghraby, A.; Lionte, C.; Statescu, C.; Sascau, R.A.; Onofrei, V.; Haliga, R.E.; Stoica, A.; Bologa, C.; Ailoaei, Ș.; Sener, Y.Z.; Kounis, N.G.; Sorodoc, L.|Ceasovschih, Alexandr (57205407923); Şorodoc, Victoriţa (16200021400); Covantsev, Serghei (57892290800); Balta, Anastasia (57961602400); Uzokov, J. K. (57209850824); Kaiser, Sérgio Emanuel (7103104931); Almaghraby, Abdallah Mostafa (56820237700); Lionte, Catalina (24449321600); Statescu, Cristian (6505732692); Sascau, Radu Andy (14833353100); Onofrei, Viviana (58845136100); Haliga, Raluca Ecaterina (14020979800); Stoica, Alexandra (57203009233); Bologa, Cristina (16634682300); Ailoaei, Ștefan (57222606463); Sener, Yusuf Ziya (56221991300); Kounis, Nicholas George (7007090641); Sorodoc, Laurentiu P. (6602918612)|57205407923; 16200021400; 57892290800; 57961602400; 57209850824; 7103104931; 56820237700; 24449321600; 6505732692; 14833353100; 58845136100; 14020979800; 57203009233; 16634682300; 57222606463; 56221991300; 7007090641; 6602918612|Electrocardiogram Features in Non-Cardiac Diseases: From Mechanisms to Practical Aspects|2024|Journal of Multidisciplinary Healthcare|17|0||1695.0|1719.0|0|13|10.2147/JMDH.S445549|https://www.scopus.com/inward/record.uri?eid=2-s2.0-85192446103&doi=10.2147%2FJMDH.S445549&partnerID=40&md5=3a12dd8c84a94249c53af37c40eec1d1|Despite the noteworthy advancements and the introduction of new technologies in diagnostic tools for cardiovascular disorders, the electrocardiogram (ECG) remains a reliable, easily accessible, and affordable tool to use. In addition to its crucial role in cardiac emergencies, ECG can be considered a very useful ancillary tool for the diagnosis of many non-cardiac diseases as well. In this narrative review, we aimed to explore the potential contributions of ECG for the diagnosis of non-cardiac diseases such as stroke, migraine, pancreatitis, Kounis syndrome, hypothermia, esophageal disorders, pulmonary embolism, pulmonary diseases, electrolyte disturbances, anemia, coronavirus disease 2019, different intoxications and pregnancy. © 2024 Ceasovschih et al.|ECG; electrocardiogram; electrocardiography; features; non-cardiac diseases|acaricide; acebutolol; acetylcholinesterase; amiodarone; amlodipine; amylase; angiotensin receptor antagonist; brain natriuretic peptide; carboxyhemoglobin; cardiac glycoside; chymase; creatine kinase; creatinine; diltiazem; dipeptidyl carboxypeptidase inhibitor; epinephrine; ferritin; furosemide; myoglobin; nifedipine; nitric oxide; noradrenalin; sotalol; spironolactone; troponin; troponin I; tryptase; verapamil; abdominal pain; acute cholecystitis; acute coronary syndrome; acute heart infarction; acute kidney failure; acute pancreatitis; adult respiratory distress syndrome; alcohol intoxication; Amanita phalloides; anaphylaxis; anemia; angina pectoris; arrhythmogenic right ventricular dysplasia; artificial intelligence; artificial ventilation; atherosclerosis; atrial fibrillation; atrioventricular block; atrioventricular conduction; bradycardia; brain hemorrhage; bronchoconstriction; Brugada syndrome; calcium blood level; cardiac patient; cardiomegaly; cardiovascular disease; cardioversion; cerebrovascular accident; cholecystitis; computed tomographic angiography; computer assisted tomography; congenital heart disease; coronary angiography; coronary artery blood flow; coronary artery disease; coronary artery spasm; coronary artery thrombosis; coronavirus disease 2019; depression; diastolic dysfunction; digitalis intoxication; disease severity; dysbiosis; dyspnea; echocardiography; electric resistance; electrocardiogram; electrocardiography; electrocardiography monitoring; electrolyte blood level; electrolyte disturbance; endothelial dysfunction; epicardial fat; esophagus disease; essential tremor; female; ferritin blood level; gap junction; gastrointestinal hemorrhage; headache; heart arrest; heart arrhythmia; heart atrium flutter; heart disease; heart failure; heart failure with reduced ejection fraction; heart injury; heart muscle fibrosis; heart muscle injury; heart palpitation; heart rate; heart repolarization; heart ventricle arrhythmia; heart ventricle conduction; heart ventricle fibrillation; heart ventricle tachycardia; heartburn; hepatic encephalopathy; horticulture; hospital mortality; hospitalization; human; hypercalcemia; hyperkalemia; hypermagnesemia; hypertension; hypertrophic cardiomyopathy; hypocalcemia; hypoglycemia; hypokalemia; hypomagnesemia; hyponatremia; hypotension; hypothermia; hypovolemia; hypoxia; insula; iron deficiency anemia; ischemic cardiomyopathy; Kounis syndrome; left ventricular hypertrophy; long QT syndrome; lung embolism; lung insufficiency; lung vasoconstriction; magnesium blood level; major clinical study; male; megalocytosis; meta analysis; migraine; myocarditis; nerve block; osmotic stress; oxidative stress; P wave; pancreatitis; parasympathetic tone; pericarditis; pregnancy; prevalence; primary hyperaldosteronism; pulmonary hypertension; QRS complex; QRS interval; QT interval; QT prolongation; QTc interval; restenosis; resuscitation; retrospective study; review; Review; right ventricular hypertrophy; risk factor; sepsis; sinus bradycardia; sinus rhythm; sinus tachycardia; ST segment depression; ST segment elevation; ST segment elevation myocardial infarction; stent thrombosis; subarachnoid hemorrhage; sudden cardiac death; supraventricular tachycardia; systematic review; T wave; T wave inversion; tachycardia; telemetry; thorax pain; thrombocyte activation; urticaria; vaginal delivery; vasospasm; ventricular hypertrophy|Review|Final|All Open Access; Gold Open Access; Green Accepted Open Access; Green Open Access|Scopus|2-s2.0-85192446103|15; 16; 14; 4; 13; 26; 15; 16; 20; 21; 11; 9; 12; 10; 5; 12; 33; 18|74.0|Q1|https://orcid.org/0000-0002-0043-9051; https://orcid.org/0000-0003-1721-2360; https://orcid.org/0000-0001-7236-5699; https://orcid.org/0000-0003-1550-0262; https://orcid.org/0000-0003-4452-3391; https://orcid.org/0000-0003-0904-8564; https://orcid.org/0000-0001-6541-0850; https://orcid.org/0000-0002-0525-0645; https://orcid.org/0000-0001-6439-4561; https://orcid.org/0000-0002-5260-7520; https://orcid.org/0000-0002-2762-0918; https://orcid.org/0000-0002-4674-5580; https://orcid.org/0000-0002-5024-3030; https://orcid.org/0000-0003-4779-877X; https://orcid.org/0000-0001-5151-5133; https://orcid.org/0000-0002-9751-6710; https://orcid.org/0000-0002-7878-2300|['1178-2390']|1|74.0|33.0
Scopus|Yehulu, G.T.; Walle, Y.M.; Haile, M.B.; Yohannes, S.T.; Tegegne, A.G.; Tesfaye, D.G.; Baye, G.A.|Yehulu, Getachew Tadesse (60121041800); Walle, Yelkal Mulualem (57205243619); Haile, Melaku Bitew (57700467400); Yohannes, Surafel Tsegaye (60120993200); Tegegne, Andargie Geteneh (59811370300); Tesfaye, Destaw Gizaw (60177006700); Baye, Getachew Alemu (59912370400)|60121041800; 57205243619; 57700467400; 60120993200; 59811370300; 60177006700; 59912370400|Mango fruit disease detection and classification using MobileNetV3_large model|2025|Scientific African|30|0|e03061|||0|0|10.1016/j.sciaf.2025.e03061|https://www.scopus.com/inward/record.uri?eid=2-s2.0-105020743938&doi=10.1016%2Fj.sciaf.2025.e03061&partnerID=40&md5=26dcb5d4d09f1abadb9e28b0318460c4|Mangoes are appreciated globally for their flavor, nutritional value, and economic significance, which are one of the most significant tropical fruit crops. Various fruit diseases also negatively impact mango production, decreasing yield and quality. This shows the critical necessity for precise and timely disease identification. This study targets the issue of a lack of effective automated diagnosis tools and a lack of research on diseases affecting the mango fruit rather than the leaves. To effectively identify and categorize the main diseases of mango fruit, such as Alternaria, Anthracnose, Black Mold Rot, and Stem-End Rot, a deep learning model had to be developed. A publicly available Kaggle dataset was used and augmented to 8297 samples to enhance generalization. The preprocessing phase involved background removal, image resizing, noise reduction, and z-score normalization to improve image quality and maintain consistency. Features were obtained using a customized MobileNetV3-Large architecture that significantly reduced the number of trainable parameters from 5507,432 to 566,325 and the model size from 21.8 MB to 6.29 MB, making it highly suitable for deployment on mobile and resource-constrained devices. Featured extracts were classified using the XGBoost algorithm, developing a hybrid MobileNetV3-Large–XGBoost model. Experiment results showed 98.95 % test accuracy, reflecting excellent reliability and precision in disease detection. Findings show that the proposed model not only enhances automatic fruit disease detection but also provides a viable solution for real-time disease monitoring and control. The deployment's potential helps farmers and agricultural experts with the capability to detect early infection, reduce crop loss, improve disease management approaches, and enhance sustainable mango growth. © 2025 The Authors|Deep learning model; Feature extraction; Image-based diagnosis; Smart agriculture; XGBoost classifier|Desconocido|Article|Final|All Open Access; Gold Open Access; Green Accepted Open Access; Green Open Access|Scopus|2-s2.0-105020743938|0; 4; 4; 0; 1; 0; 1|67.0|Q1|https://orcid.org/0000-0003-4861-2682; https://orcid.org/0000-0002-7404-2479|['2468-2276']|1|67.0|4.0
Scopus|Sajitha, P.; A.; Anand, N.; Lublóy, E.|Sajitha, P. (57751697400); Anand, N. (55383361600); Lublóy, Éva Eszter (54941360800)|57751697400; 60244843700; 55383361600; 54941360800|Channel-attentive YOLOv5 and capsule auto-encoder for pomegranate disease detection|2026|Egyptian Informatics Journal|33|0|100877|||0|0|10.1016/j.eij.2025.100877|https://www.scopus.com/inward/record.uri?eid=2-s2.0-105025162296&doi=10.1016%2Fj.eij.2025.100877&partnerID=40&md5=fff62de740acb05d9f911e70c9dc561a|Fruits are the most vital items of global diets because of their rich nutritional value, thereby providing very high demand and agricultural revenues to the economy. Among the fruit crops, pomegranate is a valuable one due to its highest antioxidant potential. However, most crops of pomegranate suffer from diseases, which greatly reduce agricultural yield and productivity. Thus, along with the increasing demand of the fruit, early detection as well as classification of diseases will prove very crucial in boosting the yield and taking appropriate measures for prevention. We propose a segmentation-based model using deep learning in this paper to conduct disease identification in pomegranates The process begins with pre-processing images that is primarily an activity of cropping and resizing of the images, followed by enhanced Wiener filtering, which eliminates noise and enhances the clarity of the images The preprocessed images are then further segmented using a CA_YV5GC algorithm, (Channel Attentive YOLOv5-based Grab Cut), which isolates diseased regions from the images. Then the optimized ResNet-152 network is applied to acquire the fundamental features embedding the texture along with the shape characteristics which could identify ailments related symptoms. Coati Optimization is applied to choose the most dominant features in the lower dimensional representation of the extracted information for the classification of the disease. Ultimately, classification is performed using a Deep Capsule Canonical Auto-encoder (DC_CAENet) to classify the disease type with higher accuracy. Adaptive Osprey Optimization is used to optimize the parameters of the model. The existing methods are compared with that results proved this technique to be more accurate and efficient as compared to traditional techniques. © 2025|Auto-encoder; Canonical; Channel attentive YOLOv5; Fruit disease segmentation; Grab cut; Residual-152; Wiener filtering|Agricultural economics; Antioxidants; Classification (of information); Crops; Deep learning; Diseases; Error detection; Fruits; Image segmentation; Nutrition; Textures; Wiener filtering; Auto encoders; Canonical; Channel attentive YOLOv5; Disease detection; Fruit disease segmentation; Grab cut; Nutritional value; Optimisations; Residual-152; Wiener-filtering; Image enhancement|Article|Final|All Open Access; Gold Open Access|Scopus|2-s2.0-105025162296|5; 21; 29; 25|59.0|Q1|https://orcid.org/0000-0003-0001-2733; https://orcid.org/0000-0001-7643-9747; https://orcid.org/0000-0001-9628-1318|['1110-8665', '2090-4754']|1|59.0|29.0
ScienceDirect|Nikolaos Giakoumoglou; Eleni Kalogeropoulou; Christos Klaridopoulos; Eleftheria Maria Pechlivani; Panagiotis Christakakis; Emilia Markellou; Nikolaos Frangakis; Dimitrios Tzovaras|||Early detection of Botrytis cinerea symptoms using deep learning multi-spectral image segmentation|2024|Smart Agricultural Technology|8|0||100481||0|18|https://doi.org/10.1016/j.atech.2024.100481|https://www.sciencedirect.com/science/article/pii/S2772375524000868|Botrytis cinerea is an airborne plant pathogen that causes grey mould disease on horticultural crops, such as tomato, cucumber, pepper, and more. Early detection is crucial for timely and effective strategies for crop loss prevention. In this study, in planta assays were set up enabling a thorough assessment of grey mould progress on cucumber plants both artificially inoculated with two different inoculation methods, and naturally infected throughout the whole growing season of the host under controlled conditions simulating the environment typically prevailing in greenhouses. Multi-spectral imaging was used to capture a novel dataset across various spectral bands containing multiple stages of infection. Deep learning (DL) segmentation architectures, combined with Convolutional Neural Networks (CNNs) and Vision Transformers (ViTs) encoders, were employed to identify B. cinerea at various infection stages. The U-Net++ model with a MobileViT-S encoder performed best, achieving a Dice Coefficient (DC) of 0.677, an Intersection over Union (IoU) of 0.656, and a recall rate of 0.807, with a high overall accuracy of 90.1 %. In regards to early detection, the model achieves an IoU of 0.375 on 2nd day post inoculation (dpi), 0.230 on 1st dpi and 0.437 on the 6th dpi. The infection stages were compared to similar visible symptoms of physiological decline or plant responses to abiotic stress. The outcomes of this study demonstrate an important advance in the Artificial Intelligence (AI) plant health detection, for early crop disease diagnosis.||Desconocido||||ScienceDirect||9; 4; 4; 12; 5; 18; 5; 52|51.0|Q1|https://orcid.org/0000-0002-3216-5454; https://orcid.org/0000-0002-7558-7120; https://orcid.org/0000-0003-4658-1536; https://orcid.org/0000-0001-6385-2815; https://orcid.org/0009-0008-3766-6320; https://orcid.org/0000-0003-1328-2441; https://orcid.org/0000-0001-6915-6722|['2772-3755']|1|51.0|52.0
Scopus|Zhang, J.; Zhang, Q.; Tan, Y.; Wang, M.; Zhang, X.; Li, H.; Zhao, R.; Yu, J.|Zhang, Jinmeng (58958936600); Zhang, Qian (55548736700); Tan, Yarong (58958628600); Wang, Ming (57209579937); Zhang, Xining (59383428800); Li, Hao (60078287700); Zhao, Ruifang (60078008700); Yu, Jinying (58958031900)|58958936600; 55548736700; 58958628600; 57209579937; 59383428800; 60078287700; 60078008700; 58958031900|Advances in hyperspectral imaging-based non-destructive assessment of tomato quality attributes|2025|Smart Agricultural Technology|12|0|101534|||0|0|10.1016/j.atech.2025.101534|https://www.scopus.com/inward/record.uri?eid=2-s2.0-105019931593&doi=10.1016%2Fj.atech.2025.101534&partnerID=40&md5=b859c7c5827977523d741b6bc9541c6f|Tomato (Solanum lycopersicum L.), the world's second most economically significant horticultural crop, faces persistent quality assessment limitations due to conventional destructive methods and subjective inspections. Consequently, rapid non-destructive techniques for evaluating key quality attributes are essential to enhance postharvest management and market competitiveness. Hyperspectral imaging (HSI) addresses this need by acquiring spatially resolved spectral data across the biochemically critical 400–2500 nm range, capturing signatures of key attributes like lycopene and soluble solids. This technology demonstrates considerable potential for non-destructive agricultural assessment, enabling: high-accuracy maturity grading via pigment dynamics; ultra-early detection of asymptomatic diseases (e.g., latent fungal infections); quantitative nutritional component prediction; and reliable internal defect identification. These capabilities collectively enhance postharvest quality control. This review systematically evaluates advanced data preprocessing methods, feature extraction techniques, and deep learning models for their contributions to enhanced detection accuracy and system robustness. Nevertheless, challenges persist regarding hardware miniaturization, environmental resilience, model generalizability across diverse cultivars and growth environments, and real-time in-field implementation. Future efforts should prioritize developing integrated field-portable HSI platforms, multi-sensor fusion strategies, environmentally adaptive algorithms, and efficient AI architectures to bridge the gap between laboratory research and scalable industrial applications. Such advancements will critically underpin next-generation precision agriculture systems for robust tomato quality assurance and significant loss reduction. © 2025 The Authors. Published by Elsevier B.V. This is an open access article under the CC BY-NC license. http://creativecommons.org/licenses/by-nc/4.0/|Disease detection; Hyperspectral imaging; Maturity detection; Non-destructive detection; Tomato quality|Desconocido|Review|Final|All Open Access; Gold Open Access; Green Accepted Open Access; Green Open Access|Scopus|2-s2.0-105019931593|4; 17; 2; 6; 4; 46; 3; 10|51.0|Q1|https://orcid.org/0009-0005-6666-7646; https://orcid.org/0000-0002-6796-5419; https://orcid.org/0000-0002-7741-547X; https://orcid.org/0000-0003-0906-7386; https://orcid.org/0000-0002-6294-6761; https://orcid.org/0009-0000-4122-9766; https://orcid.org/0000-0003-2636-2272|['2772-3755']|1|51.0|46.0
ScienceDirect|Sheikh Mansoor; Ekanayaka M.B.M. Karunathilake; Thai Thanh Tuan; Yong Suk Chung|||Genomics, phenomics, and machine learning in transforming plant research: Advancements and challenges|2025|Horticultural Plant Journal|11|2||486|503|0|36|https://doi.org/10.1016/j.hpj.2023.09.005|https://www.sciencedirect.com/science/article/pii/S2468014124000098|Advances in gene editing and natural genetic variability present significant opportunities to generate novel alleles and select natural sources of genetic variation for horticulture crop improvement. The genetic improvement of crops to enhance their resilience to abiotic stresses and new pests due to climate change is essential for future food security. The field of genomics has made significant strides over the past few decades, enabling us to sequence and analyze entire genomes. However, understanding the complex relationship between genes and their expression in phenotypes - the observable characteristics of an organism - requires a deeper understanding of phenomics. Phenomics seeks to link genetic information with biological processes and environmental factors to better understand complex traits and diseases. Recent breakthroughs in this field include the development of advanced imaging technologies, artificial intelligence algorithms, and large-scale data analysis techniques. These tools have enabled us to explore the relationships between genotype, phenotype, and environment in unprecedented detail. This review explores the importance of understanding the complex relationship between genes and their expression in phenotypes. Integration of genomics with efficient high throughput plant phenotyping as well as the potential of machine learning approaches for genomic and phenomics trait discovery.||Desconocido||||ScienceDirect||29; 2; 7; 38|51.0|Q1|https://orcid.org/0000-0003-1902-4611; https://orcid.org/0000-0003-2748-0529; https://orcid.org/0000-0003-3121-7600|['2095-9885', '2468-0141']|1|51.0|38.0
Scopus|Bezabih, Y.A.; Ayalew, A.M.; Abuhayi, B.M.; Nigussie, T.N.; Awoke, E.A.; Mengistu, T.E.|Bezabih, Yohannes Agegnehu (58514216600); Ayalew, Aleka Melese (57435145000); Abuhayi, Biniyam Mulugeta (58182203400); Nigussie, Tensay (58902392700); Awoke, Eshete Ayenew (59141793800); Mengistu, Taye Endeshaw (59140813100)|58514216600; 57435145000; 58182203400; 58902392700; 59141793800; 59140813100|Classification of mango disease using ensemble convolutional neural network|2024|Smart Agricultural Technology|8|0|100476|||0|24|10.1016/j.atech.2024.100476|https://www.scopus.com/inward/record.uri?eid=2-s2.0-85194055531&doi=10.1016%2Fj.atech.2024.100476&partnerID=40&md5=1bc9e4e915a1e2a388c63b394beb8acf|Mango is a highly significant fruit crop that thrives in a variety of agro-ecologies around the world. Mangoes are rich in vitamins and minerals. However, its yield is currently severely constrained due to disease and pest infestations. Thus, in order to improve mango fruit quality and productivity, illnesses and insect pests must be detected early on. In this study, we conceived and constructed a mango leaf disease detection mechanism utilizing an ensemble convolutional neural network approach. Healthy and diseased mango leaf images were manually obtained from main producing locations in Amhara Region for Merawi fruit and vegetable research identification. To improve the datasets, several pre-processing procedures (such as image resizing, noise reduction, and image augmentation) were used. To improve classification performance and meet the study's purpose, various segmentation approaches such as k means and Mask R-CNN were applied. Furthermore, following pre-processing and segmentation, features of mango leaf images were retrieved using CNN to obtain important features. The classification model was then constructed using fully-connected layer classifiers on the retrieved features of mango leaf images. The ensemble proposed GoogLeNet and VGG16 based CNN model in the study encompasses various operations, including dataset collection, image preprocessing, noise removal, segmentation, data augmentation, feature extraction, and classification. Upon testing, the model demonstrated impressive performance with 99.87 % training classification accuracy, 99.72 % validation accuracy, and 99.21 % testing accuracy. This indicates the effectiveness of the ensemble approach in achieving high accuracy in image classification tasks. © 2024 The Authors|Classification mango disease; Convolutional neural network model; Digital imaging|Desconocido|Article|Final|All Open Access; Gold Open Access|Scopus|2-s2.0-85194055531|8; 9; 8; 1; 1; 1|51.0|Q1|https://orcid.org/0000-0001-5869-6029; https://orcid.org/0000-0003-3717-5499|['2772-3755']|1|51.0|9.0
ScienceDirect|Muhammad Ahtasham Mushtaq; Muhammad Ateeq; Muhammad Ikram; Shariq Mahmood Alam; Muhammad Mohsin Kaleem; Muhammad Atiq Ashraf; Muhammad Asim; Khalid F. Almutairi; Mahmoud F. Seleiman; Fareeha Shireen|||Securing fruit trees future: AI-driven early warning and predictive systems for abiotic stress in changing climate|2025|Plant Stress|17|0||100953||0|10|https://doi.org/10.1016/j.stress.2025.100953|https://www.sciencedirect.com/science/article/pii/S2667064X25002210|Horticultural fruit crops are important product for global food security as they provide important macro and micronutrients. Emerging abiotic stresses—drought, salinity, temperature extremes, and waterlogging—threaten crop productivity by disrupting key physiological processes, challenging sustainable agriculture under climate change. Traditionally, these challenges are tackled through physiological strategies and conventional breeding methods; which lacks scalability, adaptability, and real-time feedback. Advancement in technology, distinctly artificial intelligence (AI), and machine learning have revolutionized precision farming in agriculture. AI integrated approaches such as stress prediction, irrigation optimization, and image-based phenotyping have enhanced agriculture, while machine learning models like Random Forest and Gradient Boosting improve stress management. However, the acquiring of such AI based system in horticultural crops still faces numerous challenges. Specifically, multi-omics, data accessibility, algorithmic biases, the cost of implementation and requirements for robust training programs need to integrate for sustainable agriculture. Addressing these barriers is essential to enable the effective integration of AI technologies for resilient, carbon-neutral fruit production under climate stress. This review highlights recent developments in AI-driven stress detection, predictive modeling, remote sensing, and machine learning frameworks that support precision horticulture and climate-smart agriculture.||Desconocido||||ScienceDirect||3; 22; 20; 10; 6; 11; 14; 23; 46; 11|49.0|Q1|https://orcid.org/0000-0002-9938-9268; https://orcid.org/0000-0002-5877-3837; https://orcid.org/0000-0001-5416-6418; https://orcid.org/0009-0006-9147-8270; https://orcid.org/0000-0002-6175-6253; https://orcid.org/0000-0001-5507-198X; https://orcid.org/0000-0002-0826-4241; https://orcid.org/0000-0003-4779-9414; https://orcid.org/0000-0002-4466-9860|['2667-064X']|1|49.0|46.0
Scopus|Joshi, K.; Hooda, S.; Yadav, Y.; Singh, G.; Nehra, A.; Tuteja, N.; Gill, R.; Gill, S.S.|Joshi, Kamaldeep (57189352052); Hooda, Sahil (59511600400); Yadav, Yashasvi (60098715000); Singh, Gurdiyal (57863284600); Nehra, Ashima (57215487667); Tuteja, Narendra (7003498401); Gill, Ritu (55778701600); Gill, Sarvajeet Singh (36097852000)|57189352052; 59511600400; 60098715000; 57863284600; 57215487667; 7003498401; 55778701600; 36097852000|Genetic algorithm enhanced deep learning with data augmentation for nitrogen and potassium deficiency detection in eggplant|2025|Current Plant Biology|44|0|100546|||0|1|10.1016/j.cpb.2025.100546|https://www.scopus.com/inward/record.uri?eid=2-s2.0-105015974384&doi=10.1016%2Fj.cpb.2025.100546&partnerID=40&md5=010390595d03261217b649f458300d80|The quality of horticultural crops is significantly crucial for agricultural yield because of market demand, quality, and the priority of consumers. Macronutrients like nitrogen (N) and potassium (K) are crucial for the normal growth and development of crops. Thus, detecting nutritional deficiency in eggplant is very important for ensuring optimal growth and yield. The traditional approaches are time-consuming and require expert knowledge. The previously reported research in eggplant with a deep learning (DL) approach targeted disease detection and classification work. No work has been reported on eggplant nutritional deficiency detection using the genetic algorithm (GA) based tuning approach with data augmentation. This paper presents a YOLOv9 deep-learning model, optimized with a GA to find the best hyperparameters and data augmentation techniques to increase its robustness. The study used the OLID I dataset to detect nutritional deficiencies in eggplant leaves. The experimental results show that our approach achieved an accuracy of 94.52 %, mAP50 of 94.55 %, mAP50–95 of 93.23 %, Precision of 95.9 %, Recall of 92.8 %, and F1 Score of 94.32 %. These results suggest that the proposed approach is a significant step towards developing a practical application to support farmers in detecting nutrition deficiencies in the eggplant crop. © 2025 The Authors|Data augmentation; Deep learning; Eggplant; Genetic algorithm; Nutritional deficiency detection; OLID I dataset; YOLOv9|Desconocido|Article|Final|All Open Access; Gold Open Access; Green Accepted Open Access; Green Open Access|Scopus|2-s2.0-105015974384||44.0|Q1||['2214-6628']|1|44.0|0.0
Scopus|Chang, Y.K.; Mahmud, M.S.; Shin, J.; Nguyen-Quang, T.; Price, G.W.; Prithiviraj, B.|Chang, Young (38960898700); Mahmud, Md Sultan (57225945756); Shin, Jaemyung (57204977372); Nguyen-Quang, Tri (8309949800); Price, Gordon W. (23006311300); Prithiviraj, Balakrishnan (7003606348)|38960898700; 57225945756; 57204977372; 8309949800; 23006311300; 7003606348|Comparison of Image Texture Based Supervised Learning Classifiers for Strawberry Powdery Mildew Detection|2019|AgriEngineering|1|3||434.0|452.0|0|10|10.3390/agriengineering1030032|https://www.scopus.com/inward/record.uri?eid=2-s2.0-85090367600&doi=10.3390%2Fagriengineering1030032&partnerID=40&md5=e6df5b355a560ba3f3ef20beb4b906b7|Strawberry is an important fruit crop in Canada but powdery mildew (PM) results in about 30–70% yield loss. Detection of PM through an image texture-based system is beneficial, as it identifies the symptoms at an earlier stage and reduces labour intensive manual monitoring of crop fields. This paper presents an image texture-based disease detection algorithm using supervised classifiers. Three sites were selected to collect the leaf image data in Great Village, Nova Scotia, Canada. Images were taken under an artificial cloud condition with a Digital Single Lens Reflex (DSLR) camera as red-green-blue (RGB) raw data throughout 2017–2018 summer. Three supervised classifiers, including artificial neural networks (ANN), support vector machine (SVM), and k-nearest neighbors (kNN) were evaluated for disease detection. A total of 40 textural features were extracted using a colour co-occurrence matrix (CCM). The collected feature data were normalized, then used for training and internal, external and cross-validations of developed classifiers. Results of this study revealed that the highest overall classification accuracy was 93.81% using the ANN classifier and lowest overall accuracy was 78.80% using the kNN classifier. Results identified the ANN classifier disease detection having a lower Root Mean Square Error (RMSE) = 0.004 and Mean Absolute Error (MAE) = 0.003 values with 99.99% of accuracy during internal validation and 87.41%, 88.95% and 95.04% of accuracies during external validations with three different fields. Overall results demonstrated that an image texture-based ANN classifier was able to classify PM disease more accurately at early stages of disease development. © 2019 by the authors. Licensee MDPI, Basel, Switzerland.|artificial neural network; colour co-occurrence matrix; image processing; k-nearest neighbors; support vector machine|Desconocido|Article|Final|All Open Access; Gold Open Access; Green Accepted Open Access; Green Open Access|Scopus|2-s2.0-85090367600|19; 12; 10; 13; 30; 48|34.0|Q1|https://orcid.org/0000-0003-2752-1474; https://orcid.org/0000-0002-8141-105X; https://orcid.org/0000-0002-5894-0498; https://orcid.org/0000-0002-5501-5758; https://orcid.org/0000-0002-8621-1444; https://orcid.org/0000-0002-9822-5261|['2624-7402']|1|34.0|48.0
Scopus|Singh, R.; Singh, R.; Gehlot, A.; Akram, S.V.; Priyadarshi, N.; Twala, B.|Singh, Rajat (57213970504); Singh, Rajesh (57610169600); Gehlot, Anita N. (57709976000); Akram, Shaik Vaseem (57222756774); Priyadarshi, Neeraj (57195679733); Twala, Bhekisipho E.T.H. (14632785000)|57213970504; 57610169600; 57709976000; 57222756774; 57195679733; 14632785000|Horticulture 4.0: Adoption of Industry 4.0 Technologies in Horticulture for Meeting Sustainable Farming|2022|Applied Sciences (Switzerland)|12|24|12557|||0|42|10.3390/app122412557|https://www.scopus.com/inward/record.uri?eid=2-s2.0-85144829455&doi=10.3390%2Fapp122412557&partnerID=40&md5=7409f41b8ec0a4d6ec357adce7c611b9|The United Nations emphasized a significant agenda on reducing hunger and protein malnutrition as well as micronutrient (vitamins and minerals) malnutrition, which is estimated to affect the health of up to two billion people. The UN also recognized this need through Sustainable Development Goals (SDG 2 and SDG 12) to end hunger and foster sustainable agriculture by enhancing the production and consumption of fruits and vegetables. Previous studies only stressed the various issues in horticulture with regard to industries, but they did not emphasize the centrality of Industry 4.0 technologies for confronting the diverse issues in horticulture, from production to marketing in the context of sustainability. The current study addresses the significance and application of Industry 4.0 technologies such as the Internet of Things, cloud computing, artificial intelligence, blockchain, and big data for horticulture in enhancing traditional practices for disease detection, irrigation management, fertilizer management, maturity identification, marketing, and supply chain, soil fertility, and weather patterns at pre-harvest, harvest, and post-harvest. On the basis of analysis, the article identifies challenges and suggests a few vital recommendations for future work. In horticulture settings, robotics, drones with vision technology and AI for the detection of pests, weeds, plant diseases, and malnutrition, and edge-computing portable devices that can be developed with IoT and AI for predicting and estimating crop diseases are vital recommendations suggested in the study. © 2022 by the authors.|AR; bigdata; blockchain; horticulture; Industry 4.0; IoT; micronutrient; real-time prediction; SDGs|Desconocido|Review|Final|All Open Access; Gold Open Access; Green Accepted Open Access; Green Open Access|Scopus|2-s2.0-85144829455|10; 44; 38; 29; 36; 31|204.0|Q2|https://orcid.org/0000-0002-2394-4747; https://orcid.org/0000-0001-6463-9581; https://orcid.org/0000-0001-8438-4387; https://orcid.org/0000-0001-6620-6771; https://orcid.org/0000-0002-3452-9581|['2076-3417']|2|204.0|44.0
ScienceDirect| Pooja; Prashant Chauhan; Ankit Kumar; Lellapalli Rithesh; Abhishek Kumar|||Recent insights into potato dry rot an emerging Disease: Focusing on pathogen diversity, host-pathogen interactions, and management strategies|2025|Microbial Pathogenesis|207|0||107866||0|0|https://doi.org/10.1016/j.micpath.2025.107866|https://www.sciencedirect.com/science/article/pii/S0882401025005911|Nowadays, global food safety and security are major concerns to mitigate global hunger. As, the world's population rising at an alarming rate and is expected to reach 10 billion by 2050, agriculturists have great responsibilities to grow more food from limited land. Crops are affected by several biotic and abiotic stresses in the field as well as during storage, this situation is drastic in developing countries. Potato belongs to the Solanaceae family, is considered a promising staple vegetable crop. To address the major issue of food safety and security, potatoes can be considered as a crucial non cereal food crop to combat this problem, as they can be grown under field conditions, and soilless medium (hydroponically, and aeroponically). The potato crop is also affected by various biotic stresses in both field and post-harvest conditions, significantly deteriorating its qualitative and quantitative yield. Among the biotic stresses, Fusarium dry rot (FDR) incited by the Fusarium species complex is considered a major problem in the present scenario. Dry rot of potato causes drastic quality and yield loss in cold stores. Moreover, Fusarium spp., producing mycotoxins like trichothecenes that contribute to the disease development. Fusarium spp. utilizes enzymes like pectinases and cellulases to break down plant cell walls, facilitating invasion and colonization. Therefore, implement crop rotation, use disease-resistant potato varieties, practice good sanitation, and employ fungicides to manage potato dry rot disease would be beneficial. Therefore, there is an urgent need to study the fungal species involved, pathogenicity, and to find the best management strategies for sustainable potato production. Although some reports on FDR of potato have been published previously, many recent studies have since offered new insights into diagnostic techniques, mycotoxin detection and quantification, and management strategies. Therefore, this review aims to integrate these recent findings, offering an updated outlook on FDR considering emerging research. Our objective is to provide a timely synthesis of the latest research developments that were not covered in previous reviews, making this article a valuable and necessary contribution to the agricultural field.||Desconocido||||ScienceDirect||14; 6; 5; 3; 12|135.0|Q2|https://orcid.org/0000-0003-4004-1651; https://orcid.org/0000-0002-6725-6823; https://orcid.org/0000-0003-1077-4512; https://orcid.org/0000-0002-4596-0668|['0882-4010', '1096-1208']|2|135.0|14.0
Scopus|Bajpai, A.; Tyagi, T.|Bajpai, Abhishek (57201362615); Tyagi, Titiksha (58651265500)|57201362615; 58651265500|An Efficient Approach to Detect and Predict the Tomato Leaf Disease Using Enhance Segmentation Neural Network|2023|SN Computer Science|4|6|795|||0|8|10.1007/s42979-023-02262-6|https://www.scopus.com/inward/record.uri?eid=2-s2.0-85174274823&doi=10.1007%2Fs42979-023-02262-6&partnerID=40&md5=f025e9664865c980012188fea99ab4ad|The agricultural sector plays a crucial role in the Indian economy. According to the Economic Survey of India 2020–21 report, production in FY21 was recorded at 303.34 million tonnes. India is the world’s second-largest producer of tomatoes, both in terms of area and production. In India, tomato is one of the most important and highly consumed vegetable crops. Tomatoes are highly nutritional and thus good for human health. It makes a substantial contribution to the GDP. Being economically valuable, it is produced in large quantities. Because of adverse environmental conditions, several diseases are caused by bacteria, fungi and viruses in various parts of tomato plants. Diseases result in the loss of production and thus farmers have to face huge economic losses. In order to help the farmers, early detection of diseases is needed to be done using the latest and most accurate methods. In this paper, the ES-CNN model(Enhancement Seg- mentation CNN model) is proposed in which mean filtering and CLAHE are performed for the image enhancement step and K-means clustering is used for the image segmentation. ResNet-50, a CNN architecture, has been used for feature extraction and classification of images. © 2023, The Author(s), under exclusive licence to Springer Nature Singapore Pte Ltd.|Disease detection; Image segmentation; Mean filtering; Neural network|Desconocido|Article|Final||Scopus|2-s2.0-85174274823|10; 1|67.0|Q2|https://orcid.org/0000-0003-2815-2092|['2661-8907', '2662-995X']|2|67.0|10.0
Scopus|Devora-Guadarrama, M.; Luna-Benoso, B.; Alarcón-Paredes, A.; Martínez Perales, J.C.; Morales-Rodríguez, Ú.S.|Devora-Guadarrama, Maryjose (60210986100); Luna-Benoso, Benjamín (55583174100); Alarcón-Paredes, Antonio (26867448600); Martínez Perales, José Cruz (55971056800); Morales-Rodríguez, Úrsula Samantha (58296423900)|60210986100; 55583174100; 26867448600; 55971056800; 58296423900|Deep Learning-Based Citrus Canker and Huanglongbing Disease Detection Using Leaf Images|2025|Computers|14|11|500|||0|0|10.3390/computers14110500|https://www.scopus.com/inward/record.uri?eid=2-s2.0-105022930569&doi=10.3390%2Fcomputers14110500&partnerID=40&md5=84c54142c730c1e44420012ed5855065|Early detection of plant diseases is key to ensuring food production, reducing economic losses, minimizing the use of agrochemicals, and maintaining the sustainability of the agricultural sector. Citrus plants, an important source of vitamin C, fiber, and antioxidants, are among the world’s most significant fruit crops but face threats such as canker and Huanglongbing (HLB), incurable diseases that require management strategies to mitigate their impact. Manual diagnosis, although common, I s imprecise, slow, and costly; therefore, efficient alternatives are emerging to identify diseases from early stages using Artificial Intelligence techniques. This study evaluated four deep learning models, specifically convolutional neural networks. In this study, we evaluated four convolutional neural network models (DenseNet121, ResNet50, EfficientNetB0, and MobileNetV2) to detect canker and HLB in citrus leaf images. We applied preprocessing and data-augmentation techniques; transfer learning via selective fine-tuning; stratified k-fold cross-validation; regularization methods such as dropout and weight decay; and hyperparameter-optimization techniques. The models were evaluated by the loss value and by metrics derived from the confusion matrix, including accuracy, recall, and F1-score. The best-performing model was EfficientNetB0, which achieved an average accuracy of 99.88% and the lowest loss value of 0.0058 using cross-entropy as the loss function. Since EfficientNetB0 is a lightweight model, the results show that lightweight models can achieve favorable performance compared to robust models, models that can be useful for disease detection in the agricultural sector using portable devices or drones for field monitoring. The high accuracy obtained is mainly because only two diseases were considered; consequently, it is possible that these results do not hold in a database that includes a larger number of diseases. © 2025 by the authors.|citrus canker; deep learning; Huanglongbing|Citrus fruits; Convolutional neural networks; Crops; Deep neural networks; Learning systems; Losses; Plant diseases; Plants (botany); Agricultural sector; Citrus canker; Convolutional neural network; Deep learning; Disease detection; Economic loss; Food production; Huanglongbing; Leaf images; Plant disease; Convolution|Article|Final|All Open Access; Gold Open Access|Scopus|2-s2.0-105022930569|0; 10; 4; 1|65.0|Q2|https://orcid.org/0009-0001-7738-7130; https://orcid.org/0000-0002-9785-1252; https://orcid.org/0000-0001-9421-5923; https://orcid.org/0000-0001-9265-4228|['2073-431X']|2|65.0|10.0
Scopus|Rajamanickam, V.; Ramsubhag, A.; Jayaraman, J.|Rajamanickam, Vijayanandh (58109659400); Ramsubhag, Adesh (6505894018); Jayaraman, Jayaraj (6603272002)|58109659400; 6505894018; 6603272002|Sweet pepper foliar diseases quantification and identification using an image analysis tool|2025|Journal of Plant Protection Research|65|1||89.0|102.0|0|0|10.24425/jppr.2025.153821|https://www.scopus.com/inward/record.uri?eid=2-s2.0-105003074777&doi=10.24425%2Fjppr.2025.153821&partnerID=40&md5=34a873d36b96cb7d2dd08bfdb7634dc8|Quantification and assessment of disease symptoms are important elements of plant disease management systems and are required to assist with making decisions on the choice of protective agents to be applied to crops or for screening plant genotypes for the development of resistant varieties. Traditional methods of identifying and quantifying disease severity are cumbersome, involving visual assessment tools or scales, and rating of plants at a point in time. Visual assessment is prone to human bias and error, thereby reducing the efficiency and accuracy of this method. In this study, we developed a smartphone camera-based image recording, processing, and assessment tool for measurement of symptoms of early and late blight, and bacterial leaf spot diseases in sweet pepper caused by Alternaria solani, Phytophthora infestans, and Xanthomonas campestris pv. vesicatoria, respectively. Sweet pepper or bell pepper is a major vegetable crop grown in the Caribbean region, but production is severely affected by plant diseases, most important of which include foliar infections by fungi and bacteria that cause major losses in fruit yield. This research utilized smartphone captured images of leaf specimens for severity measurement and classification of diseases. The steps involved were color space conversions, detection of leaf area by Otsu’s method, and thresholding for foliar diseased area detection and quantification. Gray-Level Co-occurrence Matrix (GLCM) extracted the texture features from the diseased area of leaves. These features are trained and classified by various machine learning classifiers including trees, rule-based and Bayes models. Application of decision trees and rule-based classifier models achieved 98% accuracy individually, while Bayes model achieved 86% accuracy. The image input into the above classifier models resulted in fast and accurate identification of the diseases by matching the features of trained images of disease symptoms. This method could work well for leaves collected from field-grown plants as well as from inoculated greenhouse plants. © 2025 Polska Akademia Nauk. All rights reserved.|foliar disease; GLCM; machine learning; Otsu; thresholding|disease severity; fruit production; greenhouse gas; image analysis; leaf area; machine learning; threshold|Article|Final|All Open Access; Gold Open Access|Scopus|2-s2.0-105003074777||46.0|Q2|https://orcid.org/0009-0005-9465-8173; https://orcid.org/0000-0002-5863-0457; https://orcid.org/0000-0002-4910-8712|['1427-4345', '1899-007X']|2|46.0|0.0
Scopus|Bhat, M.R.; Assad, A.; Dar, B.N.; Ahanger, A.N.; Kundroo, M.; Dar, R.A.; Ahanger, A.B.; Bhat, Z.A.|Bhat, Muzafar Rasool (57216883032); Assad, Assif (57189041771); Dar, B. N. (56068490400); Ahanger, Ab Naffi (58235634300); Kundroo, Majid (57216872673); Dar, Rayees Ahmad (57216780964); Ahanger, Abdul Basit (57740672000); Bhat, Zahoor Ahmad (36941855200)|57216883032; 57189041771; 56068490400; 58235634300; 57216872673; 57216780964; 57740672000; 36941855200|Apple diseases: detection and classification using transfer learning|2023|Quality Assurance and Safety of Crops and Foods|15|SP1||27.0|37.0|0|28|10.15586/qas.v15iSP1.1167|https://www.scopus.com/inward/record.uri?eid=2-s2.0-85169696046&doi=10.15586%2Fqas.v15iSP1.1167&partnerID=40&md5=ca114b433449f1063e2fc922fe2fdfaa|Human diagnosis of horticultural diseases comes with added monetary costs in the shape of time, cost, and accessibility, with still considerable possibilities of misdiagnosis. Most common plant diseases present visually recognizable symptoms like change in color, shape, or texture. Deep learning is known to work with such accuracy and precision in recognizing patterns in such visual symptoms that rivals human diagnosis. We specifically designed a deep learning–based multi-class classification model AppleNet to include extra apple plant diseases, which has not been the case with other previously designed models. Our model takes advantage of transfer learning techniques by implementing ResNET 50 Convolutional Neural Network pretrained on image-net dataset. The knowledge of features learned by ResNET 50 is being used to extract features from our dataset. This technique takes advantage of knowledge learned on a larger and more diverse dataset and also saves precious computational resources and time in training on a relatively lesser data. The hyper-parameters were uniquely fine-tuned to maximize the model efficiency. We created our own dataset from the images taken directly from the trees, which, unlike the publicly available datasets created in a controlled setting with smooth (white) background, has been created in a real world environment and includes background noise as well. This helped us train our model in a more realistic way. The results of experimentation on a collected dataset of 2897 images with data augmentation demonstrated that AppleNet can be efficiently used for apple disease detection with a classification accuracy of 96.00%. To examine the effectiveness of our proposed approach, we compared our model with other pretrained models and a baseline model created from scratch. Results of the experiment demonstrate that transfer learning improves the performance of deep learning models and using pretrained models based on residual neural network architectures gives remarkable results as compared to other pretrained models. The mean difference in classification accuracies between our proposed model AppleNet and other experimental models was 21.54%. © 2023 Wageningen Academic Publishers. All rights reserved.|apple disease detection; artificial intelligence; convolutional neural network; deep learning; horticulture; image augmentation; malus pumila; transfer learning|Classification (of information); Computer aided diagnosis; Convolution; Convolutional neural networks; Deep learning; Image classification; Learning systems; Network architecture; Textures; Transfer learning; Apple disease; Apple disease detection; Classification accuracy; Convolutional neural network; Disease detection; Image augmentation; Malu pumila; Plant disease; Horticulture|Article|Final|All Open Access; Gold Open Access|Scopus|2-s2.0-85169696046|14; 7; 16; 1; 8; 4; 5; 37|38.0|Q2|https://orcid.org/0000-0003-0323-6863; https://orcid.org/0000-0002-3390-8555; https://orcid.org/0000-0003-1950-691X; https://orcid.org/0000-0003-4858-1919; https://orcid.org/0000-0001-7922-1153; https://orcid.org/0000-0003-3014-8244; https://orcid.org/0000-0003-4120-3616|['1757-8361', '1757-837X']|2|38.0|37.0
Scopus|Patel, J.; Patel, R.; Shah, S.; Patel, J.|Patel, Jitali (57202255048); Patel, Ruhi (57221312689); Shah, Saumya (57375555800); Patel, Jigna Ashish (57191245821)|57202255048; 57221312689; 57375555800; 57191245821|BIG DATA ANALYTICS FOR ADVANCED VITICULTURE|2021|Scalable Computing|22|3||302.0|312.0|0|6|10.12694/SCPE.V22I3.1856|https://www.scopus.com/inward/record.uri?eid=2-s2.0-85121397116&doi=10.12694%2FSCPE.V22I3.1856&partnerID=40&md5=2ff492ae859cbb8c1e32c49fe17ccf7f|Big data analytics involve a systematic approach to find hidden patterns to help the organization grow from large volume and variety of data. In recent years big data analytics is widely used in the agricultural domain to improve yield. Viticulture (the cultivation of grapes) is one of the most lucrative farming in India. It is a subdivision of horticulture and is the study of wine growing. The demand for Indian Wine is increasing at about 27% each year since the 21st century and thus more and more ways are being developed to improve the quality and quantity of the wine products. In this paper, we focus on a specific agricultural practice as viticulture. Weather forecasting and disease detection are the two main research areas in precision viticulture. Leaf disease detection as a part of plant pathology is the key research area in this paper. It can be applied on vineyards of India where farmers are bereft of the latest technologies. Proposed system architecture comprises four modules: Data collection, data preprocessing, classification and visualization. Database module involves grape leaf dataset, consists of healthy images combined with disease leaves such as Black measles, Black rot, and Leaf blight. Models have been implemented on Apache Hadoop using map reduce programming framework. It applies feature extraction to extract various features of the live images and classification algorithm with reduced computational complexity. Gray Level Co-occurrence Matrix (GLCM) followed by K-Nearest Neighborhood (KNN) algorithm. The system also recommends the necessary steps and remedies that the viticulturists can take to assure that the grapes can be salvaged at the right time and in the right manner based on classification results. The overall system will help Indian viticulturists to improve the harvesting process. Accuracy of the model is 82%, and it can be increased as a future work by including deep learning with time-series grape leaf images. © 2020. All Rights Reserved.|Big Data; Disease Detection; Viticlture|Advanced Analytics; Classification (of information); Computer software; Crops; Cultivation; Data Analytics; Data visualization; Deep learning; Nearest neighbor search; Plants (botany); Weather forecasting; Wine; Agricultural practices; Disease detection; Grape leaves; Hidden patterns; Large volumes; Leaf disease detections; Plant pathology; Research areas; Viticlture; Wine products; Big data|Article|Final|All Open Access; Gold Open Access|Scopus|2-s2.0-85121397116|5; 3; 1; 6|31.0|Q3|https://orcid.org/0000-0003-0705-0898; https://orcid.org/0000-0001-9971-0667; https://orcid.org/0000-0002-5081-2379|['1895-1767']|3|31.0|6.0
Scopus|Hemming, J.|Hemming, Jochen (7003308189)|7003308189|Current developments in greenhouse robotics and challenges for the future|2020|Acta Horticulturae|1296|0||975.0|985.0|0|3|10.17660/ActaHortic.2020.1296.124|https://www.scopus.com/inward/record.uri?eid=2-s2.0-85097322255&doi=10.17660%2FActaHortic.2020.1296.124&partnerID=40&md5=4718f57c4970b01b3de08e56e52a735a|Horticultural production faces a growing demand for mechanization, automation and robotics as labour costs are increasing and the availability of skilled labour is decreasing. The modern consumer demands guaranteed and constant quality. Moreover, there are intensified hygiene, food safety and traceability demands. Automated production and quality assessment systems can contribute to fulfil these demands. Many highly automated systems are already applied in commercial high-tech greenhouses. This includes logistics and autonomous transport of plants and harvested product from the greenhouse to the sorting and packing facilities, spraying robots, machine vision based sorting systems for pot-plants and cut-flowers and robotic cutting, planting and grafting machines. Current research focus on automated crop scouting (e.g., insect and disease detection), phenotyping (e.g., monitoring and predicting fruit setting) and postharvest quality assessment. Many research activities are currently carried out on robotic systems that are capable to autonomously harvest crops and to conduct other repetitive and labour intensive operations. In most of these applications the success rate and cycle time are currently still too low to allow implementation in commercial practice. Human-robot collaboration and “human in the loop” applications are important stepping-stones towards full automation. These applications must also include the key issues of user safety and user acceptance. From the plant side, breeding crops with novel phenotypes and plant architectures, such as fruits which are easy to see and reach by robots, will simplify and accelerate the application of robotics in the horticultural field. Challenges involve the complex integration of multiple disciplines and technologies (e.g., navigation, safe operation, grasping, manipulation, perception, learning and adaptation). Current developments are supported by the worldwide rapid improvements in computing and sensor hardware, software and artificial intelligence. © 2020 International Society for Horticultural Science. All rights reserved.|Automation; Autonomous navigation; Crop-scouting; Deep learning; Harvesting; Image analysis; Phenotyping; Quality assessment|Desconocido|Conference paper|Final||Scopus|2-s2.0-85097322255|27|94.0|Q4|https://orcid.org/0000-0002-3805-6160|['0567-7572', '2406-6168']|4|94.0|27.0
Scopus|Ajagalla, M.; Pandey, M.; Choudhary, J.; Kumar, L.|Ajagalla, Mahadev (59372654700); Pandey, Manish (58909631300); Choudhary, Jaytrilok (57193899339); Kumar, Lalit (57604537800)|59372654700; 58909631300; 57193899339; 57604537800|Root Vegetable Crop Recommendation System Based on Soil Properties and Environmental Factors|2025|Lecture Notes in Electrical Engineering|1273 LNEE|0||86.0|98.0|0|0|10.1007/978-981-97-8031-0_10|https://www.scopus.com/inward/record.uri?eid=2-s2.0-85206823662&doi=10.1007%2F978-981-97-8031-0_10&partnerID=40&md5=7f0e20c23ab664b8986e1f916fe5d2d6|Traditional Agriculture has always involved the use of data. However, modern data challenges have become increasingly complex. As a result, data mining processes are now employed to construct machine learning models that analyze and extract valuable insights from this data. In the context of agriculture, data mining plays a crucial role in predicting crop yields, forecasting climate patterns and rainfall, optimizing seed and soil selections, and enhancing overall crop production efficiency. Agriculture serves as a cornerstone of India’s economic framework. Looking ahead to the next generation, the global population is projected to continue its growth. By 2050, the Earth will be home to an additional 9 billion people. Consequently, there is a pressing need to increase food production by 70%, all while utilizing less land. A common issue faced by numerous farmers is the challenge of selecting the appropriate crops based on their soil composition and local environment. This predicament leads to crop diseases, elevated production costs, and significant declines in productivity. Precision agriculture has emerged as a solution to this problem. Precision agriculture, rooted in traditional farming practices, leverages soil analysis, climate conditions, and temperature data to offer refined guidance on crop selection. This approach empowers farmers to enhance their output and productivity. In the context of this paper, we proposed a solution to address this challenge: the implementation of a recommendation system using a Random Forest classifier, which falls under the umbrella of Ensemble techniques. Additionally, the model is further refined by training it using Artificial Neural Network (ANN), employing the K-Fold Cross-validation technique through Keras. This strategy aims to augment the accuracy of model training, resulting in improved recommendations and outcomes. © The Author(s), under exclusive license to Springer Nature Singapore Pte Ltd. 2025.|Artificial neural network (ANN); Bagging technique; Ensemble model; K-Fold Cross-validation technique with Keras; Precision agriculture; Random Forest classifier; Recommendation system|Artificial neural network; Bagging technique; Cross-validation technique; Ensemble models; K fold cross validations; K-fold cross-validation technique with keras; Neural-networks; Precision Agriculture; Random forest classifier; Root vegetables|Conference paper|Final||Scopus|2-s2.0-85206823662|1; 11; 12; 23|68.0|Q4|https://orcid.org/0000-0002-6804-7150; https://orcid.org/0000-0002-8200-7403; https://orcid.org/0000-0002-1554-2801|['1876-1100', '1876-1119']|4|68.0|23.0
Scopus|Parthiban, S.; Moorthy, S.; Sabanayagam, S.; Shanmugasundaram, S.; Naganathan, A.; Annamalai, M.; Sabitha, S.|Parthiban, Swetha (58099179400); Moorthy, Sneha (58099179500); Sabanayagam, Sribalaji (58099179600); Shanmugasundaram, Shobana (56145332900); Naganathan, Athishwaran (58099412700); Annamalai, Mohan (58099371100); Sabitha, B. (56034609000)|58099179400; 58099179500; 58099179600; 56145332900; 58099412700; 58099371100; 56034609000|Deep Learning Based Recognition of Plant Diseases|2023|Lecture Notes in Electrical Engineering|967|0||83.0|93.0|0|10|10.1007/978-981-19-7169-3_8|https://www.scopus.com/inward/record.uri?eid=2-s2.0-85147854226&doi=10.1007%2F978-981-19-7169-3_8&partnerID=40&md5=60ba5a3314a75d28fdeae6869526a6fc|Every country's primary requirement is agricultural products. Infected plants have an impact on the agricultural production and economic resources of a country. Early detection of plant diseases minimizes the risk of crop loss by allowing farmers to adopt curative and preventative actions to avoid further damage. Citrus is a large plant that is primarily grown in tropical areas of the world because of its high vitamin C and other key nutrient content. Citrus plant diseases play a vital role in causing a great financial loss to the farmers and affect the economy of the country. The tomato ranks among the most economically important vegetable crops, with a global production rate of around 200 million tonnes. But due to diseases occurring in the tomato plants, the farmers are facing a great loss. To prevent these losses and provide an immediate cure, we create a model to detect plant diseases. To get a better performance model, the data augmentation process is used, and we got 18,392 images. In our model, we used a convolutional neural network (CNN) to classify the citrus and tomato leaf diseases. The diseases are Mancha Graxa, Citrus Canker, Tomato Early Blight, Tomato Septoria Leafspot, Tomato Spider Mite Two-spotted spider mite (Tetranychus urticae), Tomato mosaic virus (Tobamovirus), Tomato yellow leaf curl virus (Begomovirus), Tomato Target Spot (Corynespora cassiicola). Convolution Neural Network (CNN) is stacked by multiple convolutions and pooling layers to detect plant leaf diseases. We train a model with augmented images. After the model gets trained, it is thoroughly tested to ensure that the results are accurate. Thereby we were able to achieve high validation accuracy with a rate of (97.02%) for this dataset used. As the results showed, applying the deep CNN model to identify diseases could greatly impact the accurate identification of diseases, and could even prove useful in detecting diseases in real-time agricultural systems. © 2023, The Author(s), under exclusive license to Springer Nature Singapore Pte Ltd.|Citrus disease; Convolutional Neural Network (CNN); Deep learning; Tomato diseases|Convolution; Convolutional neural networks; Crops; Damage detection; Deep learning; Drought; Fruits; Multilayer neural networks; Real time systems; Tropics; Viruses; Agricultural productions; Citrus disease; Convolutional neural network; Economic resources; Leaf disease; Plant disease; Production resources; Tomato disease; Losses|Conference paper|Final||Scopus|2-s2.0-85147854226|1; 1; 1; 10; 1; 6; 1|68.0|Q4|https://orcid.org/0000-0002-2634-3154; https://orcid.org/0000-0001-9284-9383|['1876-1100', '1876-1119']|4|68.0|10.0
ScienceDirect|Sandeep Kumar; Ram Swaroop Meena; Seema Sheoran; Chetan Kumar Jangir; Manoj Kumar Jhariya; Arnab Banerjee; Abhishek Raj|||Chapter 5 - Remote sensing for agriculture and resource management|2022|Elsevier eBooks|0|0||91|135|0|60|https://doi.org/10.1016/B978-0-12-822976-7.00012-0|https://www.sciencedirect.com/science/article/pii/B9780128229767000120|Exploitation of the infinitive natural resources is an alarming issue on the plate. Therefore, estimation and swift observation of the natural resources is a need of the hour. Geospatial technological development is playing an important role to collect the information from the targeted objectives. Geospatial technological is helpful to analyze the natural resources viz., land, water, air, energy, nutrients, forest, watershed, etc. for policy and planning toward their conservation in order to achieve food, nutritional, environmental, and economic security. Agriculture is a key sector on the planet for exploitation and interfere the natural resources. For collecting reliable and timely information about the nature, the extent and geographical boundaries, temporal behavior of natural resources is the first step in the way of their monitoring, management and efficient use of them in the agriculture. Remote sensing (RS) has emerged as a powerful geospatial tool for the identification, characterization, and land marking of these resources over a larger surface area in agricultural system. It provides valuable, accurate and timely information in high spatial and spectral resolutions about the agricultural urbanization, crop use patterns, soil, water, watersheds, desertification, agroforestry, rangelands, and climatic variations and their impact on agriculture. In crop production, RS provides the spatial information of crop type and area estimation followed by assessing the yield potential, ecosystem health and proper management of insect-diseases and weeds based on the spectral reflectance of the object by using modeling and vegetative indices. Moreover, RS has a potential to study the soil system like soil characteristics, types, spatial variability, assessment of land suitability, land capability, carbon dynamics, soil moisture, land use/land cover change, soil degradation, erosion identification, and remediation for agriculture applications. RS helps to generate a precise database in short time from the field. Predication for the advance planning, yield estimation of the covering areas, crop sections, drought management help in policymaking for the better production and reduce the risk from the aberrant weather conditions. It helps in proper use and sustainable management of the costly resources in agriculture. This chapter extensively discusses the potential of RS in management of agriculture and natural resources in a sustainable manner. In this context, in India, several programs/projects such as FASAL, CAPE, NNRMS, NADAMS, IMSD, CHAMAN, etc. are effectively running for management of agricultural system in one and another way. In this context, this chapter is useful for the policymaker students, scientists, producers for the agroecosystems management and promote the advance food and environmental security targeted as one of the United National Sustainable Development Goals.||Desconocido||||ScienceDirect||45; 66; 18; 9; 39; 35; 23|778.0||https://orcid.org/0000-0003-3617-5024; https://orcid.org/0000-0002-7119-8646; https://orcid.org/0000-0003-3866-9968; https://orcid.org/0000-0003-3315-4105; https://orcid.org/0000-0002-5661-4904; https://orcid.org/0000-0002-7214-1473; https://orcid.org/0000-0002-6025-1368||5|778.0|66.0
ScienceDirect|V.M. Chowdary; Abhishek Chakraborty; Bhavana Sahay; Karun Kumar Choudhary; Anima Biswal; P. Srikanth; Mamta Kumari; B. Laxman; Varun Pandey; Parichay S. Raju; K. Sreenivas; Prakash Chauhan|||Chapter 2 - Geospatial applications for crop assessment|2025|Elsevier eBooks|0|0||9|43|0|0|https://doi.org/10.1016/B978-0-443-14072-3.00017-4|https://www.sciencedirect.com/science/article/pii/B9780443140723000174|With the ever-increasing global population and limited arable land for cultivation, sustainable management of the existing farming land become critical for future food security. Geospatial technologies, which combines satellite, aerial, ground-based mobile spatial/aspatial data involving advanced data processing techniques, can play an important role in the current aspect. This chapter provides a snapshot of these geospatial applications for crop assessment that includes spectral reflectance of crop and its relation with leaf and canopy parameters, and spectral separability of the crops and crop mapping. Popular spectral vegetation indices and its role in monitoring the crop health/condition are also discussed. Techniques to retrieve crop biophysical/biochemical parameters using satellite observations and different valued added products like crop phenology and cropping intensity were also presented. The chapter also deals with the crop yield modeling using different approaches like empirical, semiempirical (light use efficiency), and process-based simulation models. The critical geospatial inputs for crop insurance solutions such as climatic risk-based zonation, rate making, prevented sowing, mid-season adversity, crop damage due to weather extremes, objective crop cutting experiment through smart sampling, crop yield assessment, and timely claim settlement are presented in brief. Adoption of these technologies in crop management will be critical for sustainable growth under future climatic scenarios.||Desconocido||||ScienceDirect||33; 14; 3; 8; 5; 8; 8; 5; 6; 1; 16; 31|778.0||https://orcid.org/0000-0002-7437-8001; https://orcid.org/0000-0002-7323-1921; https://orcid.org/0000-0002-8664-0417; https://orcid.org/0000-0002-5877-3546; https://orcid.org/0000-0002-5790-9843; https://orcid.org/0000-0001-7268-1851; https://orcid.org/0000-0002-9635-9717; https://orcid.org/0000-0003-3338-5608||5|778.0|33.0
ScienceDirect|Chungui Lu; Steven Grundy; Gadelhag Mohmed; Katherine Hardy|||Urban Agriculture and Vertical Farming|2024|Elsevier eBooks|0|0||521|533|0|0|https://doi.org/10.1016/B978-0-323-90386-8.00139-X|https://www.sciencedirect.com/science/article/pii/B978032390386800139X|World agriculture is undergoing a transition to new technological paradigms driven by innovations in sustainability and resource use efficiency. The development of this new paradigm is enabled by the ongoing “precision”, “info” and “smart” revolutions, and new demands of the markets. This article is intended to introduce a novel agricultural practice - vertical farming/urban agriculture that can help deliver, in environmentally and socially sustainable ways, safe and nutritious food for a growing world population - improving global food security and citizen health and wellbeing. An effect of this new agricultural revolution is a notable increase in crop yields and quality.||Desconocido||||ScienceDirect||33; 6; 6; 6|778.0||https://orcid.org/0000-0002-0064-4725; https://orcid.org/0000-0002-6932-7234; https://orcid.org/0000-0002-1737-9892||5|778.0|33.0
ScienceDirect|Priti Upadhyay; Manish Kumar Vishwakarma|||Chapter 7 - Genomic assisted breeding approaches for biotic stress tolerance in horticultural crops|2025|Elsevier eBooks|0|0||101|118|0|0|https://doi.org/10.1016/B978-0-443-27324-7.00007-0|https://www.sciencedirect.com/science/article/pii/B9780443273247000070|Fruits, vegetables, and ornamentals are examples of horticultural crops that are essential to the economies and food security of the world. Biologic stressors like illnesses and insect infestations, however, drastically lower quality and productivity. Conventional resistance breeding techniques are labour-intensive and constrained by genetics. By utilizing cutting-edge genomic technologies, genomic-assisted breeding (GAB) provides a quicker and more accurate substitute. Resistance genes have been identified thanks to high-throughput sequencing, quantitative trait locus (QTL) mapping, and genome-wide association studies (GWAS). Breeding is accelerated by the integration of these genes into top cultivars through marker-assisted selection (MAS) and genomic selection (GS). Furthermore, specific alterations to improve plant immunity are possible with genome editing techniques like CRISPR-Cas9.While machine learning and big data analytics enhance the prediction of resistance traits, omics techniques like as transcriptomics, proteomics, and metabolomics provide deeper insights into plant defense processes. Even with these developments, problems still exist. Widespread adoption is constrained by the genetic complexity and heterozygosity of many horticulture crops, as well as regulatory obstacles and consumer apprehensions regarding genome-edited plants. To improve breeding efficiency, future studies should combine multi-omics datasets, improve gene-editing methods, and provide affordable genotyping tools. A revolutionary method for creating horticultural crops that can withstand biotic stress is genomic-assisted breeding. The development of genomic tools for enhancing crop varieties with improved quality and stress tolerance is covered in this chapter. By combining state-of-the-art genomic technology, breeders may increase disease and pest resistance while preserving productivity and quality. To fully realize its promise in sustainable horticulture, scientists, breeders, and legislators must continue to work together.||Desconocido||||ScienceDirect||9; 17|778.0||https://orcid.org/0000-0002-0368-8619; https://orcid.org/0000-0001-8068-2280||5|778.0|17.0
ScienceDirect|Reetesh Kumar; Dilip Kumar Chaurasiya; Sarvesh Singh|||Chapter 14 - Advanced technological innovations for mitigating biotic stresses in horticulture: From remote sensing to AI-Driven solutions|2025|Elsevier eBooks|0|0||231|242|0|0|https://doi.org/10.1016/B978-0-443-27324-7.00014-8|https://www.sciencedirect.com/science/article/pii/B9780443273247000148|Climate change and population expansion are posing a growing challenge to global food security, which calls for creative and sustainable farming methods to boost crop yields. Horticultural yields and quality are greatly impacted by biotic stressors, including as pests, diseases, and weeds, which are typically controlled using chemical inputs like pesticides and herbicides. However, over usage of these pesticides has resulted in negative impacts on non-target organisms, environmental deterioration, and pesticide resistance. Advanced technical advancements like drone-based monitoring, hyperspectral imaging, and remote sensing are transforming biotic stress management in order to meet these problems. Real-time, high-resolution crop monitoring is made possible by these state-of-the-art instruments, which also make it easier to identify biotic hazards early and implement focused, accurate responses. Furthermore, combining machine learning and artificial intelligence (AI) improves decision-making and predictive modeling, maximizing resource utilization while reducing environmental effect. The potential of emerging technologies to enhance sustainability, efficiency, and resilience in agricultural systems is highlighted in this chapter, which examines their function in horticulture's mitigation of biotic stress.||Desconocido||||ScienceDirect||13; 1; 10|778.0||https://orcid.org/0000-0003-0916-7926; https://orcid.org/0000-0003-4358-7684||5|778.0|13.0
ScienceDirect|Khizar Hayat; Shehzad Ahmad; Nazima Wahid;  Karishma; Amjad Ali; Alevcan Kaplan; Muhammad Nauman Khan; Shah Fahad; Majid Iqbal|||Chapter 16 - New frontiers in soil chemistry research innovations and discoveries|2026|Elsevier eBooks|0|0||379|414|0|0|https://doi.org/10.1016/B978-0-443-40584-6.00005-X|https://www.sciencedirect.com/science/article/pii/B978044340584600005X|Soil chemistry is critical to the long-term viability of agriculture, the environment, and ecosystems. Recent advances in soil chemistry research have revealed new boundaries, owing to technical developments, multidisciplinary methods, and a better knowledge of soil dynamics. This chapter investigates developing trends, such as nanotechnology applications for soil remediation, biochar and organic additions to improve soil fertility, and the importance of molecular spectroscopy in soil nutrient analysis. Furthermore, advances in soil microbial interactions, carbon sequestration processes, and sustainable land management options are discussed. The merging of artificial intelligence and big data analytics is changing soil chemistry research by allowing more accurate soil health evaluations and predictive modeling. These advances not only enhance soil management methods but also help to ensure global food security and mitigate climate change. This chapter covers significant findings and future perspectives in soil chemistry, highlighting the necessity for ongoing study and long-term uses in agriculture and environmental protection.||Desconocido||||ScienceDirect||4; 3; 2; 2|778.0||https://orcid.org/0000-0002-1753-0142||5|778.0|4.0
Scopus|Feng, J.; Li, H.; Shi, J.; Yang, W.; Liao, N.|Feng, Jie F. (55392212300); Li, Hongning (35096396500); Shi, Junsheng (8640031700); Yang, Weiping (55501053100); Liao, Ningfang (7004274980)|55392212300; 35096396500; 8640031700; 55501053100; 7004274980|Cucumber diseases diagnosis using multispectral images|2009|Proceedings of SPIE - The International Society for Optical Engineering|7489|0|74890E|||0|6|10.1117/12.836944|https://www.scopus.com/inward/record.uri?eid=2-s2.0-70350070867&doi=10.1117%2F12.836944&partnerID=40&md5=adb44f1a8cb2a61ed66cbddf52ec8d1f|In this paper, multispectral imaging technique for plant diseases diagnosis is presented. Firstly, multispectral imaging system is designed. This system utilizes 15 narrow-band filters, a panchromatic band, a monochrome CCD camera, and standard illumination observing environment. The spectral reflectance and color of 8 Macbeth color patches are reproduced between 400nm and 700nm in the process. In addition, spectral reflectance angle and color difference is obtained through measurements and analysis of color patches using spectrometer and multispectral imaging system. The result shows that 16 narrow-bands multispectral imaging system realizes good accuracy in spectral reflectance and color reproduction. Secondly, a horticultural plant, cucumber' familiar disease are the researching objects. 210 multispectral samples are obtained by multispectral and are classified by BP artificial neural network. The classification accuracies of Sphaerotheca fuliginea, Corynespora cassiicola, Pseudoperonospora cubensis are 100%. Trichothecium roseum and Cladosporium cucumerinum are 96.67% and 90.00%. It is confirmed that the multispectral imaging system realizes good accuracy in the cucumber diseases diagnosis. © 2009 SPIE.|BP artificial neural network; Color reproduction; Cucumber diseases; Multispectral imaging technique; Spectral reproduction|BP artificial neural network; Color reproduction; Cucumber diseases; Multispectral imaging technique; Spectral reproduction; Agricultural engineering; Backpropagation; Cameras; Color; Digital image storage; Image processing; Imaging systems; Neural networks; Optoelectronic devices; Reflection; Diagnosis|Conference paper|Final||Scopus|2-s2.0-70350070867|28; 10; 17; 9; 12|231.0||https://orcid.org/0000-0002-8662-2198; https://orcid.org/0000-0002-0383-9165; https://orcid.org/0000-0003-1897-8237; https://orcid.org/0000-0003-3627-6896|['0277-786X', '1996-756X']|5|231.0|28.0
ScienceDirect|Gaurav Jha; Sourajit Dey; Prasad Deshpande|||Operational and analytical frameworks of Unoccupied Aerial Vehicles (UAV) for precision agriculture applications|2025|Advances in agronomy|0|0||||0|0|https://doi.org/10.1016/bs.agron.2025.10.005|https://www.sciencedirect.com/science/article/pii/S0065211325001245|Agricultural systems are entering an era defined not just by mechanization but by real-time, spatially aware, data driven production practices. This shift which has rapidly evolved from novelty to necessity in precision agriculture. At the center of this shift Unoccupied Aerial Vehicles (UAV) or drones have operationalized high-resolution aerial data into sustainable agricultural outcomes. This chapter provides an application-focused roadmap for integrating UAV into modern agronomic workflows as pre, during, and post flight operations for agronomic flight planning. It bridges the engineering of flight platforms and sensors with the applications in crop stress detection, variable-rate input application, and predictive yield modeling. We explore UAV architecture and their implications for data resolution, field scale, and operational complexity. Sensor systems use the portions of electromagnetic spectrum (RGB, multispectral, hyperspectral, thermal, LiDAR) and are examined through their applications for plant physiology and soil interactions. Ground sampling distance, spectral calibration, geospatial accuracy and photogrammetry are not treated as ancillary steps, but as critical determinants of agronomic utility. We describe the full data pipeline from FAA (Federal Aviation Administration) regulations to machine learning-driven analytics, acquisition, orthomosaic generation, digital surface modeling, vegetation index extraction, and the development of actionable prescription maps. In the context of AI evolution, we emphasize how AI-ML methods classification, regression, clustering, and dimensionality reduction help with integrating complex patterns in time-series UAV imagery, enabling early and precise management of nutrients, water, weeds, and disease. By synthesizing global regulatory frameworks and field-based use cases, the chapter concludes UAV as tools that transforms data into agronomic decisions.||Desconocido||||ScienceDirect|||219.0|||['0065-2113', '2213-6789']|5|219.0|0.0
Scopus|Palei, S.; Behera, S.K.; Sethy, P.K.|Palei, Shantilata (58406044700); Behera, Santi Kumari (55698763100); Sethy, Prabira Kumar (55488799300)|58406044700; 55698763100; 55488799300|A Systematic Review of Citrus Disease Perceptions and Fruit Grading Using Machine Vision|2022|Procedia Computer Science|218|0||2504.0|2519.0|0|51|10.1016/j.procs.2023.01.225|https://www.scopus.com/inward/record.uri?eid=2-s2.0-85154045153&doi=10.1016%2Fj.procs.2023.01.225&partnerID=40&md5=9162acf00f69192fa826aada2e6720ed|Citrus is one of the most commonly farmed and popular fruit crops globally. Citrus fruits are high in vitamins, minerals, and dietary fibre, which are essential for overall health. Oranges are the most widely traded citrus fruit, accounting for more than half of global citrus production. Tangerines, lemons, and mandarins are the next most commonly farmed varieties. Citrus production and export have steadily expanded over the previous three decades, though slower than competing items like mangoes, avocados, and melons. The production of citrus fruit is heavily hampered due to diseases in its growth stages. Again, the diseases not only appear in leaves but also in fruits. So, the quality of fruits is degraded due to the appearance of flaws. The citrus fruits are graded in two ways: first based on their skin tone and second on their size. So, there is a requirement to assess citrus diseases to avoid the degradation of production. Further, there is a need to grade citrus fruit to make easy packaging concerning its quality; so that the proper values of Citrus fruits be generated. This article studied and analysed different methodologies reported for citrus disease prediction and grading of citrus fruit in the postharvest stage based on machine vision between 2010 and 2021. This paper outlines the current achievements, limitations, and suggestions for future research on citrus diseases and their fruit grading. © 2022 Elsevier B.V.. All rights reserved.|Citrus disease detection; Citrus Fruit Grading; Classification; Feature extraction; Machine vision|Classification (of information); Computer vision; Feature extraction; Grading; Citrus disease detection; Citrus fruit grading; Citrus production; Dietary fibre; Features extraction; Fruit crops; Fruit grading; Machine-vision; Mineral fibers; Systematic Review; Citrus fruits|Conference paper|Final|All Open Access; Gold Open Access|Scopus|2-s2.0-85154045153|3; 26; 27|187.0||https://orcid.org/0009-0004-3879-2872; https://orcid.org/0000-0003-4857-7821; https://orcid.org/0000-0003-3477-6715|['1877-0509']|5|187.0|27.0
Scopus|Kiani, E.; Mamedov, T.|Kiani, Ehsan (35782132100); Mamedov, Tofik (57200217330)|35782132100; 57200217330|Identification of plant disease infection using soft-computing: Application to modern botany|2017|Procedia Computer Science|120|0||893.0|900.0|0|47|10.1016/j.procs.2017.11.323|https://www.scopus.com/inward/record.uri?eid=2-s2.0-85040228000&doi=10.1016%2Fj.procs.2017.11.323&partnerID=40&md5=f7639a753c446686bb023bb9de5f69a2|Botany is the scientific examination of plants characters. Plant disease can be caused either by living organisms having wide range as harmful or benign ones which grow specifically on the horticultural plant leaves or deficiency of minerals e.g. iron, phosphate, nitrogen, etc. Modern agriculture requires smart and feasible techniques to replace the human intelligence with machine intelligence. Whereas a human identifies the disease infected leaves by his eye, the machine should also be capable of vision-based disease identification. The objective of this paper is to practically verify the applicability of a new computer-vision method for discrimination between the healthy and disease infected strawberry leaves which does not require neural network or time consuming trainings. The proposed method was tested under outdoor lighting condition using a regular DLSR camera without any particular lens. Since the type and infection degree of disease is approximated a human brain a fuzzy decision maker classifies the leaves over the images captured on-site having the same properties of human vision. Optimizing the fuzzy parameters for a typical horticultural field at a mid-day summer Mediterranean day in produced 96% accuracy for segmented iron deficiency and 93% accuracy for segmented using a typical human instant classification approximation as the benchmark holding higher accuracy than a human eye identifier. The fuzzy-base classifier provides approximate result for decision making on the leaf status as if it is healthy or not. © 2018 The Authors. Published by Elsevier B.V.|approximate result (AR); Botany; computer-vision; disease-infected leaf; fuzzy-based classifier; strawberry|Biology; Computation theory; Computer vision; Decision making; Fruits; Soft computing; Approximate results; Botany; Fuzzy decision-makers; Horticultural plants; Lighting conditions; Machine intelligence; Modern agricultures; strawberry; Plants (botany)|Conference paper|Final|All Open Access; Gold Open Access|Scopus|2-s2.0-85040228000|4; 1|187.0||https://orcid.org/0000-0002-1785-5895|['1877-0509']|5|187.0|4.0
Scopus|Malarvizhi, N.; Bajait, V.|Malarvizhi, N. (57212626474); Bajait, Vaishali Sukhadeo (57221597469)|57212626474; 57221597469|Optimization based hybrid approach for grape leaf disease classification and pesticide detection|2024|AIP Conference Proceedings|2966|1|50004|||0|1|10.1063/5.0189928|https://www.scopus.com/inward/record.uri?eid=2-s2.0-85190660435&doi=10.1063%2F5.0189928&partnerID=40&md5=fa9a7f2c426abb1c39ad3edb375ae1e1|Grape is one of the most cultivated fruit crops in India and widely used to produce the food items. Among the world, grapes are considered as most significant fruit and it comprises various nutrients, namely Vitamin C. However, grape plants suffer with diseases which extremely affect good quality grape yield. The major six general grape leaf disease and pests are brown spot, leaf blight, downy mildew, anthracnose, and black rot, which produces severe economic suffers to grape commerce. Thus, the early detection of grape leaf disease is highly needed to produce healthy grape yield. Moreover, computer vision driven approaches have been employed effectively in modern years for detecting and classifying plants diseases. In this paper, hybrid approach with fuzzy logic and neural network has been proposed to classify the grape leaf disease. The work is further extended to identify whether leaf is affected with pesticide or not and percentages of pesticide is calculated if it is affected with pesticides. Optimization approach has been used to find accurate results. This optimization based deep learning approach achieved the accuracy of pesticide identification 93.43%. © 2024 Author(s).|deep learning; Deep neuro fuzzy network; Pesticide detection; Plant disease|Desconocido|Conference paper|Final|All Open Access; Bronze Open Access|Scopus|2-s2.0-85190660435|13; 3|123.0||https://orcid.org/0000-0001-7916-6668|['0094-243X', '1551-7616', '1935-0465']|5|123.0|13.0
Scopus|Balakrishna, K.|Balakrishna, K. (59890935500)|59890935500|Fusion approach-based horticulture plant diseases identification using image processing|2020|Advances in computational intelligence and robotics book series|0|0||119.0|132.0|0|7|10.4018/978-1-7998-2736-8.ch005|https://www.scopus.com/inward/record.uri?eid=2-s2.0-85105847274&doi=10.4018%2F978-1-7998-2736-8.ch005&partnerID=40&md5=1d9b1bfe579cdaf2a440e662aa1b1f1a|Plant disease is the major threat to the productivity of the plants. Identification of the plant diseases is the key to prevent the losses in the productivity and quality of the yield. It is a very challenging task to identify diseases detection on the plant for sustainable agriculture, where it requires a tremendous amount of work, expertise in the plant disease, and also requires excessive processing time. Hence, image processing is used here for detection of diseases in multi-horticulture plants such as alternaria alternata, anthracnose, bacterial blight, and cercospora leaf spot and also addition with the healthy leaves. In the first stage, the leaf is classified as healthy or unhealthy using the KNN approach. In the second stage, they classify the unhealthy leaf using PNN, SVM, and the KNN approach. The features are like GLCM, Gabor, and color are used for classification purposes. Experimentation is conducted on the authors own dataset of 820 healthy and unhealthy leaves. The experimentation reveals that the fusion approach with PNN and SVM classifier outperforms KNN methods. © 2022 by IGI Global. All rights reserved.||Desconocido|Book chapter|Final||Scopus|2-s2.0-85105847274|8|44.0||https://orcid.org/0009-0002-2290-9031|['2327-0411', '2327-042X']|5|44.0|8.0
Scopus|Chavan, M.S.|Chavan, Madhukar S. (57211299685)|57211299685|Diagnosis of plant diseases using artificial neural network|2019|International Journal of Innovative Technology and Exploring Engineering|8|11||1464.0|1467.0|0|0|10.35940/ijitee.J9802.0981119|https://www.scopus.com/inward/record.uri?eid=2-s2.0-85073334234&doi=10.35940%2Fijitee.J9802.0981119&partnerID=40&md5=11f05a321b278330cf4f49ed31e1f57d|Pomegranate is one of India's most commonly cultivated fruit crops. manual expert observations are being used to detect leaf diseases that take longer time for further prevention. Fruit diseases are causing devastating disadvantages in worldwide agricultural business economic losses in production in this journal, the answer is proposed and valid by experiment for the identification and classification of fruit disorders. The objective of proposed work is to analyze the illness utilizing picture preparing and artificial intelligence techniques on pictures of pomegranate plant leaf. In the proposed framework, pomegranate leaf picture with complex foundation is taken as input. Then pomegranate leaf ailment division is finished utilizing K-means clustering. The infected segment from portioned pictures is recognized. Best results have been seen when neural networks with a RBFN is used for a classification. © BEIESP.|Image processing; K-means clustering and feature extraction; Segmentation|Desconocido|Article|Final|All Open Access; Gold Open Access|Scopus|2-s2.0-85073334234|0|41.0|||['2278-3075']|5|41.0|0.0
IEEE|D. M. Sharath; S. A. Kumar; M. G. Rohan; Akhilesh; K. V. Suresh; C. Prathap|||Disease Detection in Plants using Convolutional Neural Network|2020|2020 Third International Conference on Smart Systems and Inventive Technology (ICSSIT)|0|0||389|394|0|17|10.1109/ICSSIT48917.2020.9214159||Majority population of the world depends on agriculture as their primary occupation to earn their income. If any problems occur in that primary sector, it is going to affect the livelihood of the population adversely. Hence, it is necessary to maintain the proper balance in the agriculture sector by preventing the same from adverse effects like drought, plant diseases etc. In agriculture sector, especially horticulture yield more income to the farmers than other crops. These crops are prone to many diseases very easily and manual detection of disease in crops is very much difficult in the early stage. To avoid errors due to manual detection of diseases, Machine learning methods are used. Image processing is done by capturing the infected region of image. The infected image is provided for enhancement followed by image segmentation. then, the segmented image is given as input for the classification using convolutional neural network. This entire process is going to take place over an Android platform. This Android application helps the farmers to identify the disease easily. This paper proposes the techniques involved in the detection of diseases in the very early stage using image processing and the classification is made using convolutional neural network. After the identification a proper solution are going to provide to combat the infection in a very early stage to the farmers. This will increase the income of the farmers.|Image Processing;Grabcut segmentation;Gaussian Filter;Activation Function;Convolutional neural networks|Diseases;Image segmentation;Feature extraction;Pipelines;Agriculture;Sociology;Statistics||||IEEE||2; 3; 1; 3; 1; 6|27.0||https://orcid.org/0000-0001-9711-0166||5|27.0|6.0
IEEE|R. Pawar; A. Jadhav|||Pomogranite disease detection and classification|2017|2017 IEEE International Conference on Power, Control, Signals and Instrumentation Engineering (ICPCSI)|0|0||2475|2479|0|25|10.1109/ICPCSI.2017.8392162||In country like India, agriculture is the backbone of the overall GDP. Horticulture has become one of the important source of economy for the country and even the farmers. Formers will face much losses because of the not identifying the diseases at early stage. Relying on pure naked-eye observation to detect and classify diseases can be expensive for various plant diseases such as Pomegranate. It poses a great threat to the agricultural sector by reducing the life of the plants. In Agriculture field also image processing plays a very important role in identifying any disease of the plant or in grading of the quality of the fruit. Identification of the plant diseases is the key to preventing the losses in the yield and quantity of the agricultural product. The studies of the plant diseases mean the studies of visually observable patterns seen on the plant. Health monitoring and disease detection on plant is very critical for sustainable agriculture. It is very difficult to monitor the plant diseases manually. In this paper, we have implemented the methods for the detection of Pomegranate plant diseases using the images of the leaves.|image acquisition;image pre-processing;image segmentation;feature extraction|Diseases;Feature extraction;Image color analysis;Agriculture;Image segmentation;Software||||IEEE||4; 8|22.0||https://orcid.org/0000-0001-5990-8476||5|22.0|8.0
IEEE|H. Krishnan; K. Priyadharshini; M. Gowsic; N. Mahesh; S. Vijayananth; P. Sudhakar|||Retracted: Plant disease analysis using image processing in MATLAB|2019|2019 IEEE International Conference on System, Computation, Automation and Networking (ICSCAN)|0|0||1|3|0|10|10.1109/ICSCAN.2019.8878753||Recognizable proof of plant ailment is troublesome in horticulture field. In the event that recognizable proof is mistaken, at that point there is an enormous misfortune on the generation of yield and efficient estimation of market. Leaf infection recognition requires tremendous sum of work, information in the plant sicknesses, and furthermore require the additionally preparing time. So we can utilize picture handling for recognizable proof of leaf infection in MATLAB. Recognizable proof of ailment pursues the means like stacking the picture, differentiate upgrade, changing over RGB to HSI, extricating of highlights and SVM.||Desconocido||||IEEE||40; 4; 1; 6; 1; 8|19.0||https://orcid.org/0000-0001-8018-0547||5|19.0|40.0
IEEE|H. Krishnan; K. Priyadharshini; M. Gowsic; N. Mahesh; S. Vijayananth; P. Sudhakar|||Retraction Notice: Plant disease analysis using image processing in MATLAB|2019|2019 IEEE International Conference on System, Computation, Automation and Networking (ICSCAN)|0|0||1|1|0|0|10.1109/ICSCAN46389.2019.10702764||Recognizable proof of plant ailment is troublesome in horticulture field. In the event that recognizable proof is mistaken, at that point there is an enormous misfortune on the generation of yield and efficient estimation of market. Leaf infection recognition requires tremendous sum of work, information in the plant sicknesses, and furthermore require the additionally preparing time. So we can utilize picture handling for recognizable proof of leaf infection in MATLAB. Recognizable proof of ailment pursues the means like stacking the picture, differentiate upgrade, changing over RGB to HSI, extricating of highlights and SVM.||Desconocido||||IEEE||40; 4; 1; 6; 1; 8|19.0||https://orcid.org/0000-0001-8018-0547||5|19.0|40.0
IEEE|D. Nath; P. K. Dutta; A. K. Bhattacharya|||Detection of plant diseases and nutritional deficiencies from unhealthy plant leaves using machine learning techniques|2021|4th Smart Cities Symposium (SCS 2021)|2021.0|0||351|356|0|5|10.1049/icp.2022.0368||In countries like India, which are majorly dependent on an agricultural economy, detection of crop-disease and classification has immense significance. To support agriculture, automatic disease detection and classification of plant/crop disease has become an important aspect today. Manual disease detection requires enormous amount of labour and involves too much processing-time. Therefore, image-processing plays important role for the detection of crop/plant disease from images of diseased leaves. The proposed method is based on the automatic segmentation and classification of different diseased regions of leaf from the plant/crop images, which works in three steps: In the first step, pre-processing is applied to the captured leaf image that is subjected to median filters and contrast stretching in order to remove the digitization noise and enhance the contrast of the image, respectively. In the second step, K-means clustering algorithm is employed on L*a*b* colour model of leaf image that segments pixels into uniform sets. These segments then are converted into HSV colour model and the segment that has maximum hue value among other segments are extracted as a disease segment. Finally, to the extracted diseased segment we will apply machine learning, i.e., Multi SVM classifier to classify crop image into various categorises of diseases. The same methodology is used to predict the Chlorophyll-Nitrogen content of the leaf and use the SVM classifier to show whether there is an ‘efficiency’ or ‘deficiency’ of nutrients in the crop.||Desconocido||||IEEE||9; 14; 34|17.0||https://orcid.org/0000-0002-4859-9660; https://orcid.org/0000-0002-4765-3864; https://orcid.org/0000-0001-6720-6108|['2732-4494']|5|17.0|34.0
IEEE|R. Dhivya Praba.; R. Vennila.; G. Rohini.; S. Mithila.; K. Kavitha|||Foliar Disease Classification in Apple Trees|2021|2021 International Conference on Advancements in Electrical, Electronics, Communication, Computing and Automation (ICAECA)|0|0||1|5|0|4|10.1109/ICAECA52838.2021.9675529||Apple is commercially the most important temperate fruit and is third among the most widely produced fruits in the world. Jammu and Kashmir are one of the leading apple producers accounting for about 60% of production in our country and Himachal Pradesh apple accounts for about 90% of horticulture production. The diseases like apple scab, apple rust, and brown rot affect apple trees. During wet cool weather between 55- and 75-degrees Fahrenheit in the spring and early summer, the fungal spores are dispersed by wind and rain. Apple scab is the most important disease of apple which results in a 70% yield loss or even more if not managed properly. Currently, crop disease diagnosis mainly relies on farmer scouting, which is time-consuming, expensive, and ineffective due to the difference in diagnosing experience. The proposed method uses Deep Learning algorithms like VGG16, Dense Net121 and ResNetlS to classify images into four classes healthy leaves, apple scab leaves, apple rust leaves, and multiple diseases leaves. Model performance is evaluated by comparing the prediction accuracy and confusion matrix and finds the best model for this classification|Plant disease diagnosis;foliar diseases;Apple scab;Apple rust;VGG16;Dense Netl21;ResNetl8|Wind;Rain;Computational modeling;Predictive models;Prediction algorithms;Telecommunication computing;Medical diagnosis||||IEEE||3; 1; 1; 4; 9|17.0||||5|17.0|9.0
IEEE|K. S. Rekha; H. D. Phaneendra; B. C. S. Gandha; H. Rohan; B. N. S. Niranjan; C. Badrinat|||Disease Detection in Tomato Plants Using CNN|2022|2022 IEEE 3rd Global Conference for Advancement in Technology (GCAT)|0|0||1|6|0|6|10.1109/GCAT55367.2022.9972186||Tomato is one of the highest yield cash crops in the World and is produced in large quantity to fulfil the huge market demand. In India tomato season prevails throughout the year and has high commercial value, it is harvested four times a year based on the geo location. Diseases indirectly affect the quality and yield of the crops. In this regard always prevention is better than cure is the best way to go, so early diseases detection plays a crucial role for high quality yielding and plays a crucial role in scientific agricultural practice with proper pesticides for specific category of disease. The objective of the study is to categorise tomato diseases using deep hidden layers of Convolution Neural Network (CNN),for the identification and classifying 8different classes of diseases in tomato leaf with an accuracy around 94.17%, our model which uses CNN allows the farmers to get an accurate disease prediction based on the photo uploaded by them and remedies for the diseases is suggested, the processing of image is done by using feature extraction methods where feature such as shape, colour, and texture are taken in consideration.|Convolution Neural Network (CNN)|Convolution;Shape;Image color analysis;Neural networks;Crops;Predictive models;Feature extraction||||IEEE||6; 1; 1; 1; 1; 1|13.0||||5|13.0|6.0
IEEE|D. Mathew; C. S. Kumar; K. A. Cherian|||Application of discrete orthonormal Stockwell transform and local neighborhood patterns for leaf disease classification in banana|2021|2021 International Conference on Communication, Control and Information Sciences (ICCISc)|1.0|0||1|5|0|8|10.1109/ICCISc52257.2021.9484860||Among fruit crops, banana is a significant fruit in agricultural production and trade. However, global banana production is severely affected by diseases, leading to substantial declination in the yield. Hence, timely detection and control of these diseases is necessary. Diagnosis of diseases by manual inspection of initial symptoms is quite challenging for farmers. This paper demonstrates a novel machine learning approach towards classification of three major foliar fungal diseases, Sigatoka, Deightoneilla and Cordana, using discoloration patterns appearing on the leaf blade. The images, after pre-processing and segmentation, are transformed to frequency domain using discrete orthonormal Stockwell transform (DOST). Feature vectors based on local neighborhood patterns such as local binary pattern (LBP), elliptic LBP (ELBP) and its variants, are extracted from DOST transformed images and classified using five prominent image classifiers. A comparative analysis of performance metrics through a ten-fold cross validation procedure is done. Classification accuracy of 95.9% is obtained for ELBP features when classified with artificial neural network classifier (ANN). The technique of integrating DOST with LBP based features has achieved significant accuracy compared to contemporary methods of disease classification in plants.|Leaf diseases;Musa;local binary pattern;textural features;image transforms|Measurement;Visualization;Shape;Transforms;Production;Artificial neural networks;Inspection||||IEEE||3; 15; 6|12.0||https://orcid.org/0000-0002-1008-7467||5|12.0|15.0
Scopus|Verma, V.; Ramakant, n.; Mathur, H.; Agarwal, N.|Verma, Vikas (57465018600); Ramakant, n. (57886721700); Mathur, Hemant (57887179300); Agarwal, Neha (58716760800)|57465018600; 57886721700; 57887179300; 58716760800|IOT Assisted Smart Farming using Data Science Techniques|2022|2022 IEEE World Conference on Applied Intelligence and Computing (AIC)|0|0||503.0|507.0|0|2|10.1109/AIC55036.2022.9848867|https://www.scopus.com/inward/record.uri?eid=2-s2.0-85137804446&doi=10.1109%2FAIC55036.2022.9848867&partnerID=40&md5=807196780c16ef2d56b29308dfc89fa4|The rising global population demands a high yield of crop production. At present, farmers grow crops for all the people, but in case of contracting horticultural grounds and exhaustion of limited regular assets due to many reasons, and a massive increase in population, the need to improve ranch yield has turned out to be essential. Nowadays, there are various startups, technology innovators, and steps taken by the government that work to enhance total crop production. All those innovations taken for the farming framework are called smart Farming (SF). Smart Farming includes consolidating data and correspondence advances into apparatus, hardware, and sensors in the rural creation framework. The advancement of technologies must be reduced to convey meaningful information. The economy of nations like India is highly dependent on agricultural production. So disease detection in plants using an efficient algorithm is supposed to be a vital job in the farming field. This research paper is presented in three-fold:(1) Efficient way to detect disease and find cavity area; It presents Image Segmentation Algorithm (2) Using data analysis in different ways which will work for crops in a better way. The paper also presents two analysis methodologies, one is based on using an optical transducer for detecting the presence of Nitrogen (N), Phosphorous (P), and Potash (K) in soil, and the other analysis is based on the moisture content of the soil using sensors. (3)using machine learning algorithms to predict the number of fertilizers based on the collected features of soil samples, which will help farmers in amount prediction. © 2022 IEEE.|Internet of Things (IoT); Segmen-tation; Software Big data; Soil Moisture Sensor|Agricultural technology; Big data; Crops; Cultivation; Image segmentation; Learning algorithms; Machine learning; Moisture control; Potash; Soil moisture; Agricultural productions; Crop production; Disease detection; Global population; Higher yield; Internet of thing; Research papers; Segmen-tation; Software big data; Soil moisture sensors; Internet of things|Conference paper|Final||Scopus|2-s2.0-85137804446|10; 6; 7; 12|12.0||https://orcid.org/0000-0002-1193-1631; https://orcid.org/0000-0002-9029-4166||5|12.0|12.0
Scopus|Krishna, K.S.; Narayana, G.V.S.|Krishna, Katiki Sai (57214834889); Narayana, G. V.S. (57201584435)|57214834889; 57201584435|Early Blight and Late Blight Disease Prediction using CNN for Potato Leaves|2022|2022 Second International Conference on Computer Science, Engineering and Applications (ICCSEA)|0|0||||0|6|10.1109/ICCSEA54677.2022.9936100|https://www.scopus.com/inward/record.uri?eid=2-s2.0-85142394477&doi=10.1109%2FICCSEA54677.2022.9936100&partnerID=40&md5=b092aec322e50ba0186aaf4de4b15f05|A well-known vegetable crop farmed all throughout the world is the potato. The possibility of a large number of diseases, however, could also impair the harvest. In order to quickly deal with the crop, it is vital for the planter to recognise the type of contamination. It had been determined that the leaves were a simple indicator of many diseases. Many Machine Learning (ML) techniques as well as Convolution Neural Network (CNN) models are superior in the literature for the detection of tomato crop diseases. CNN models rely on deep learning and neural networks, which are superior than traditional machine learning methods like decision trees and kNN. Although well before CNN creates beautiful artwork, the wide range of subjects they cover renders them operationally intensive. This painting suggests a less complex CNN model with eight convolution layer At the publicly accessible dataset PlantVillage, the recommended compact model performs better than the standard machine learning techniques and pre-trained fashions with an accuracy of 98.4%. The PlantVillage dataset includes 39 classes of different crops, including tomato diseases. These crops include apple, potato, maize, grapes, and more. In comparison to VGG16, which has an amazing accuracy of 93% 5% in pretrained patterns, k-NN has the absolute best accuracy of 94% in conventional ML approaches. After image augmentation, picture pre-processing was used to improve the suggested CNN's overall performance by having the ability to modify the brightness of the image using the knowledge of a prospective variable involving a randomized width of the image. The suggested model, which has a 98% accuracy rate, is also incredibly effective with datasets other than PlantVillage. © 2022 IEEE.|and image pre-processing.; convolutional networks; Deep learning|Convolution; Crops; Decision trees; Deep learning; Fruits; Image enhancement; Learning systems; Nearest neighbor search; Plants (botany); And image pre-processing.; Convolution neural network; Convolutional networks; Image preprocessing; Late blight; Machine learning techniques; Neural network model; Simple++; Vegetable crops; Neural network models|Conference paper|Final||Scopus|2-s2.0-85142394477|1; 3|12.0||||5|12.0|3.0
IEEE|R. N. D; A. R; D. G; G. P. S|||Plant Health Monitoring System and Smart Gardening using IoT|2022|2022 IEEE International Conference on Data Science and Information System (ICDSIS)|0|0||1|5|0|1|10.1109/ICDSIS55133.2022.9915830||Plant heath is the scientific framework associated with controlling pest infection and pathogen intervention. This in large scale could be helpful in managing effectiveness of field or forest. The food we eat in and the cattle we grow all have close correlation with plant health. The plant health monitoring system includes chlorophyll analysis, crop density or growth analysis and nutrient analysis using image processing technique. The proposed method monitors the plant health by Chlorophyll meter is used for identifying nutrient deficiency in plants. The existing chlorophyll meter is expensive and has many disadvantages. A low-cost chlorophyll meter is implemented and it has combined assistance of internet of things. The results are compared with that of spectrophotometer and all its enhancements are highlighted. The objective is satisfied there by introduction of low cost and less complexity. The ultrasonic sensors transmit and receives waves from the target it hits. This is mounted at the top of the crop or field there by continuously monitoring the growth and indicating the periodical growth updation. The nutrition of the plant is monitored by the image processing technique, using plant image acquired from the camera. The raspberry pi board is the heart of the entire system where it controls the entire experimentation.|Raspberry pi. Plant Health Monitoring;Nutrition and Chlorophyll.|Temperature sensors;Meters;Temperature measurement;Costs;Image processing;Crops;Cameras||||IEEE||2; 1; 1; 1|12.0||||5|12.0|2.0
IEEE|O. Chougule; D. Katheria; K. Jain; S. Shinde|||Tomato Blight Classification Using Transfer Learning and Fine Tuning|2022|2022 2nd Asian Conference on Innovation in Technology (ASIANCON)|0|0||1|11|0|2|10.1109/ASIANCON55314.2022.9908820||Plant diseases are a huge hazard to the world’s food supply. Farms are frequently exposed to pest and disease outbreaks. Tomatoes are the second-largest vegetable crop grown worldwide. Early identification of plant blight helps farmers to take proper care of tomato plants hence they can secure their agricultural income. Farmers need a quick, consistent, and reliable method to identify plant diseases early. So, we have prepared a React Native Mobile application through which farmers can take a picture of their tomato crop leaf, and our CNN model predicts the type of blight leaf has, if any, or shows it is healthy. CNN deep learning models are widely used for image classification. Lightweight Pre-trained models are readily available and are trained on ImageNet data. We have prepared different models with pre-trained models using transfer learning and fine-tuning techniques. We have selected MobileNetV2, NASNetMobile, and EfficientNetV2B0 pre-trained models for the study as these are lightweight models and which was the basic requirement as we have built the mobile application. We have compared the performance of the models for different learning rates, batch size, and dropout with different metrics such as accuracy, loss, precision, recall, f1-score, and AUC for the 100 epochs. The best classification performance is shown by the model using EfficientNetV2B0 with a training accuracy of 99.95%, validation accuracy of 98.12%, and testing accuracy of 97.58% and the size of the model is 30.6 MB which is easily deployable for the mobile application.|Tomato Blight Classification;CNN;Transfer Learning;Fine-tuning;Light-weight models|Training;Measurement;Deep learning;Plants (biology);Transfer learning;Crops;Mobile applications||||IEEE||1; 1; 4; 12|11.0||https://orcid.org/0009-0003-0120-7580||5|11.0|12.0
IEEE|J. J. Amarnath; V. V; S. M. D|||Hybrid Model of K-Means Clustering and SVM to Detect Ailments in Vegetables|2022|2022 1st International Conference on Computational Science and Technology (ICCST)|0|0||716|720|0|0|10.1109/ICCST55948.2022.10040394||Agriculture is the backbone of Indian Economy, which is true because 70% of India's population are engaged in agriculture and raw material for industrial sectors like food processing. As the population increased, the demand for food also increased. However, disease infection of agricultural goods such as vegetables leads in a decrease in both quality and quantity. Farmers' livelihoods and public health are directly impacted as a result of this. Because of this, early diagnosis of illnesses in vegetable crops reduces the loss of productivity and product quality. Viral and microbial infections as well as environmental stressors are the primary causes of most vegetable-related disorders. Image processing techniques such as K-means clustering and Support Vector Machines (SVM) will be used to identify and diagnose vegetable illnesses, according to the suggested model (SVM). For categorization, it uses supervised leaning. In this paradigm, there are many steps involved in acquiring and processing images, including image segmentation, feature extraction, classification, and illness classification. Alerts are sent via a buzzer if a sickness has been detected. Farmers would have been able to avoid the problem if they had been alerted early. In other words, if breakouts are caught early and dealt with quickly, the farmer stands to lose very little money.|Image Preprocessing;Features extraction;K-means Clustering;Support Vector Machine|Support vector machines;Sociology;Clustering algorithms;Spraying;Mathematical models;Agriculture;Classification algorithms||||IEEE||4; 1; 0|10.0||||5|10.0|4.0
Scopus|Padma, A.; Suresh, P.; Narsimlu, G.; Amarnath, M.; Sreedhar, B.R.|Padma, Akkenapalli (57235635400); Suresh, Pallerla (57219806585); Narsimlu, G. (55151153700); Amarnath, M. (59738984100); Sreedhar, B. R. (57196593848)|57235635400; 57219806585; 55151153700; 59738984100; 57196593848|Artificial Intelligence-Powered Internet of Things for Farming and Plant Research|2025||0|0||592.0|595.0|0|0|10.1109/ICEARS64219.2025.10940749|https://www.scopus.com/inward/record.uri?eid=2-s2.0-105002706677&doi=10.1109%2FICEARS64219.2025.10940749&partnerID=40&md5=6fb9ff9d5603e94135cc0a011285bd62|The wearable fiber optic sensors for plants to monitor microenvironment and growth wearable fiber optic plant sensors for microclimate and growth monitoring. The plant agricultural sectors are facing challenges because to population expansion and climate change.AI-powered computer vision-based plant growth monitoring system the goal of this research project is to use computer vision to create an AI-based plant growth monitoring system. The technology will allow for automatic and real-time evaluation of plant growth and health by utilizing computer vision algorithms and artificial intelligence approaches. Conventional techniques for tracking plant growth require a lot of work and time. By employing image processing techniques to analyze plant photos and extract pertinent features leaf area, plant height, and width, the suggested solution will overcome these drawbacks. Using the collected information, machine learning methods will be used to train models that can identify patterns and forecast plant development. The system will be made to adapt to various plant species and environmental circumstances. This AI-based plant growth monitoring system will help farmers, researchers, and plant enthusiasts by offering precise and timely insights into plant health and growth. This will allow them to make well-informed decisions about plant care and optimize growth conditions. By providing an economical, scalable, and effective system with numerous applications in horticulture, agriculture, and environmental research, this research project seeks to transform plant growth monitoring. © 2025 IEEE.|Artificial Intelligence; Climate change Growth; IoT; Plant Monitoring; Sensor|Fertilizers; Climate change growth; Fiber-optics; Fibre-optic sensor; Growth monitoring; IoT; Microenvironments; Monitoring system; Plant growth; Plant healths; Plant monitoring; Smart agriculture|Conference paper|Final||Scopus|2-s2.0-105002706677|3; 10; 1; 7; 80|||https://orcid.org/0000-0001-8309-7562; https://orcid.org/0000-0002-4955-4819||5|0.0|80.0
IEEE|V. Parisae; D. Yushmanth; N. M. Sree; G. Manyasri; C. Jannu; G. S. S. Rao|||Classification and Detection of Apple Leaf Disease Using DenseNet201 and YOLOV8|2025|2025 9th International Conference on Inventive Systems and Control (ICISC)|0|0||70|77|0|0|10.1109/ICISC65841.2025.11188291||Globally, plant diseases severely reduce crop output, consequently affecting agricultural productivity. Lots of specialist expertise makes it tough to detect those issues. The usage of leaf pictures, deep learning-primarily based models present interesting answers; despite the fact that, problems including the call for more extensive training sets and computational complexity remain unresolved. We propose a convolutional neural network (CNN) with much less layers to address this, consequently lowering computational load. The training set is expanded using augmentation methods along with shift, shear, scaling, zoom, and flipping without gathering fresh snap shots. Since about half of the world's populace relies upon on agriculture, raising production by way of 50–60 % is absolutely crucial, mainly in areas experiencing fast population growth. Apple crop output in India suffers no matter an increasing location of cultivation yield has hardly ever modified. A chief apple-producing state, Himachal Pradesh, suffers significantly in fruit quality from fungal infections. Our work tackles those issues via the use of YOLO series models for effective disease detection in apples and deep learning models together with pre-trained ones to handle timeliness and accuracy of disease diagnosis is guaranteed through using picture processing and artificial intelligence. This era should rework apple plant disease detection, consequently improving food security all round. Brief intervention facilitates farmers protect their plants and guarantee higher yields, there-fore contributing to the general meals security for the rising world population.|Apple diseases;classification;convolutional neu-ral network;deep learning;disease detection;image processing;machine learning|Deep learning;Training;YOLO;Plant diseases;Image processing;Food security;Crops;Agriculture;Real-time systems;Convolutional neural networks||||IEEE||5; 0; 0; 0; 8; 59|||https://orcid.org/0000-0003-0980-8076; https://orcid.org/0000-0003-3609-3491||5|0.0|59.0
Scopus|Kaur, A.; Kukreja, V.; Rana, D.S.; Garg, A.; Sharma, R.|Kaur, Arshleen (58195664300); Kukreja, Vinay (49661773100); Rana, Deepak Singh (57536243600); Garg, Ashish (57198487284); Sharma, Rishabh (57220725633)|58195664300; 49661773100; 57536243600; 57198487284; 57220725633|Deep Insights into Mango Scab: An AI-Powered Approach for Detection and Classification|2024||0|0||||0|1|10.1109/ICAECT60202.2024.10468676|https://www.scopus.com/inward/record.uri?eid=2-s2.0-85190100342&doi=10.1109%2FICAECT60202.2024.10468676&partnerID=40&md5=a40b03dd46b47000430c621cee9ab222|The mango, which comes from the plant genus Mangifera indica L., is a fruit crop that is well-regarded all over the world due to its scrumptious flavor and noteworthy nutritional profile. The illness known as mango scab, which is brought on by the fungus Elsinoe mangiferae, is a serious obstacle for the mango business. This disease causes the mango fruit to develop scaly lesions, which in turn results in decreased market value and yield losses. To effectively manage a disease, timely discovery and correct assessment of the severity of the condition are both essential. This study provides a hybrid deep learning (DL) model that combines a Convolutional Neural Network (CNN) for the detection of disease with a Support Vector Machine (SVM) for the categorization of the severity of the disease. The model was trained and tested using a broad dataset of mango photos that included a range of disease severity levels as well as different varieties of mango. The model's performance in illness detection resulted in an overall accuracy of 95.93%, with scores of best precisions of 97.17% and best recall of 96.28%, respectively. When it came to the classification of severity, the SVM classifier was able to achieve an accuracy of 95.93%. These findings provide evidence that the model is capable of precisely identifying the degree of mango scab illness and demonstrating its usefulness in detecting the condition. To provide mango farmers with a flexible instrument, the hybrid method makes use of the capability of CNNs to extract features as well as the SVM's skill in classifying data. This research provides growers with up-to-date information that enables targeted disease management. As a result, mango crop yields are increased, and economic losses are decreased. © 2024 IEEE.|Agriculture Technology; Deep Learning; Image-based recognition; Mango Crop; Mango Scab Disease; Severity Detection|Classification (of information); Convolutional neural networks; Crops; Deep learning; Fruits; Image classification; Image recognition; Losses; Plants (botany); Support vector machines; Agriculture technology; Condition; Image-based; Image-based recognition; Mangifera indica L; Mango crop; Mango scab disease; Scab disease; Severity detection; Diseases|Conference paper|Final||Scopus|2-s2.0-85190100342|8; 58; 5; 24; 23|||https://orcid.org/0009-0008-7501-4155; https://orcid.org/0000-0002-9760-0824; https://orcid.org/0000-0002-6276-9961||5|0.0|58.0
Scopus|Yashu, n.; Kukreja, V.; Madan, K.; Singh, A.; Kumar, D.|Yashu, n. (58765768300); Kukreja, Vinay (49661773100); Madan, Karun (57104824700); Singh, Amitoj (57209902347); Kumar, Deepak (57202478164)|58765768300; 49661773100; 57104824700; 57209902347; 57202478164|Advancing Pear Disease Recognition: A Hybrid CNN-Random Forest Approach|2023||0|0||||0|1|10.1109/SMARTGENCON60755.2023.10442719|https://www.scopus.com/inward/record.uri?eid=2-s2.0-85187562882&doi=10.1109%2FSMARTGENCON60755.2023.10442719&partnerID=40&md5=825a2acd24124fc0099d469d0a1ebeac|The pear is a key fruit in the horticultural sector, renowned for its adaptability and nutritional value. In recent years, the effects of climate change have increased dramatically. It is influencing all stages of plant production and compelling farmers to adopt new technologies based on data analytics to modify and adapt their crop management practices. Every year, plant diseases are proven to cause significant economic losses. This study introduces a novel method for automating the recognition of pear disease using a synergistic combination of Convolutional Neural Networks (CNN) and Random Forest. A meticulously collected and annotated dataset containing 3,150 high-resolution images of pear leaves in various disease states was compiled. The proposed system's exceptional accuracy of 77.2% signifies a significant advance in agricultural technology. The CNN module is optimised for robust feature extraction, which enables the model to recognise intricate patterns and textures that are characteristic of various pear diseases. Utilising the collective intelligence of a collection of decision trees, a Random Forest classifier is used to refine classification. This study demonstrates the potential of deep learning-based models in the detection and handling of pear disease, which can result in substantial enhancements to pear production and food security. © 2023 IEEE.|CNN; deep learning; disease recognition; fruit; pear; random forest|Climate change; Convolutional neural networks; Crops; Data Analytics; Decision trees; Deep learning; Food supply; Losses; Plants (botany); Textures; Convolutional neural network; Crop management practices; Data analytics; Disease recognition; Nutritional value; Pear; Plant production; Random forests; Technology-based; Fruits|Conference paper|Final||Scopus|2-s2.0-85187562882|5; 58; 3; 14; 18|||https://orcid.org/0000-0002-9760-0824; https://orcid.org/0000-0002-5884-3145; https://orcid.org/0000-0002-6282-8925||5|0.0|58.0
IEEE|Yashu; V. Kukreja; P. Srivastava; A. Garg|||Fruitful Fusion: CNN-Random Forest Synergy in Banana Ripeness Detection|2024|2024 IEEE International Conference on Information Technology, Electronics and Intelligent Communication Systems (ICITEICS)|0|0||1|6|0|0|10.1109/ICITEICS61368.2024.10625429||This research paper introduces a new methodology for detecting the maturity of bananas by combining Convolutional Neural Networks (CNN) with Random Forest. The objective is to tackle the pressing need for automated evaluation of fruit quality in the field of agriculture. The experimental configuration included the use of Windows 11 as the operating system, an i5 processor as the central processing unit, and the Colab platform, which together facilitated efficient testing. The model had a notable overall accuracy rate of 86.97%, indicating its strong categorization skills. Additionally, the F1 score, which is calculated as the harmonic mean of accuracy and recall, exhibited an average value of 87.00, therefore emphasising the model's well-balanced performance. The precision scores showed a range of 81.97% to 91.37%, which signifies the level of accuracy in positive forecasts across various ripeness categories. The use of a hybrid strategy efficiently leveraged the feature extraction capabilities of Convolutional Neural Networks (CNN) and the ensemble learning technique of Random Forest to achieve accurate and dependable classification. The findings indicate a significant development in the precise identification of fruit maturity, showcasing potential implications in enhancing harvest procedures and reducing post-harvest wastage. This research establishes a foundation for the development of enhanced and automated techniques for evaluating the quality of fruits, hence offering potential advantages to the agriculture sector.|Banana;CNN-Random forest;Deep Learning;Fruit;Crop;Agriculture;Health;Diseases|Accuracy;Operating systems;Forestry;Pressing;Harmonic analysis;Agriculture;Convolutional neural networks||||IEEE||5; 58; 8; 8|||https://orcid.org/0000-0002-9760-0824; https://orcid.org/0000-0003-1446-2022; https://orcid.org/0000-0003-3958-0025||5|0.0|58.0
IEEE|L. R. Chaudhari; A. V. Tidke; P. S. Gupta; P. Patel; S. Hudnurkar|||Roses Plant Disease Detection using DenseNet121 Model|2024|2024 International Conference on Intelligent Systems and Advanced Applications (ICISAA)|0|0||1|5|0|2|10.1109/ICISAA62385.2024.10828973||Roses diseases pose a significant threat to horticultural productivity, necessitating early detection and intervention for effective management. This research proposes the development of a web-based application leveraging Deep Learning (DL) methodologies to facilitate rapid and accurate disease identification in roses. The application will employ a pre-trained Convolutional Neural Network (CNN) model, DenseNet121, fine-tuned on a curated dataset of rose disease images through transfer learning. Users will be able to upload images of their plants via the web interface, which will then be analyzed by the DenseNet121 model to identify potential diseases. This DL-powered tool aims to empower gardeners and horticulturists with a user-friendly platform for early disease detection and proactive management, ultimately contributing to healthier rose cultivation practices. The research will investigate the effectiveness of DenseNet121 for detecting rose diseases, assess the accuracy of the web application across various disease types, and explore the practical implications of integrating such a tool into real-world horticultural settings.|Deep Learning;DenseNet121;CNN;Agriculture;Web Application;Streamlit|Deep learning;Productivity;Plant diseases;Accuracy;Scalability;Transfer learning;Real-time systems;Robustness;Convolutional neural networks;Intelligent systems||||IEEE||3; 1; 45; 5; 1|||https://orcid.org/0000-0002-1586-0607; https://orcid.org/0000-0002-3687-3853; https://orcid.org/0000-0003-0438-4366||5|0.0|45.0
IEEE|M. Maimaitiyiming; M. Maimaitijiang; P. Sidike; V. Sagan; Z. Migicovsky; D. H. Chitwood; P. Cousins; N. Dokoozlian; A. J. Miller; M. Kwasniewski|||Modeling Early Indicators of Grapevine Physiology Using Hyperspectral Imaging and Partial Least Squares Regression (PLSR)|2020|IGARSS 2020 - 2020 IEEE International Geoscience and Remote Sensing Symposium|0|0||1117|1120|0|1|10.1109/IGARSS39084.2020.9323679||In this contribution, we use field-based hyperspectral imaging (HSI) and partial least squares regression (PLSR) to estimate early indicators of grapevine physiological indicators, and analyze identified significant spectral regions for fast and accurate plant health monitoring. HSI and physiological measurements were carried out at two commercial vineyards in California, USA. The PLSR models were developed between reflectance spectra extracted from hyperspectral images and four vine physiological parameters, including stomatal conductance (Gs) photosynthetic CO2 rate (A), intercellular CO2 concentration (Ci) and transpiration rate (E). The results demonstrate PLSR models to predict physiological parameters ( R2 ≥ 0.6), and the best model was found for Gs (R2=0.7). The identified significant spectral regions overlap with most commonly used remote sensing stress indicator, suggesting that HSI coupled with PLSR has great potential for upscaling and broader agricultural applications.|Hyperspectral imaging;Grapevine;Physiology;Stress;PLSR|Biomedical monitoring;Hyperspectral imaging;Reflectivity;Load modeling;Pipelines;Predictive models;Physiology||||IEEE||18; 23; 23; 31; 26; 45; 14; 34; 34; 14|||https://orcid.org/0000-0002-4241-6181; https://orcid.org/0000-0001-6153-1583; https://orcid.org/0000-0003-4375-2096; https://orcid.org/0000-0002-3931-1258; https://orcid.org/0000-0003-4875-1447; https://orcid.org/0000-0002-1525-1967; https://orcid.org/0000-0002-2722-9361; https://orcid.org/0000-0003-3097-9638||5|0.0|45.0
IEEE|J. Kaur; A. K. Sharma; M. Kaushal; A. Badhoutiya; N. Reddy; A. Alkhayyat|||An Overall Disease Analysis of Mango Using Neural Network with Hybrid Feature model|2023|2023 IEEE World Conference on Applied Intelligence and Computing (AIC)|0|0||119|124|0|0|10.1109/AIC57670.2023.10263945||Mango is a highly valued fruit crop, with arable land covering about 36% of the total fruit area. With roughly 23% of the total area under mango, Uttar Pradesh and Andhra Pradesh lead the way, followed by Tamil Nadu, Karnataka, Gujarat, and Bihar. Global food security is affected a lot due to crop plant diseases. These diseases directly affect the quality of food, fruits, etc., resulting in a fall in agricultural productivity. Farmers must assess the leaf, fruit, or tree through visual interpretation to determine whether any fruit crop part is contaminated or blooming properly. But this traditional technique has its limitations; it is inconsistent, unreliable, and prone to mistakes. Researchers have proposed a variety of techniques for resolving the above-stated issues. Most of them preferred the modelling of convolutional neural network models according to problem areas by giving low-resolution images as input, resulting in low disease detection accuracy. In this work, we use an artificial neural network (ANN) technique with the objective of early detection of disease in any part of the fruit crop with tiny disease blobs that can only be seen with better resolution images. All the contaminated blobs are segmented for the entire dataset after a pre-processing phase using a contrast enhancement approach.|convolutional neural network;enhancement;resolution;image classification;feature selection|Productivity;Visualization;Image segmentation;Plant diseases;Image resolution;Crops;Pattern recognition||||IEEE||28; 35; 1; 5; 4; 41|||https://orcid.org/0000-0002-6224-8680; https://orcid.org/0000-0002-1180-056X; https://orcid.org/0000-0002-0962-3453||5|0.0|41.0
IEEE|R. G. de Luna; E. P. Dadios; A. A. Bandala; R. R. P. Vicerra|||Tomato Fruit Image Dataset for Deep Transfer Learning-based Defect Detection|2019|2019 IEEE International Conference on Cybernetics and Intelligent Systems (CIS) and IEEE Conference on Robotics, Automation and Mechatronics (RAM)|0|0||356|361|0|17|10.1109/CIS-RAM47153.2019.9095778||Tomato is considered as one of the vegetable crops with highest demand in the Philippines. Job of the farmers does not end after harvesting since the harvested tomatoes needed to be sorted according to its size. Manual sorting is the most widely recognized strategy in sorting but is very dependent on human interpretation and thus, very prone to error. This research proposed a solution that provides sorting of tomato fruit by detection of presence of defect. The study presented the generation of image dataset for a deep learning approach detection of defects based from a single tomato fruit image. Models were implemented using OpenCV libraries and Python programming. A total of 1200 tomato images classified as no defect and with defect are gathered using the improvised image capturing box. These images are used for the training, validation, and testing of the three deep learning models namely; VGG16, InceptionV3, and ResNet50. From this, 240 images are used as testing images to assess independently the performance of the trained models using accuracy and F1-score as performance metrics. Experiment results shown that VGG16 has 95.75-95.92-98.75 training-validation-testing accuracy percentage performance, 56.38-59.24-58.33 for the InceptionV3 model, and 90.58-58.46-64.58 for the ResNet50. Comparative analysis revealed that VGG16 is the best deep learning model to be used in the detection of presence of defect in the tomato fruit based from the dataset gathered.|tomato defect detection;deep transfer learning;image processing;solanum lycopersicum|Machine learning;Training;Diseases;Image color analysis;Image segmentation;Feature extraction||||IEEE||10; 34; 30; 22|||https://orcid.org/0009-0007-8633-9724; https://orcid.org/0000-0002-5751-389X; https://orcid.org/0000-0002-3568-4858; https://orcid.org/0000-0002-8824-3749||5|0.0|34.0
IEEE|S. S. Chouhan; U. P. Singh; A. Kaul; S. Jain|||A Data Repository of Leaf Images: Practice towards Plant Conservation with Plant Pathology|2019|2019 4th International Conference on Information Systems and Computer Networks (ISCON)|0|0||700|707|0|59|10.1109/ISCON47742.2019.9036158||The relationship between the plants and the environment is multitudinous and complex. They help in nourishing the atmosphere with diverse elements. Plants are also a substantial element in regulating carbon emission and climate change. But in the past, we have destroyed them without hesitation. For the reason that not only we have lost a number of species located in them, but also a severe result has also been encountered in the form of climate change. However, if we choose to give them time and space, plants have an astonishing ability to recover and re-cloth the earth with varied plants and species that we have, so recently, stormed. Therefore, a contribution has been made in this article towards the study of plant growth and its management. Twelve economically and environmentally beneficial plants have been selected for this purpose. Leaf images of these plants in healthy and unhealthy conditions have been acquired and alienated among two separate classes. We have collected about 4503 images of which contain 2278 images of healthy leaf and 2225 images of the diseased leaf. Further, we hope that this study can be beneficial for researchers and academicians in developing methods for plant identification, plant classification, plant growth monitoring, leaf disease diagnosis, etc. Finally, the anticipated impression is towards a better understanding of the plants to be planted and their appropriate management.|Computer Vision;Deforestation;Forestation;Horticulture;Image Processing;Plant Conservation;Plant Pathology|Diseases;Forestry;Monitoring;Vegetation;Image color analysis;Computer vision;Agriculture;Climate change||||IEEE||24; 25; 15; 32|||https://orcid.org/0000-0003-3787-1857; https://orcid.org/0000-0003-2077-0793; https://orcid.org/0000-0003-1574-0522||5|0.0|32.0
Scopus|Gautam, V.; Maheshwari, H.; Tiwari, R.G.; Agarwal, A.K.; Kumar Trivedi, N.K.; Garg, N.|Gautam, Vinay (57529039600); Maheshwari, Himani (57195066982); Tiwari, Raj Gaurang (57198002674); Agarwal, Ambuj Kumar (57189048540); Kumar Trivedi, Naresh Kumar (57216614673); Garg, Navin (57544640600)|57529039600; 57195066982; 57198002674; 57189048540; 57216614673; 57544640600|Feature Fusion Approach with Inception-RestNet and Canonical Correlation Analysis for Strawberry Leaf Disease Detection|2024||0|0||288.0|292.0|0|3|10.1109/InCACCT61598.2024.10551189|https://www.scopus.com/inward/record.uri?eid=2-s2.0-85196621803&doi=10.1109%2FInCACCT61598.2024.10551189&partnerID=40&md5=b22ed134c990bad031f782c8443a8a05|Strawberries are one of the most demanding horticulture crops due to their flavor and nutritional value. Therefore, the demand for strawberries growing yearly and production of the same is very low. The prime factor of low production is leaf disease because the crop is susceptible to various types of leaf diseases. This causes huge financial losses every year to the farmers. Therefore, adequate action is needed to save strawberry crops from diseases and effectively manage their spread. Farmers were completely dependent on expert skilled personnel to identify crop diseases that may be the reason for the loss of crop yield. Therefore, this research proposed a novel deep-learning method to recognize plant leaf disease to optimize losses. However, with the invention of this method, it is easy to recognize different disease patterns within the plant leaf. The research proposed a feature fusion-based deep learning model named FFIR (Feature Fusion with Inception-RestNet) for recognizing leaf diseases. The features were extracted with a composition of the Inception-RestNet model. Later, the extracted features are fused in a fusion matrix using canonical correlation analysis (CCA). Afterward, the classification was performed with a Convolution Neural network. The proposed model outperformed with an accuracy of 99.34%. © 2024 IEEE.|deep learning; pre-trained models; Strawberry leaf disease; transformer|Correlation methods; Deep learning; Fruits; Horticulture; Learning systems; Losses; Canonical correlations analysis; Features fusions; Leaf disease; Leaf disease detections; Nutritional value; Plant leaves; Pre-trained model; Strawberry leaf disease; Transformer; Crops|Conference paper|Final||Scopus|2-s2.0-85196621803|18; 6; 20; 18; 16; 31|||https://orcid.org/0000-0002-0258-5132; https://orcid.org/0000-0001-7476-6007; https://orcid.org/0000-0003-1352-3321; https://orcid.org/0000-0001-5181-5750; https://orcid.org/0000-0003-4727-3885; https://orcid.org/0000-0002-0321-2813||5|0.0|31.0
IEEE|H. E. David; K. Ramalakshmi; H. Gunasekaran; R. Venkatesan|||Literature Review of Disease Detection in Tomato Leaf using Deep Learning Techniques|2021|2021 7th International Conference on Advanced Computing and Communication Systems (ICACCS)|1.0|0||274|278|0|32|10.1109/ICACCS51430.2021.9441714||Tomatoes are the most common vegetable crop widely cultivated in the agricultural fields in India. The tropical climate is ideal for its growth, however certain climatic conditions and various other factors affect the normal growth of tomato plants. Apart from these climatic conditions and natural disasters, plant disease is a major crisis in crop production and results in economic loss. The traditional disease detection methods for tomato crops could not produce the expected outcome and the detection period for diseases was slow. The early detection of diseases can give better results than the existing detection models. Thus, computer vision-based technology deep learning techniques could be implemented for earlier disease detection. This paper introduces a comprehensive analysis of the disease classification and detection techniques implied for tomato leaf disease identification. This paper also reviews the merits and drawbacks of the methodologies proposed. This paper finally proposes the early disease detection technique to identify tomato leaf disease using hybrid deep-learning architecture.|Tomato Leaf Disease;Leaf Disease Detection;Machine Learning;Deep Learning;CNN;Hybrid CNN-RNN|Deep learning;Biological system modeling;Computational modeling;Computer architecture;Production;Agriculture;Real-time systems||||IEEE||2; 9; 4; 31|||https://orcid.org/0000-0001-5768-6072||5|0.0|31.0
IEEE|U. u. R. Janjua; M. Maimaitijiang; B. Millett; D. Yabwalo; K. Dilmurat; M. M. Billah; S. N. Khan; M. Shires; S. K. Sehgal; S. Ali|||Wheat Fusarium Head Blight Disease Severity Estimation using UAS Multispectral Imagery and Machine Learning|2024|2024 International Conference on Frontiers of Information Technology (FIT)|0|0||1|6|0|0|10.1109/FIT63703.2024.10838453||Wheat is an important primary crop that feeds billions of people worldwide. Wheat diseases, particularly Fusarium Head Blight (FHB), often have severe effects on yield quality and the health of humans and livestock. Traditional field-based methods for monitoring wheat diseases are time-consuming and inefficient. Remote sensing approach, particularly the use of aerial imaging via Uncrewed Aircraft Systems (UAS) has become an essential tool for fine-scale and rapid field scouting and crop disease monitoring in recent years. This study investigates the potential of combining high-resolution UAS multispectral imagery with machine learning (ML) methods to detect FHB disease severity. Two experimental wheat fields were set up in Brookings, South Dakota, USA, in 2022. The severity of FHB disease was assessed periodically through visual observation, with synchronous UAS flights collecting multispectral imagery. UAS-based canopy spectral and texture features were derived and used as input variables to develop ML-based classification and regression models to estimate FHB disease severity. Conventional ML methods such as Support Vector Machine (SVM) and Random Forest (RF), along with deep learning models like Deep Neural Network (DNN) and One-Dimensional Convolutional Neural Network (1D-CNN), were employed. SVM demonstrated superior performance in both classification and regression analyses for predicting FHB disease severity levels, achieving an overall accuracy of 0.80 using texture features in classification and an R2 of 0.73 using spectral features in regression. The results show that both spectral and texture features are important features for estimating wheat FHB disease severity. UAS remote sensing, coupled with ML-based approaches, provides a rapid and accurate method to assess FHB disease severity at a fine scale over large areas.|Uncrewed Aircraft Systems (UAS);Fusarium Head Blight (FHB);spectral features;texture features;machine learning|Support vector machines;Training;Visualization;Accuracy;Crops;Autonomous aerial vehicles;Magnetic heads;Remote sensing;Monitoring;Diseases||||IEEE||1; 23; 6; 5; 3; 5; 11; 0; 31; 26|||https://orcid.org/0000-0001-6153-1583; https://orcid.org/0000-0003-3846-1032; https://orcid.org/0000-0001-8526-3165; https://orcid.org/0000-0002-8310-5603; https://orcid.org/0000-0003-2185-7276; https://orcid.org/0000-0001-5644-7547; https://orcid.org/0000-0001-7082-5524||5|0.0|31.0
IEEE|F. Suthar; K. Padhya; R. Joshi; S. Parikh; A. Panthakkan; W. Mansoor|||An Extensive Evaluation of Plant Disease Detection Using Diverse Machine Learning Approaches|2023|2023 6th International Conference on Signal Processing and Information Security (ICSPIS)|0|0||151|155|0|1|10.1109/ICSPIS60075.2023.10343735||Plant sicknesses fundamentally affect horticultural efficiency and food security. In order to minimize widespread damage and maximize crop yield, it is essential to detect these diseases promptly and accurately. Automating the process of detecting plant diseases has been shown to be a promising application of machine learning techniques in recent years. This study presents a comprehensive analysis of various machine learning techniques applied to the task of plant disease detection. This study investigates the use of different AI procedures for plant illness recognition. Convolutional neural networks (CNNs), support vector machines (SVMs), random forests, and k-nearest neighbors (KNNs) are just a few of the algorithms that are compared in this study. Feature extraction from diseased plant images is the first step in our experiment, followed by model training and validation. The results demonstrate the efficacy of machine learning in accurately identifying plant diseases based on visual symptoms. The findings provide insights into the strengths and limitations of each technique, paving the way for further research in automated and precise plant disease diagnosis to enhance agricultural sustainability.|Agriculture;Plant diseases detection;Machine learning methods;CNN;KNN;SVM|Support vector machines;Training;Productivity;Plant diseases;Visualization;Signal processing;Real-time systems||||IEEE||2; 0; 8; 10; 13; 26|||https://orcid.org/0000-0002-0138-8786; https://orcid.org/0000-0002-6578-899X; https://orcid.org/0000-0002-7746-0609; https://orcid.org/0000-0003-2784-5188||5|0.0|26.0
IEEE|Sivaganesh; C. H; M. K. C. V. S. S.; M. Kaushik; R. G. Sharathchandra; R. Rao Nidamanuri|||Hyperspectral Detection of Fusarium Wilt in Tomato Plants Using Machine Learning-Based Approaches|2023|IGARSS 2023 - 2023 IEEE International Geoscience and Remote Sensing Symposium|0|0||7583|7585|0|1|10.1109/IGARSS52108.2023.10282890||Crop health is vital in agricultural nations like India. One of India's most important crops, tomato, is farmed and consumed globally. Bacteria, viruses, and fungi may damage tomato plants and other food and vegetable crops. Fusarium wilt is a seed-borne fungal infection that causes severe damage in the growth and yield of tomato crop. The objective of this research is the assessment of spectral discriminability and classification of health and Fusarium wilt diseased-tomato plants using hyperspectral data. In-situ reflectance measurements of healthy and infected plants over a tomato growing region (Tumkur, Karnataka, India) have been collected, processed, and analyzed to spectrally differentiate diseased and healthy plants. Various statistical and machine-learning approaches have been applied for assessing the spectral discrimination of diseased plants with sensitivity to five different levels of disease severity. Results suggest the existence of stable spectral features which differentiate healthy and diseases plants at distinct levels of disease severity. The discrimination has substantial variance with the method used. Amongst the methods used, Linear Discriminant Analysis (LDA), Gradient Boosting, and XGBoost methods offer spectral discrimination of about 80% accuracy.||Reflectivity;Fungi;Pathogens;Sensitivity;Costs;Crops;Linear discriminant analysis||||IEEE||1; 1; 2; 9; 13; 22|||https://orcid.org/0000-0001-8614-5611; https://orcid.org/0000-0002-1156-9986; https://orcid.org/0000-0003-3930-6595||5|0.0|22.0
IEEE|A. M N; P. P S; P. K; D. R H; Kiran; S. C N|||Intelligent Recognition of Leaf Abnormalities Using Deep Learning Method|2023|2023 International Conference on Recent Advances in Science and Engineering Technology (ICRASET)|0|0||1|5|0|4|10.1109/ICRASET59632.2023.10420037||Deep Neural Networks (DNNs) have significantly improved the detection of different diseases affecting plants. The impact of unidentified and untreated plant diseases is to reduce crop yield significantly, as they negatively affect the quality and quantity of horticultural and agricultural products. Therefore, early recognition of plant diseases is essential for improving crop quality and reducing production losses. To this end, a modern framework has been developed that incorporates image acquisition and analysis, utilizing DNN models to calculate various evaluation metrics such as Recall, F1 scaling, accuracy, and precision. By diversifying the results, it becomes possible to differentiate between healthy and bacterial plant leaves. The proposed methodology has been tested on two types of plants - pepper, and potato - and can determine the percentage of infection on plant leaves.|Deep Neural Networks (DNNs);Plant Leaf;Potato Plant Leaf;Pepper Plant Leaf;Image Acquisition;Classification|Deep learning;Plant diseases;Microorganisms;Insects;Artificial neural networks;Production;Soil||||IEEE||2; 4; 4; 1; 21; 3|||https://orcid.org/0000-0002-7702-3353||5|0.0|21.0
IEEE|G. S. Prajwal; A. Deepak; K. R. Sharath Kumar; J. Varshini; V. Ravi Kumar; S. Gagana; L. V. Kumar; G. Manjunath|||Stage-Wise Late Blight Disease Detection in Tomato Plants Using Deep Learning Models along with Treatment Recommendation|2025|2025 Annual International Conference on Data Science, Machine Learning and Blockchain Technology (AICDMB)|0|0||1|10|0|0|10.1109/AICDMB64359.2025.11277487||This work introduces a novel method for stage-wise disease detection in tomato plants through deep learning architecture called InceptionV3, which gave better results compared to EfficientNetB0 and MobileNetV2 whose accuracy was $38.23 \%$ and $92.74 \%$ respectively. Here we concentrated on late blight disease, which is a widespread problem in Indian agriculture, and manually annotated a dataset of 4,648 images divided into three stages depending on the level of leaf damage (Stage 1, Stage 2, Stage 3) and healthy leaves. The dataset was divided into $80 \%$ training and $20 \%$ test sets. The model obtained a training accuracy of $93.68 \%$ and testing accuracy of $95.56 \%$. The system also offers stage-wise medication recommendations for disease management. When given multiple photos from the same plant with different disease stages, the model predicts the stage for each leaf and finally highlights the highest stage along with suggesting the treatment for that highest stage. A simple web application was implemented to support image uploads, detection of disease stages, and tracking of history. The uniqueness of this project is the stage-wise detection of disease in tomato plants, similar to cancer staging, which presents a new contribution to precision agriculture.|stage-wise;InceptionV3;web-application|Training;Precision agriculture;Deep learning;Accuracy;Plants (biology);Predictive models;Data science;History;Diseases;Testing||||IEEE||1; 15; 21; 1; 0; 1; 5; 8|||https://orcid.org/0000-0001-6854-8599; https://orcid.org/0000-0001-8063-8650; https://orcid.org/0000-0002-8377-1585||5|0.0|21.0
Scopus|Baquero, D.; Molina, J.; Gil, R.; Bojacá Aldana, C.; Franco, H.; Gómez, F.|Baquero, Douglas (57219051119); Molina, Juan F. (55976496300); Gil, R. (25654759100); Bojacá Aldana, Carlos Ricardo (25627107700); Franco, Hugo (55976012400); Gómez, Francisco A. (7202331220)|57219051119; 55976496300; 25654759100; 25627107700; 55976012400; 7202331220|An image retrieval system for tomato disease assessment|2015||0|0|7010156|||0|15|10.1109/STSIVA.2014.7010156|https://www.scopus.com/inward/record.uri?eid=2-s2.0-84922572271&doi=10.1109%2FSTSIVA.2014.7010156&partnerID=40&md5=38044ebedea3f012fc4670e021841f64|Tomato represents an important vegetable crop worldwide. During cropping cycle several diseases and abnormal conditions may affect tomato plants resulting on considerable losses of production. A precise identification of these pathologies in early phases is fundamental for the implementation of control strategies. Nevertheless, the right identification of symptoms of plants diseases require highly specialized knowledge and facilities, which are not available for small growers. Recently, computer vision tools have been proposed as an alternative for tomato diseases characterization. These works mainly focus on identification of affected regions and classification tasks. Nevertheless, non-specialists may lack of clarity about what they are looking for during the assessment. In these cases, Content Based Image Retrieval (CBIR) systems can be helpful as a complementary strategy to improve the quality of the search by allowing exploration of databases with supplementary information. This work presents a novel strategy for image retrieval of tomato leaves for greenhouse crops suitable to support disease diagnosis. The strategy is based on color structure descriptors and nearest neighbors. Experimental results show that the proposed approach can successfully characterize in several abnormal conditions, such as, chlorosis, sooty moulds and early blight. © 2014 IEEE.||Content based retrieval; Crops; Diagnosis; Fruits; Image enhancement; Plants (botany); Abnormal conditions; Classification tasks; Contentbased image retrieval (CBIR) system; Control strategies; Image retrieval systems; Nearest neighbors; Specialized knowledge; Supplementary information; Search engines|Conference paper|Final||Scopus|2-s2.0-84922572271|1; 13; 11; 20; 6; 13|||https://orcid.org/0000-0002-3685-760X; https://orcid.org/0000-0002-5908-5606; https://orcid.org/0000-0003-0230-326X; https://orcid.org/0000-0002-7688-7600; https://orcid.org/0000-0001-7543-9104||5|0.0|20.0
IEEE|M. H. Z. Ariffin; M. Harun; H. H. Amizi; R. A. Rashid|||Effect of Hyperparameter Tuning to Fruit Quality Detection Using Convolutional Neural Network|2024|2024 IEEE International Conference on Advanced Telecommunication and Networking Technologies (ATNT)|1.0|0||1|4|0|0|10.1109/ATNT61688.2024.10719249||Malaysia's agricultural sector plays a crucial role in the nation's economy and food security. One of the most pressing issues is the difficulty in identifying and addressing fruit damage early in the production cycle. Current manual inspection methods are labor-intensive, time-consuming, and prone to human error. Convolutional Neural Network (CNN) is a useful tool that help in automatically learning and recognizing pattern in image and to determine the quality of the fruit in agriculture industry. This project is focusing on building CNN machine learning for image classification and detection of fruit quality. The CNN model is being trained with 3 different data sets which are apple, damage apple and potato. The model is trained for two-class-set (apple, damage_apple) and three-class-set (apple, damage_apple and potato) with 1000 and 1500 images consecutively. The experimental results in this study demonstrate that the hyperparameter adjustment of machine learning algorithms has varying effects on fruit quality detection.|Hyperparameter tuning;Convolutional Neural Network (CNN);Machine Learning;Fruit detection|Training;Accuracy;Machine learning;Production;Pressing;Feature extraction;Robustness;Pattern recognition;Convolutional neural networks;Tuning||||IEEE||20; 3; 0; 19|||https://orcid.org/0000-0003-4644-0370; https://orcid.org/0000-0001-6650-3215||5|0.0|20.0
Scopus|Julian, A.; Jaiganesh, V.; Thirumurugan, O.T.; Isreal Moses, B.|Julian, Anitha (57205204222); Jaiganesh, V. (59560996600); Thirumurugan, O. T. (59561421400); Isreal Moses, B. (59561711000)|57205204222; 59560996600; 59561421400; 59561711000|PepperShield: Disease Detection with Hyper Tuned Precision|2024||0|0||1242.0|1248.0|0|0|10.1109/CICN63059.2024.10847513|https://www.scopus.com/inward/record.uri?eid=2-s2.0-85217986725&doi=10.1109%2FCICN63059.2024.10847513&partnerID=40&md5=b6eeb9bf9c63b158f3952888ce2ce923|A popular vegetable crop, bell peppers (Capsicum annuum) are prized for both their economic significance and nutritional advantages. Bell peppers, like many other crops, are prone to a number of illnesses brought on by bacteria, fungi, viruses, and environmental conditions. These diseases can drastically lower the harvest's quality and output. Preventing crop losses and guaranteeing food security depends on the early identification and precise classification of these diseases. Conventional plant disease detection techniques usually entail professional manual inspection, which can be expensive, time-consuming, and prone to human mistakes. Recent developments in machine learning and artificial intelligence (AI) have opened new possibilities for automating agricultural disease diagnosis. By contrasting two different models, one created from scratch and the other improved with hyperparameter tuning, this effort seeks to utilize CNNs' potential for bell pepper disease prediction and classification. The main goal is to investigate how CNN model performance is affected by adjusting important hyperparameters like learning rate, batch size, and the number of training epochs. Metrics including accuracy, precision, recall, and F1-score will be used to train and assess the models using preprocessed picture data of both healthy and diseased bell peppers. By providing a scalable, AI-driven method for real-time disease diagnosis in bell pepper crops, this research holds significance for precision agriculture. © 2024 IEEE.|Agricultural AI solutions; Bell pepper disease detection; Convolutional Neural Networks (CNN); Crop health monitoring; Deep learning in agriculture; Disease prediction in crops; Hyperparameter tuning; Precision agriculture|Deep neural networks; Diagnosis; Agricultural artificial intelligence solution; Bell pepper disease detection; Bell-pepper; Convolutional neural network; Crop health monitoring; Deep learning in agriculture; Disease detection; Disease prediction in crop; Health monitoring; Hyper-parameter; Hyperparameter tuning; Precision Agriculture; Pepper|Conference paper|Final||Scopus|2-s2.0-85217986725|8; 18; 0; 2|||https://orcid.org/0000-0003-1760-9931||5|0.0|18.0
IEEE|A. S. Nagesh; G. N. Balaji|||Deep Learning Approach for Recognition and Classification of Tomato Fruit Diseases|2022|2022 International Conference on Data Science, Agents & Artificial Intelligence (ICDSAAI)|1.0|0||1|6|0|5|10.1109/ICDSAAI55433.2022.10028790||Diseases devastate food crops, causing significant losses for farmers and jeopardising food security, resulting in a low production rate. Health monitoring and disease detection are critical for sustainable agriculture. Monitoring the fruit diseases manually is extremely difficult. It necessitates a significant amount of work, knowledge of fruit diseases, and an extended processing time. Hence, deep learning is used to detect fruit diseases with high accuracy. This paper proposes the method to detect the tomato fruit diseases in color images. In the proposed method, convolutional neural network is used for extracting the features and classification. Further, the augmentation strategy is applied on existing samples to create the dataset with large number of samples. The convolutional neural network method based on VGG16 will be used to train augmented data for recognition and classification of tomato diseases. The results of the CNN after testing affirms that the tomato disease can be predicted efficiently, and it can be utilised for early detection purpose.|Convolutional Neural Network;Deep Learning;Disease detection;VGG16|Deep learning;Measurement;Production;Feature extraction;Market research;Agriculture;Convolutional neural networks||||IEEE||1; 18|||||5|0.0|18.0
Scopus|Joshi, A.; Badola, A.; Saini, R.|Joshi, Akanksha (59385585900); Badola, Arjun (59385586000); Saini, Rashmi (59581053600)|59385585900; 59385586000; 59581053600|Deep Learning Based Fruit Crop Disease Classification Using Plants Leaf Imagery|2024||0|0||||0|1|10.1109/ICECSP61809.2024.10698492|https://www.scopus.com/inward/record.uri?eid=2-s2.0-85207482450&doi=10.1109%2FICECSP61809.2024.10698492&partnerID=40&md5=c9f2c096d002da1fb9ea56ef61656a34|Agriculture plays an important role in the economy, providing nutrition, food, and livelihoods to billions of people in this world. Fruits are a vital component of a balanced diet, acting as a rich source of antioxidants, vitamins, minerals, and fibres. To ensure its proper supply to the market, early diagnosis and treatment of fruit crop disease can play a significant role. In order to make this process quicker and more accurate, Deep learning (DL) techniques can be of immense help. In the proposed study, the implementation of four DL models: Visual Geometry Group VGG16, VGG19, EfficientNet-B0, and MobileNet is done on a subset of the Plant Village database, constituting 7,233 leaf images of apples and grapes divided into 8 different classes. Evaluation is done through various metrics, namely Precision, Recall, F1-score and Specificity. All the DL models performed well by attaining accuracy above 95%. MobileNet performed best among all DL models by achieving an accuracy of 99.38%, while VGG16, VGG19, and EfficientNet-B0 achieved an accuracy of 96.75%, 98.69% and 98.76% respectively. © 2024 IEEE.|classification; Convolutional Neural Network (CNN); Crop Disease; Deep Learning; EfficientNet-B0; MobileNet; VGG16; VGG19|Convolutional neural networks; Convolutional neural network; Crop disease; Deep learning; Efficientnet-b0; Fruit crops; Learning models; Mobilenet; VGG16; VGG19; Fruits|Conference paper|Final||Scopus|2-s2.0-85207482450|17; 1; 13|||https://orcid.org/0000-0001-6973-0165; https://orcid.org/0000-0002-4439-0894||5|0.0|17.0
Scopus|Padol, P.B.; Sawant, S.D.|Padol, Pranjali B. (57192314914); Sawant, Sanjay Dinanath (7102572544)|57192314914; 7102572544|Fusion classification technique used to detect downy and Powdery Mildew grape leaf diseases|2017||0|0|7955315|298.0|301.0|0|35|10.1109/ICGTSPICC.2016.7955315|https://www.scopus.com/inward/record.uri?eid=2-s2.0-85025136010&doi=10.1109%2FICGTSPICC.2016.7955315&partnerID=40&md5=b943fd3e539356bb726ae62cd98b03bb|Grape constitutes one of the most widely grown fruit crop in the India. Manual observation of experts is used in practice for detection of leaf diseases, which takes more time for further control action. Without accurate disease diagnosis, proper control actions cannot be taken at appropriate time. This is where modern agriculture technique is required to detect and prevent the leaf from different diseases. This paper aims to introduce a new approach for detection of grape leaf diseases using image processing, which will minimize the loss and increase its profit due to automation. In this system, classification is done using Support Vector Machine (SVM) and Artificial Neural Network (ANN) classifies separately. A new classifier is proposed using fusion classification technique which ensembles classifiers from SVM and ANN to regenerate base classifier for grape leaf disease detection. Based on detection of disease the proper mixture of fungicides will be provided to the grape farmers. © 2016 IEEE.|Artificial Neural Network (ANN); Fusion Classification Technique; Image Processing; K-means clustering; Leaf diseases detection; Support Vector Machine (SVM)|Agriculture; Diagnosis; Image processing; Neural networks; Signal processing; Support vector machines; Base classifiers; Based on detections; Disease diagnosis; Fusion classification; K-means clustering; Leaf disease; Leaf disease detections; Modern agricultures; Disease control|Conference paper|Final||Scopus|2-s2.0-85025136010|2; 17|||https://orcid.org/0000-0003-2144-165X||5|0.0|17.0
IEEE|K. R. Aravind; P. Raja|||Design and simulation of crop monitoring robot for green house|2016|2016 International Conference on Robotics: Current Trends and Future Challenges (RCTFC)|0|0||1|6|0|5|10.1109/RCTFC.2016.7893419||Incidence of disease in horticultural crops is one of the important problems affecting the production of fruits, vegetables and flowers. Regular monitoring of crops for early diagnosis and treatment with pesticides or removal of the affected crop is some of the solution to minimize the crop loss. Monitoring of the crops by human labour is costly, time consuming, error prone due to insufficient knowledge of the disease and highly repetitive at different stages of crop growth. These needs have motivated to design a line following mobile robot with vision sensors for navigation across the field for disease identification in a green house. The robot has been designed and simulated in an open source software known as Virtual Robot Experimental Platform (V-REP) with experimental field of 40 crops. Programming for navigation is done in Lua scripting tool which is embedded with the V-REP software. Capturing of images has been performed using camera. Processing of images for identification of disease and its representation in a Graphical User Interface (GUI) has been done using an algorithm in MATLAB R2011B which interacts with V-REP tool through socket communication. Texture based analysis has been done to identify the diseased crops among the healthy crops in the simulated field setup.|Agricultural robots;crop monitoring robots;disease identification robots;image processing|Agriculture;Robot sensing systems;Diseases;Navigation;Monitoring||||IEEE||7; 17|||||5|0.0|17.0
IEEE|J. D. Pujari; R. Yakkundimath; A. S. Byadgi|||Identification and classification of fungal disease affected on agriculture/horticulture crops using image processing techniques|2014|2014 IEEE International Conference on Computational Intelligence and Computing Research|0|0||1|4|0|38|10.1109/ICCIC.2014.7238283||This paper presents a study on the image processing techniques used to identify and classify fungal disease symptoms affected on different agriculture/horticulture crops. Many diseases exhibit general symptoms that are be caused by different pathogens produced by leaves, roots etc. Images Often do not possess sufficient details to assist in diagnosis, resulting in waste of time, misshaping the diagnostician to arrive at incorrect diagnosis. Farmers experience great difficulties and also in changing from one disease control policy to another i.e. intensive use of pesticides. Farmers are also concerned about the huge costs involved in these activities and severe loss. The cost intensity, automatic correct identification and classification of diseases based on their particular symptoms is very useful to farmers and also agriculture scientists. Early detection of diseases is a major challenge in horticulture / agriculture science. Development of proper methodology, certainly of use in these areas. Plant diseases are caused by bacteria, fungi, virus, nematodes, etc., of which fungi is the main disease causing organism. The present study has been focused on early detection and classification of fungal disease and its related symptoms.|fungal disease;agriculture crops;horticulture crops;pattern recognition|Diseases;Agriculture;Accuracy;Feature extraction;Image color analysis;Plants (biology)||||IEEE||16; 13; 14|||https://orcid.org/0000-0002-5280-4946; https://orcid.org/0000-0002-7858-4267||5|0.0|16.0
IEEE|J. Kaur; G. Singh; S. Jagadish; Z. A. Salami|||Indoor Greenery Identification: A ResNet-50 and SVM-Based Approach for Plant Species Recognition|2025|2025 IEEE International Conference on Interdisciplinary Approaches in Technology and Management for Social Innovation (IATMSI)|3.0|0||1|6|0|1|10.1109/IATMSI64286.2025.10985113||The accurate identifications of houseplant species are very important applications in horticulture, biodiversity conservation, and plant disease management. This research paper presents an approach for classification of house-plant species by focusing on the identification of various plants commonly found in indoor environments. In the model, a hybrid architecture is used in which ResNet-50 is combined with an SVM classifier implemented using the PyTorch deep learning (DL) framework. It utilizes the Adam optimizer to train efficiently. The dataset consists of images of various house plants, categorized into 47 classes with a total of 15,131 images. The ResNet-50 DL architecture has been used and, as an SVM classifier, has performed multi-class classification. The dataset has been divided into training (80%) and testing (20%) sets. The model has been trained for 10 epochs. The proposed model has achieved an impressing accuracy of 98.80%, thereby proving to identify plant species in a more precise manner. As shown by the loss curve, training and validation loss decreased steadily throughout the process. This apparently indicates that the model converged appropriately. The results demonstrate how the SVM-ResNet-50 hybrid is capable of alleviating complex image classification tasks. The major challenge for this experiment was the model’s insensitivity to changes caused in images by lighting and angles. Further work in the future will focus on enriching the model through more augmentation techniques and data augmentation to enhance generalization and robustness. Another possible improvement of the model is to implement attention mechanisms to better concentrate on important features.|House plant species identification;ResNet-50;SVM classifier;DL;plant classification;image classification;plant species detection|Support vector machines;Training;Accuracy;Image recognition;Plants (biology);Lighting;Feature extraction;Data models;Environmental management;Image classification||||IEEE||16; 8; 3; 1|||https://orcid.org/0000-0002-5331-1430; https://orcid.org/0009-0008-6867-5879||5|0.0|16.0
IEEE|J. Kaur; G. Singh; S. Jagadish; Z. A. Salami|||Indoor Greenery Identification: A ResNet-50 and SVM-Based Approach for Plant Species Recognition|2025|2025 IEEE International Conference on Interdisciplinary Approaches in Technology and Management for Social Innovation (IATMSI)|3.0|0||1|6|0|0|10.1109/IATMSI64286.2025.10985542||The accurate identifications of houseplant species are very important applications in horticulture, biodiversity conservation, and plant disease management. This research paper presents an approach for classification of house-plant species by focusing on the identification of various plants commonly found in indoor environments. In the model, a hybrid architecture is used in which ResNet-50 is combined with an SVM classifier implemented using the PyTorch deep learning (DL) framework. It utilizes the Adam optimizer to train efficiently. The dataset consists of images of various house plants, categorized into 47 classes with a total of 15,131 images. The ResNet-50 DL architecture has been used and, as an SVM classifier, has performed multi-class classification. The dataset has been divided into training (80%) and testing (20%) sets. The model has been trained for 10 epochs. The proposed model has achieved an impressing accuracy of 98.80%, thereby proving to identify plant species in a more precise manner. As shown by the loss curve, training and validation loss decreased steadily throughout the process. This apparently indicates that the model converged appropriately. The results demonstrate how the SVM-ResNet-50 hybrid is capable of alleviating complex image classification t asks. The major challenge for this experiment was the model’s insensitivity to changes caused in images by lighting and angles. Further work in the future will focus on enriching the model through more augmentation techniques and data augmentation to enhance generalization and robustness. Another possible improvement of the model is to implement attention mechanisms to better concentrate on important features.|House plant species identification;ResNet-50;SVM classifier;DL;plant classification;image classification;plant species detection|Support vector machines;Training;Accuracy;Image recognition;Plants (biology);Lighting;Feature extraction;Data models;Environmental management;Image classification||||IEEE||16; 6; 2; 1|||https://orcid.org/0000-0003-2961-9379||5|0.0|16.0
IEEE|D. Mathew; C. S. Kumar; K. Anita Cherian|||Classification of leaf spot diseases in banana using pre-trained convolutional neural networks|2023|2023 International Conference on Control, Communication and Computing (ICCC)|0|0||1|5|0|7|10.1109/ICCC57789.2023.10165629||Banana is a leading fruit crop in the global market and is grown all over the world. However, its production and trade are severely affected by the diseases caused by fungi, bacte- ria and viruses. Early diagnosis and management of such diseases are essential to avoid the yield loss. This paper demonstrates a deep learning based automated algorithm for the classification of three important leaf spot diseases in banana namely, Sigatoka, Cordana and Deightoneilla. Images of banana leaves infected with these diseases have been applied to four augmented pre-trained convolutional neural networks and their performance in disease classification is compared. An accuracy of 91.7% is achieved on the model with DenseNet 121 backbone.|Leaf diseases;Musa;pre-trained convolutional neural networks;transfer-learning models;DenseNet|Fungi;Deep learning;Computational modeling;Globalization;Crops;Production;Classification algorithms||||IEEE||3; 15; 6|||https://orcid.org/0000-0002-1008-7467||5|0.0|15.0
IEEE|S. A; K. S. Tamilselvan; M. R; D. P. E L; N. Gomathi; V. V R|||A Novel Attention Mechanism for Disease Detection in Potatoes|2025|2025 6th International Conference on Inventive Research in Computing Applications (ICIRCA)|0|0||1019|1025|0|0|10.1109/ICIRCA65293.2025.11089838||The potato plant is amongst the most significant vegetable crops farmed worldwide. It is rich in vitamin B12, considered to be the best ever compensation of vitamin B12 for vegetarians as it is abundantly present in non-veg foods. Potato is the most preferred vegetable to consume from kids to adults. The potato crop is prone to numerous infections like bacterial, fungal, and viral infections in its growing stages. The production is immensely affected by the diseases that occur in its sprout development stage. Diseases that occur in crops hinder the economy of agriculture as they lead to huge demands. The predominant devastating diseases influencing the growth and production of potatoes are late and early blight diseases. Detecting the diseases, especially the diseases that occurred in its initial stages, assists in preventing the loss in production and to improve the yield. A decrease in production results in increasing cost and demand. The proposed work incorporating the modified AttDenseNet architecture with the layers of Convolutional neural network layers proceeded by self-attention and co-attention mechanisms assist in predicting the disease in its earlier stages, proffers accuracy of 98.7 percent in detecting the diseases in potatoes in a maximum number of epochs.|Disease detection;potatoes;Self-attention;co-attention;CNN;late and early blight;accuracy|Accuracy;Attention mechanisms;Crops;Production;Computer architecture;Agriculture;Robustness;Convolutional neural networks;Monitoring;Diseases||||IEEE||15; 8; 6; 2; 11; 0|||https://orcid.org/0000-0002-5956-1801; https://orcid.org/0000-0001-8364-0596||5|0.0|15.0
IEEE|I. El Massi; Y. Es-Saady; M. El Yassa; D. Mammass; A. Benazoun|||Automatic Recognition of the Damages and Symptoms on Plant Leaves Using Parallel Combination of Two Classifiers|2016|2016 13th International Conference on Computer Graphics, Imaging and Visualization (CGiV)|0|0||131|136|0|13|10.1109/CGiV.2016.34||This study presents a multiple classifier system for automatic recognition of the damages and symptoms on plant leaves from images. The proposed approach is based on parallel combination of two kinds of classifiers, one is a neural network classifier that uses texture, color and shape features to distinguish between the damages and symptoms, then the other is a support vector machine (SVM) classifier that uses texture and shape features. In order to design our system, we have based on some existing approaches in the field that adopt a single classifier. The tests of this study were carried out on six classes including the damages of three pest insects (Leaf miners, Thrips and Tuta absoluta) and symptoms of three fungal diseases (Early blight, Late blight and Powdery mildew). The experimental results show the efficiency of our approach compared to the pervious approaches based on single classifier. The proposed approach is more effective and has the highest rate of recognition.|Multiple classifier system;Neural network;Support vector machine;Damages;Symptomes;Image|Image color analysis;Shape;Support vector machines;Feature extraction;Lesions;Neural networks;Image segmentation||||IEEE||5; 15; 9; 15; 6|||https://orcid.org/0000-0001-5175-8776; https://orcid.org/0000-0002-4934-2322||5|0.0|15.0
Scopus|Narayana, D.V.; B․, B.; Reddy, Y.V.; Chikmurge, A.; Mayur, R.; Lokesh, T.|Narayana, D. V.S. (57214219251); B․, Pakruddin (58929384900); Reddy, Y. Vikranth (59983563200); Chikmurge, Anant (59984223500); Mayur, R. (59517705100); Lokesh, Tandra (57940076700)|57214219251; 58929384900; 59983563200; 59984223500; 59517705100; 57940076700|Performance Analysis of Machine and Deep Learning Techniques for Pomegranate Fruit Disease Detection and Classification|2025||0|0||628.0|633.0|0|0|10.1109/INCIP64058.2025.11020033|https://www.scopus.com/inward/record.uri?eid=2-s2.0-105010189744&doi=10.1109%2FINCIP64058.2025.11020033&partnerID=40&md5=7f3cb14bbcb88426f2d9c01ab62d19bb|Pomegranate (Punica granatum) is a fruit crop with great nutritional and economic values; it has been touted in various parts of the world, especially the Mediterranean, Middle East, and South Asia, for health benefits. However, with more intense effort to increase yield and production, the production of the pomegranate crop is threatened by many diseases caused by pathogens such as fungi, bacteria, and viruses. Traditional diagnosis methodologies are based on the visual inspection of farmers and experts in agriculture, which takes a longer time and also rely on human judgment and may lead to some mistakes. To overcome these challenges this research utilizes the ML and DL methods like SVM, KNN, and CNN for the automatic identification and classification of diseases related to pomegranate. Dataset contains five classes such as Healthy, Anthracnose, Bacterial Blight, Cercospora, and Alternaria. We performed many task in this research like pre-processing, feature extraction to improve the model performance. Each model is trained and tested for detection and classification. KNN got 82% accuracy, which is pretty good but struggles a bit with similar disease traits. SVM performed the best and outwitted KNN with an outstanding accuracy of 93%. The SVM model classified the diseases efficaciously with high sensitivity and specificity in the ROC curve. The CNN model achieved about 98% after it had passed over 10-50 epochs, which had improved incrementally with every epoch. The results confirm that DL is a promising solution for pomegranate disease detection, offering more efficiency and reliability than traditional methods. It supports early disease identification, aiding farmers and experts in better crop management and productivity. © 2025 IEEE.|Classification; Deep learning; Disease detection; Machine learning; Pomegranate Fruit|Agricultural machinery; Automation; Bacteria; Computer aided diagnosis; Crops; Diseases; Fruits; Learning algorithms; Learning systems; Plants (botany); Deep learning; Disease classification; Disease detection; Fruit crops; Learning techniques; Machine-learning; Nutritional value; Performances analysis; Pomegranate fruit; Punica granatum; Classification (of information)|Conference paper|Final||Scopus|2-s2.0-105010189744|2; 4; 13; 0; 0; 3|||||5|0.0|13.0
Scopus|Li, T.; Yang, J.; Peng, X.; Chen, Z.; Luo, C.|Li, Ting (57219036017); Yang, Jingfeng (59454538600); Peng, Xiaoqin (7401593886); Chen, Zhimin (55705615700); Luo, Chengyang (25924306600)|57219036017; 59454538600; 7401593886; 55705615700; 25924306600|Prediction and early warning method for flea beetle based on semi-supervised learning algorithm|2008||4|0|4667278|217.0|221.0|0|7|10.1109/ICNC.2008.371|https://www.scopus.com/inward/record.uri?eid=2-s2.0-57649121094&doi=10.1109%2FICNC.2008.371&partnerID=40&md5=809b6468c2a604a697dcd98fc2959bdf|The prediction and early warning for vegetable crop diseases and insect pests commonly based on experts' knowledge of plant protection while math modeling methods are used to analyze the associated data quantitatively scarcely. This paper takes advantage of labeled historical data to extract association rules as the supervised information, and combining with the use of the unsupervised learning method iterative self- organizing data analysis techniques algorithm (ISODATA) to establish the model semi-supervised learning algorithm for predicting and early warning vegetable pest flea beetle. Semi-supervised learning algorithm not only obtains a high accuracy of supervised learning method, but also takes advantage of the flexibility of unsupervised learning method, which is significative for both research and practice. The experimental results of Guangdong vegetable pest flea beetle show the prediction and early warning accuracy of semi-supervised learning method provides a higher accuracy rate than that of k-mean clustering, support vector machine and RBF neural network in the same condition. © 2008 IEEE.|Association rules; Flea beetle; ISODATA; Prediction and early warning; Semi-supervised learning|Association rules; Associative processing; Clustering algorithms; Education; Forecasting; Knowledge based systems; Learning systems; Military operations; Mobile telecommunication systems; Neural networks; Supervised learning; Support vector machines; Unsupervised learning; Accuracy rates; Data analysis techniques; Flea beetle; High accuracies; Historical datums; Insect pests; ISODATA; Mean clustering; Modeling methods; Plant protections; Prediction and early warning; RBF neural networks; Self-organizing; Semi-supervised learning; Supervised learning methods; Support vectors; Unsupervised learning methods; Vegetable crops; Learning algorithms|Conference paper|Final||Scopus|2-s2.0-57649121094|12; 9; 1; 13; 12|||https://orcid.org/0000-0001-5632-4475; https://orcid.org/0000-0001-9713-1792; https://orcid.org/0000-0001-8477-3163; https://orcid.org/0000-0003-1833-5733||5|0.0|13.0
IEEE|R. Sharma; M. Nagpal|||Branching Out: A Simple 5-Level Classification of Magnolia Scale Diseases Using a Combination of CNN and DT Models|2024|2024 5th IEEE Global Conference for Advancement in Technology (GCAT)|0|0||1|5|0|0|10.1109/GCAT62922.2024.10923907||Checking and sorting Magnolia Scale diseases is very important for keeping plants healthy and making sure they get the best crop output in farming. In this work, introduce a new mix using Convolutional Neural Networks (CNN) and Decision Trees (DT). It helps to sort Magnolia Scale diseases into five agreed severity levels. The mix of CNN and DT models does well. It gets 96 out of 100 right at guessing how bad the infestation with the Magnolia Scale is. Using what’s known as transfer learning, the CNN part takes important features from an existing deep learning system. Then it adjusts these learned features to special traits of a set of Magnolia Scale images for disease identification after fine-tuning. After that, adding the results from a process called CNN into a group of choices helps make the model better. It also makes it strong and gives exact levels for how serious something is. Accuracy measurements such as precision, recall, and F1-scores above 90% across all disease severity levels show that the model is dependable and accurate in spotting different stages of illnesses. The research shows that the mixed model can be very important in disease control plans for gardening. It provides accurate and sure evaluation skills needed to find diseases early on so action can be taken quickly. This study sets the building blocks for improving ways of checking diseases and it looks promising to change disease control methods in plants outside Magnolia. This could improve plant health and make farming more sustainable without just thinking about Magnolia flowers.|Magnolia Scale;Disease severity classification;Convolutional Neural Networks;Hybrid models;Horticulture;Plant disease assessment|Plant diseases;Accuracy;Transfer learning;Medical services;Real-time systems;Convolutional neural networks;Reliability;Diseases;Farming;Sorting||||IEEE||13; 1|||https://orcid.org/0000-0002-8515-082X||5|0.0|13.0
IEEE|Z. Zaludin; N. S. Khalid; N. D. B. N. Danial; M. N. Ayob; M. Z. Hasan; I. I. Ibrahim|||Machine Learning (ML) and Deep Learning (DL) Based Detection of Bacterial Heart Rot (BHR) in Pineapple Leaves|2025|2025 IEEE 15th International Conference on System Engineering and Technology (ICSET)|0|0||318|323|0|0|10.1109/ICSET65917.2025.11283911||Bacterial Heart Rot (BHR) is a major disease affecting pineapple (Ananas comosus) cultivation, with detrimental impacts on agricultural sustainability and productivity. Conventional or traditional detection methods are often hindered by inconsistency and subjectivity. BHR infected fruits, even when harvested, exhibit accelerated spoilage, reduced shelf life, and increased post-harvest losses. Consequently, growers and farmers experience significant economic losses due to decreased marketable yield and the necessity for additional disease management interventions. Hence, this study investigates the possibility using Artificial Intelligence (AI) techniques for the detection and classification of BHR severity in pineapple leaves. A comparative analysis is conducted between a deep learning model utilizing Convolutional Neural Networks (CNN) and a traditional machine learning algorithm employing K-Nearest Neighbors (KNN). Both models are trained and tested on image-based datasets and evaluated using standard performance metrics, including accuracy, precision, recall, and confusion matrices. Experimental results indicate that while both models demonstrate reasonable classification performance, the CNN-based approach achieves superior accuracy and generalization capability. These findings proved the potential of AI-driven systems in supporting precision agriculture by facilitating timely, scalable, and reliable disease detection in crop management practices.|Bacterial Heart Rot (BHR);Plant Disease Detection;KNN;CNN;Image Classifications|Heart;Precision agriculture;Economics;Accuracy;Microorganisms;Nearest neighbor methods;Performance metrics;Convolutional neural networks;Reliability;Standards||||IEEE||2; 7; 3; 13|||https://orcid.org/0000-0001-9916-1944; https://orcid.org/0000-0002-3426-6101||5|0.0|13.0
Scopus|Wakhare, P.; Neduncheliyan, S.; Mane, P.B.|Wakhare, Prashant B. (57219392064); Neduncheliyan, Subbu (17435408500); Mane, Pradeep B. (36450914400)|57219392064; 17435408500; 36450914400|Machine Learning for Accurate and Efficient Pomegranate Fruit Disease Detection: A Novel Approach to Improve Crop Yield and Quality|2023||0|0||||0|10|10.1109/ICCUBEA58933.2023.10391966|https://www.scopus.com/inward/record.uri?eid=2-s2.0-85187308810&doi=10.1109%2FICCUBEA58933.2023.10391966&partnerID=40&md5=4f78af74b942206f7e2499b59838e3e3|This paper presents a web-based tool for identifying diseases in fruit crops to address the negative impact of climate change on agriculture. With the increase in population, there is a growing demand for more food production, which puts pressure on farmers to increase crop yields. However, climate change is causing uneven weather conditions, leading to decreased crop yields. This paper proposes a solution that allows farmers to upload an image of a fruit to a system that has a trained dataset of fruit images. The system uses several image processing steps, including feature extraction based on parameters such as color, morphology, and CCV, followed by clustering using CNN Algorithm and classification using SVM to determine if the fruit is infected or not. An intent search technique is used to find the user intention from the features extracted. The experimental evaluation of the approach shows that it is effective, with a 98.38% accuracy rate in identifying diseases in fruit crops. The proposed tool can be used to identify the diseases that affect fruit crops and provide farmers with timely and accurate information, enabling them to take preventive measures to protect their crops, improve crop yields, and contribute to the overall agricultural economy. The recommendations for the application of the developed machine learning model for pomegranate fruit disease detection include using high-quality data, regularly updating the model, integrating with other detection methods, providing an easy-to-use interface, and providing technical support to growers. © 2023 IEEE.|Agricultural Productivity; Crop Yield; Deep Learning; fruit Disease Detection; Machine Learning Algorithms; Pomegranate|Climate change; Clustering algorithms; Crops; Deep learning; Image processing; Learning algorithms; Learning systems; Plants (botany); Support vector machines; Agricultural productivity; Crop quality; Crop yield; Disease detection; Fruit crops; Fruit disease detection; Machine learning algorithms; Machine-learning; Pomegranate; Fruits|Conference paper|Final||Scopus|2-s2.0-85187308810|5; 10; 12|||https://orcid.org/0000-0003-3071-9086; https://orcid.org/0009-0002-0904-8695; https://orcid.org/0000-0002-3252-9983||5|0.0|12.0
IEEE|S. Garg; D. Dixit; S. S. Yadav|||Disease Detection in Plants Using KNN Algorithm|2022|2022 4th International Conference on Advances in Computing, Communication Control and Networking (ICAC3N)|0|0||938|943|0|7|10.1109/ICAC3N56670.2022.10074491||India is widely acknowledged as the world's fundamental producer of spices, grains, rice harvests etc. The characteristics of theyield, that defined by the plants growth and harvest. As a result, disease identification in plants is critical in the sector of cultivation. Plants are highly prone to infections, that disturb the plant's progress &, as a result, disrupt the natural balance of the agronomist. The need for an automatic disease detection process is advantageous in identifying a plant disease at an early stage.Pre-processing, feature extraction, segmentation, and classification are all steps in plant disease detection algorithms.The performance of the KNN classifier is examined, and it is discovered that the KNN classifier has higher accuracy and less fault detection than other techniques.|GLCM;KNN;K-means;Plant Disease Detection|Fault diagnosis;Plant diseases;Machine learning algorithms;Rendering (computer graphics);Prediction algorithms;Genetics;Feature extraction||||IEEE||6; 12; 6|||https://orcid.org/0000-0003-4526-4117; https://orcid.org/0000-0003-3662-0036||5|0.0|12.0
IEEE|M. Kavitha; S. Senthilkumar; K. Kalaivani; E. Saranya; P. Arunkumar; V. Malu|||Smart Environment and Plant Disease Monitoring with Analysis System in Agricultural Field|2023|2023 IEEE International Conference on ICT in Business Industry & Government (ICTBIG)|0|0||1|6|0|2|10.1109/ICTBIG59752.2023.10456200||Agriculture is deemed to be the most significant segment in India. The main objective of this research work is to monitor plant diseases and analyze the system using a smartphone. The remote monitoring framework, including temperature, stickiness and soil humidity sensors, a microcontroller, an ultrasonic sensor, a camera, and a GSM module is validated for effective environment observation. The technology could offer a fresh method for farming to obtain information related to agriculture. In this monitoring system of agricultural diseases, the main aim is to achieve disease monitoring information and collections of the results are detected by Android application through GSM. ARM processor is used for analog to digital converter (ADC) and sends the gathered information to portable through GSM. An IP web camera is occasionally empowered to catch the plant leaf picture for disease checking and an ultrasonic sensor is utilized with the end goal of plant development checking. It uses a soil battery to drive the temperature sensor to foster plant development checking framework and plant infection observation, likewise adaptive android application to screen such circumstances by utilizing this innovation to accomplish a green hardware framework.|Smart agriculture;Plant disease monitoring;GSM;Wireless sensor networks|Temperature sensors;GSM;Temperature measurement;Plant diseases;Technological innovation;Soil;Cameras||||IEEE||3; 12; 12; 4; 1; 1|||||5|0.0|12.0
IEEE|G. O. S; P. Perugu; J. S; R. Mahajan; J. G. M. A; R. Sheeja; AhilanAppathurai; Aarti|||Deep Learning-based Mango Leaf Disease Detection using Yolov8|2025|2025 3rd International Conference on Advancement in Computation & Computer Technologies (InCACCT)|0|0||881|885|0|0|10.1109/InCACCT65424.2025.11011320||The mango holds a significant position in India's fruit crop rotation and plays a major part in the nation's economy. The best strategy to avoid losing money and time is to recognize diseases in crops earlier. Obtaining a comprehensive dataset can be challenging and time-consuming. Additionally, deep learning models may struggle with detecting early-stage symptoms of diseases. In this work, a novel deep learning-based model is proposed for the early detection of mango leaf disease (MLD). An adaptive unsharp mask-guided (AUG) filter is used as a pre-processing step to improve the input pictures from the collected dataset. The enhanced images are fed into the YOLOV8 model for detecting mango leaf disease (MLD) and classifying the different kinds of disease. According to the experimental result, the proposed model attains a 99.29% success rate for the classification of disease in mango leaf. The proposed approach is compared to DL methods such as SSD, Mask RCNN, and YOLO v8. The detection accuracy is improved by the YOLO network over SSD, Mask R-CNN, and Yolo v8 by 7.57%, 4.89%, and 2.36%, respectively. In comparison to SVM, ANN, and CNN-HOG, the proposed approach advances the overall accuracy range by 4.72%, 0.73%, 13.18%, and 5.44%, respectively.|Mango leaf;you only look once (YOLOV8);deep learning;adaptive unsharp mask guided filter;leaf disease;conventional neural network|YOLO;Support vector machines;Deep learning;Adaptation models;Accuracy;Biological system modeling;Neural networks;Crops;Convolutional neural networks;Diseases||||IEEE||6; 0; 9; 12; 2; 11; 0; 3|||https://orcid.org/0000-0003-0075-3099; https://orcid.org/0000-0001-7242-2817||5|0.0|12.0
IEEE|M. Naveenkumar; M. Akila|||An Organized Examination of Image Processing for Detection and Diagnosis of Plant Diseases|2023|2023 7th International Conference on Intelligent Computing and Control Systems (ICICCS)|0|0||1288|1299|0|1|10.1109/ICICCS56967.2023.10142319||Agriculture is one of the most important and necessary sources of national wealth. Plant and crop diseases are one of the major factors that affect output quality and quantity. Lack of quality and quantity in food production creates a negative impact on the economy as well. Hence, it is crucial to identify plant diseases. Studies reveal a wide range of plant diseases occurring in different parts of the world. Various components of plants exhibit symptoms of plant diseases especially, the leaves. Extensive research is conducted across the globe and many horticulture specialists in liaison with technological experts apply computer vision and soft computing methods to automatically detect plant diseases from leaf photos. This article provides a summary of several aspects of such studies, along with their benefits and drawbacks. The authors addresses common infections as well as the state of such detection systems’ research at various stages. The current feature extraction methods are examined in order to determine which one seems to function best across a variety of crop categories. This study will aid researchers in their understanding of the use of computer vision for identifying and categorizing plant diseases.|Phytopathology;Pathogens;Disease Identification;Machine Learning;Computer Vision|Plant diseases;Computer vision;Horticulture;Crops;Production;Feature extraction;Control systems||||IEEE||4; 11|||https://orcid.org/0000-0001-9375-110X||5|0.0|11.0
IEEE|B. Manjunatha; K. S. Moorthy; V. Srinivasan; M. Awasthi; M. Ashok; M. Suresh|||Machine Learning and Internet of Things for infection Prediction in Fruits and Vegetables|2023|2023 Second International Conference on Augmented Intelligence and Sustainable Systems (ICAISS)|0|0||587|592|0|0|10.1109/ICAISS58487.2023.10250558||Future agriculture will depend heavily on connected devices, detectors and the Internet of Things (IoT) to be more productive and sustainable. WSNs Technology-based communications and data can be used to solve the majority of the critical challenges in economics, technology, and environmental protection. Increasing the number of connected devices produces a significant amount of data in many different modalities. Additionally, geographical and temporal factors contribute to the rise in the number of networked devices. After being carefully processed and analyzed, this enormous volume of data will offer a deeper understanding that motivation enhances future forecasting, executive, and management of sensor compulsion.|Agriculture;Crops;Infection;Internet of Things;Plants;Machine Learning;Wireless|Wireless sensor networks;Wind energy;Plants (biology);Photovoltaic cells;Production;Internet of Things;Solar radiation||||IEEE||7; 3; 1; 11; 1; 6|||https://orcid.org/0000-0002-6853-6878; https://orcid.org/0009-0008-9926-7982; https://orcid.org/0000-0001-7106-2266||5|0.0|11.0
IEEE|K. -T. Zhang; C. -H. Su; J. -H. Tang|||Application of Deep Learning-Based Visual Recognition for the Prevention of Rose Leaf Mite Damage|2025|2025 IEEE International Conference on Consumer Electronics - Taiwan (ICCE-Taiwan)|0|0||343|344|0|0|10.1109/ICCE-Taiwan66881.2025.11208032||This study applies Convolutional Neural Networks (CNNs) to detect two-spotted spider mite (Tetranychus urticae) infestations on rose leaves in Taiwan. Rose cultivation, a vital component of Taiwan’s horticultural industry, is frequently threatened by these infestations, which cause leaf chlorosis and substantial yield losses.A dataset comprising 1,051 images of both healthy and infested rose leaves was constructed, and AlexNet and VGG16 models were employed for classification. K-Fold cross-validation was used to enhance model robustness and the reliability of evaluation. Experimental results show that the VGG16 model achieved superior performance, with 90.11% accuracy and a standard deviation of 1.39%, outperforming AlexNet, which attained 88.11% accuracy.|Deep Learning;Agriculture;Image Recognition|Deep learning;Visualization;Image recognition;Accuracy;Prevention and mitigation;Robustness;Agriculture;Convolutional neural networks;Standards;Consumer electronics||||IEEE||7; 0; 10|||https://orcid.org/0000-0002-2305-0751||5|0.0|10.0
Scopus|Pushpa, P.; Priyanka, M.; Somu, C.S.; Venitha, E.; Savija, J.; Mohanaprakash, T.A.|Pushpa, P. (58296524300); Priyanka, Maher (59406863000); Somu, C. S. (59335672300); Venitha, E. (57215913277); Savija, J. (58312694000); Mohanaprakash, T. A. (24776728500)|58296524300; 59406863000; 59335672300; 57215913277; 58312694000; 24776728500|Deep Learning Based Classification and Prediction on Vegetable Crop Leaf|2024||0|0||||0|0|10.1109/ICMNWC63764.2024.10872206|https://www.scopus.com/inward/record.uri?eid=2-s2.0-105000166180&doi=10.1109%2FICMNWC63764.2024.10872206&partnerID=40&md5=fa06821842a060e40b0cc55675f3b0a2|Globally speaking, India is a country that is growing quickly. Crop diseases pose a severe danger to food security, yet they are still hard to identify. Due to their reliance on a manually created feature extraction process, these systems' accuracy has reached its peak. This approach classification method needs to incorporate CNN to surpass grading accuracy for tomato leaf pestilence. To properly describe and categorize tomato infections, the Deep Learning algorithm is used. Using a sample of 3000 frames of tomato leaves with nine various pestilences and a better and healthier leaf, the full simulation was carried out using Google Colab. The targeted area of the input photographs is first segregated from the genuine snaps after preprocessing the input images. Second, the frames are further processed using various CNN model hyper-parameters. CNN also extracts additional qualities from frames, such as colours, borders, and textures. The results reveal that the predictions made by the demonstrated replica are 98.49% precise. © 2024 IEEE.|convolution neural network; decision tree; deep learning; tomato crop leaf|Convolution neural network; Crop disease; Crop leaves; Deep learning; Features extraction; Food security; Tomato crop leaf; Tomato crops; Tomato leaf; Vegetable crops; Fruits|Conference paper|Final||Scopus|2-s2.0-105000166180|4; 2; 2; 2; 1; 8|||https://orcid.org/0009-0002-2108-5608||5|0.0|8.0
Scopus|Arya, M.S.; Anjali, K.; Unni, D.|Arya, M. S. (57202952603); Anjali, K. (57289938600); Unni, Divya (57208967774)|57202952603; 57289938600; 57208967774|Detection of unhealthy plant leaves using image processing and genetic algorithm with Arduino|2018||0|0||1.0|5.0|0|47|10.1109/EPSCICON.2018.8379584|https://www.scopus.com/inward/record.uri?eid=2-s2.0-85049962675&doi=10.1109%2FEPSCICON.2018.8379584&partnerID=40&md5=cba36a3828fa2bd7659b784c857cbaf3|India is an agricultural country and about seventy percent of our population depends on agriculture. One-third of our national income comes from agriculture. So the disease detection of plants plays an important role in the agricultural field. Majority of the plant diseases are caused by the attack of bacteria, fungi, virus etc. If proper care is not taken in this area, it may lead to serious effects on plants and adversely affects the productivity and quality. To detect, the plant diseases we need a fast automatic way. The main approach adopted in practice for detection and identification of plant diseases is naked eye observation through experts. The decision making capability of an expert also depends on his/her physical condition, such as fatigue and eye sight, work pressure, climate etc. So this method is time consuming and less efficient. Here, a project is proposed with an idea of detecting plant diseases using image processing. Image processing toolbox of Matlab is used for measuring affected area of disease and to determine the difference in the color of the disease affected area. This concept can be extended to detect the symptoms of any type of plant diseases that is affected on different horticulture crops. The algorithm can be used to classify the leaves and the classified outcomes are separated using Arduino based conveyor belt system. This reduces an important task of monitoring of farms crops at very early stage itself to detect the symptom of diseases appear on plant leaves. © 2018 IEEE.|Arduino; Conveyor belt; Genetic algorithm; Image processing; Matlab|Belt conveyors; Crops; Decision making; Genetic algorithms; MATLAB; Plants (botany); Power control; Viruses; Agricultural fields; Arduino; Conveyor belt system; Conveyor belts; Detection and identifications; Disease detection; Physical conditions; Work pressures; Image processing|Conference paper|Final||Scopus|2-s2.0-85049962675|7; 1; 2|||https://orcid.org/0000-0002-1847-9705||5|0.0|7.0
IEEE|N. K. S; S. P; R. R|||Identification of Paddy Leaf Disease using Machine Learning Methods|2024|2024 IEEE International Conference on Signal Processing, Informatics, Communication and Energy Systems (SPICES)|0|0||1|6|0|0|10.1109/SPICES62143.2024.10779961||The skill of growing fruits and vegetables is known as horticulture, and it is the foundation of both business and well-being. Crop observation and disease detection have even taken precedence over conventional methods of modern farming, despite those techniques being rendered outdated by ignorance of plant illnesses, which can result in financial losses. Plant disease detection and treatment strategies are becoming more sophisticated as horticulture moves toward the Industrial Internet of things (IIoT) 5.0. This effort focuses on creating a model that can precisely diagnose rice leaf disease by examining the leaves of rice plants in order to accomplish this aim. Utilizing a logistic regression classification algorithm, the ResNet50 model based on R-CNN has been evaluated with a dataset of plant leaf image information. 97% accuracy is attained with the Resnet-50 model when compared with other models namely, DenseNet-161 and Inception Net V3 +RCNN.|Image processing;Rice leaf disease;Computer vision;Plant leaf disease diagnosis deep learning|Plant diseases;Machine learning algorithms;Accuracy;Plants (biology);Horticulture;Laboratories;Crops;Transforms;Agriculture;Industrial Internet of Things||||IEEE||3; 7; 1|||||5|0.0|7.0
IEEE|S. B; M. S; A. R|||PlantMed - An Automated App for Monitoring the Tasks of Farmers|2024|2024 International Conference on Smart Technologies for Sustainable Development Goals (ICSTSDG)|0|0||1|8|0|0|10.1109/ICSTSDG61998.2024.11026485||Farmers and terrace gardeners use PlantMed, a sophisticated mobile application, to track ailments and monitor plant health through the use of machine learning and computer vision. The API focuses on various plants, and users can upload pictures of their plants to diagnose diseases quickly using K-means and CNN network (KNN) algorithms. The application utilizes an open API (Application Programming Interface) for well-being and a linear regression model to forecast production figures for various climatic conditions, including rainfall, temperature, humidity, and wind, while also integrating current weather information. The application offers suggestions for managing agro-health care, such as using pesticides, linking GP (Gram Panchayat) outage measures with government schemes, and registering the soil condition in their vicinity using the Google Maps API. Eva, the integrated multilingual Chabot, encourages users across languages by teaching them how to grow plants, prevent them from diseases, and use the app. Additionally, the application provides educational content in the form of articles, videos, and news about current agricultural trends. Some upcoming enhancements include the incorporation of market demand, the implementation of growing crops where there is a demand for them, and the ability to search nearby locations for agricultural equipment and supplies, thereby transforming plant medicine into a remedy for enhancing crop productivity.|PlantMed;agro health care;linear regression model;K-means and CNN Chabot;soil condition|Temperature measurement;Web services;Linear regression;Crops;Soil;Wind forecasting;Monitoring;Application programming interfaces;Diseases;Videos||||IEEE||7; 1; 4|||https://orcid.org/0000-0002-7098-8363||5|0.0|7.0
IEEE|A. Hidayatuloh; M. Nursalman; E. Nugraha|||Identification of Tomato Plant Diseases by Leaf Image Using Squeezenet Model|2018|2018 International Conference on Information Technology Systems and Innovation (ICITSI)|0|0||199|204|0|57|10.1109/ICITSI.2018.8696087||One of the problems in the field of agriculture is regarding plant diseases. Plant diseases can cause a decrease in agricultural production. Therefore, early detection and diagnosis of plant diseases is very important. Plant diseases often appear on the leaves, and the characteristics of the affected leaves can be varied and difficult to distinguish. This makes it difficult to identify the disease automatically. Increased smartphone usage and advances in the field of computer vision through deep learning have made it possible to connect smartphones as a tool in diagnosing diseases. Plants used as case studies in this study were tomato plants. The method used is Convolutional Neural Network (CNN). This CNN method has many types based on the architecture it builds, one of which is squeezenet architecture. Squeezenet architecture can produce a model with a relatively small size, so that the model can be implemented on smartphone devices, server computing, and microcontroller devices. This research will focus on building a model based on squeezenet architecture to classify seven types of tomato plant diseases on the leaves including healthy leaves. The model is built using the help of Keras deep learning frameworks. The data used in this study is the image of tomato plant leaves obtained from the Vegetable Crops Research Institute (Balitsa) in Lembang, West Java. With 200 classes for each class. This study has successfully detected tomato plant disease through its leaf image automatically with an average accuracy of identification of 86.92%.|tomato plant diseases;convolutional neural network;squeezenet architecture;deep learning;computer vision;balitsa;keras|Diseases;Computer architecture;Training;Data models;Deep learning;Plants (biology);Computational modeling||||IEEE||2; 4; 6|||https://orcid.org/0000-0002-6551-9167||5|0.0|6.0
IEEE|S. Prasad; K. Umme Haniya; S. Zeenathunnisa; M. Tahir; M. Sulaiman|||Deep learning based Automatic Indoor Plant Management System using Arduino|2023|2023 4th IEEE Global Conference for Advancement in Technology (GCAT)|0|0||1|5|0|3|10.1109/GCAT59970.2023.10353399||Normal plant management systems relies majorly on human monitoring and care. Some of the disadvantages are uneven watering, inadequate nutrition supply to the plants, time consuming, lack in precision of plant health parameters, not having real time visibility, inefficient resource usage of water and energy. In order to overcome these drawbacks, a deep learning-based Plant management system is proposed in this work. By automating the system, there are several advantages. In this project, an Arduino Based Plant Automation System that waters plants automatically based on the amount of soil moisture detected by the sensors is designed. The device provide fertilizer based on detecting plant diseases through image processing software. Some advantages of the proposed system include Accurate Monitoring of plants health parameters. Automated watering, fertilizing, providing real time alerts and notifications, improved plant health and growth, energy and resource efficiency, remote access and control etc. Some areas where this system can be deployed are Smart homes, Indoor gardening, Horticulture research, Sustainable Agriculture and Vertical Farming.|Smart Agriculture;Plant Management System;Arduino;Deep learning|Automation;Plants (biology);Moisture;Real-time systems;Sensor systems;Water pumps;Monitoring||||IEEE||5; 1; 1; 6; 2|||https://orcid.org/0000-0002-0631-0611||5|0.0|6.0
IEEE|S. Sandeep Kumar; U. Divakarla|||Mulberry Leaves Diseases and Disease Identification Techniques|2023|2023 International Conference on Integrated Intelligence and Communication Systems (ICIICS)|0|0||1|7|0|3|10.1109/ICIICS59993.2023.10421635||In sericulture, the young caterpillars of the common silk moth, also known as ”Bombyx Mori,” are the most widely used species of silkworm. For the purpose of raising silkworms, mulberry plants are grown. Mulberry leaves are the main source of food for silkworms. Mulberry leaves are an important economic factor in sericulture because they directly influence the quality and quantity of cocoons produced per unit area. Mulberry leaf diseases cause both a loss in leaf quality and a reduction in leaf yield. Feeding silkworms diseased leaves has an effect on both the quality of the silk produced and the number of cocoons formed. Traditional techniques have been used to detect diseases. However, plant pathologists or agricultural professionals have traditionally used empty-eye observation to find leaf diseases. It takes a lot of labour and in-depth understanding of plant illnesses to detect diseases in plant leaves using this approach, which may be unreliable, time-consuming, and lucrative. Therefore, it is crucial to maintain regular watchfulness and employ effective disease diagnosis methods to safeguard mulberry leaves from various disease attacks.|Silkworm;Mulberry Leaf;Bombyx Mori;Co-coon|Pathogens;Machine learning algorithms;Plants (biology);Machine learning;Classification algorithms;Medical diagnosis;Diseases||||IEEE||3; 6|||||5|0.0|6.0
IEEE|K. Swetha; V. Venkataraman; G. D. Sadhana; R. Priyatharshini|||Hybrid approach for anthracnose detection using intensity and size features|2016|2016 IEEE Technological Innovations in ICT for Agriculture and Rural Development (TIAR)|0|0||28|32|0|15|10.1109/TIAR.2016.7801208||Anthracnose is a group of fungal diseases that affect a variety of plants in warm, humid areas. Commonly infecting the developing shoots and leaves, anthracnose fungi (usually Colletotrichum or Gloeosporium) produce spores in tiny, sunken, saucer-shaped fruiting bodies known as acervuli. Symptoms include sunken spots or lesions (blight) of various colors in leaves, stems, fruits, or flowers. This reduces the agricultural production significantly. Hence there is a need to detect this disease at the earliest. This paper is based on the determination of lesion areas affected by anthracnose by segmenting them using thresholding segmentation technique. The lesion areas are identified by dark spots on the surface of the leaf or the fruit. The percentage of affected area is determined by taking the size and intensity of the spots into consideration. We have considered three types of fruit namely mango, apple and tomato for our work. The developed methodology consists of two phases. In the first phase, the segmentation technique namely region growing is employed for separating anthracnose affected lesion areas from normal area. In the second phase, these affected areas are graded by calculating the percentage of affected area The work finds application in developing a machine vision system in horticulture field.|anthracnose;thresholding;Colletotrichum;lesions;segmentation|Image segmentation;Diseases;Feature extraction;Agriculture;Conferences;Lesions;Technological innovation||||IEEE||5; 1; 1; 6|||||5|0.0|6.0
Scopus|Gurunathan, K.; Bharathkumar, V.; Meeran, M.H.A.; Hariprasath, K.; Jidendiran, R.|Gurunathan, K. (57223912583); Bharathkumar, V. (57193578724); Meeran, M. Haji Ali (58519188400); Hariprasath, K. (59568694700); Jidendiran, R. (58519255500)|57223912583; 57193578724; 58519188400; 59568694700; 58519255500|Classification of Cultivars Employing the Alexnet Technique Using Deep Learning|2023||0|0||||0|4|10.1109/ICBSII58188.2023.10181087|https://www.scopus.com/inward/record.uri?eid=2-s2.0-85166483282&doi=10.1109%2FICBSII58188.2023.10181087&partnerID=40&md5=20e00ffba4449190e4a0c996a4095cc0|The recognition of hybrid fruits by humans is considered a challenging task as fruits exist in various colors, sizes, shapes, and textures. In the marketplace, where prediction of fruits, vegetables, and pulses by retailers and the general public is very difficult. In this paper, we have recognised two different classes of fruits, vegetables, and pulses and categorised them based on the stages of their existence and maturity in a procedure called fruit maturity classification. Crop distribution, good fruit counts, crop harvesting, crop disease detection, weed management, and production forecasting are all aspects of managing water and soil and are just a few of the smart agricultural applications that employ robust learning (DL). The finest deep learning is what this project seeks to produce in algorithms for estimating fruit quality and ripeness in order to forecast fruit shelf life. Manual vegetable and fruit detection is a hard process when done in large numbers, but it becomes easy when done in small amounts. Automated detection of these is thus used. Fruit, crop, and pulse images served as the input for the first stage of processing, which included detection. Background removal, extraction of colour and texture properties, and categorization comprised the three steps of the process. The K-means clustering method was used for background subtraction. Statistical attributes were used to pinpoint colour characteristics. This research proposes a simple and effective method for detecting fruits and predicting their nutrition information using deep Alex networks (DAN). The datasets used in the investigation were obtained from the Fruit 360 library of image processing problems. Apples, berries, bananas, grapes, papaya, peaches, avocados, and various apple tastes are among the fruit groups. The trials are also carried out on a variety of additional fruit samples gathered from various Web archives. The network design consists of three fully linked layers, including the max pooling and RELU levels, and five convolution layers. 227∗227∗3 photos should be used as input for 96 filters that are 11∗11∗3 and have a stride length of 4. © 2023 IEEE.|Deep Learning; Fruits; Hybrid; Machine Learning; Vegetables|Agricultural robots; Color; Crops; Deep learning; Forecasting; Fruits; K-means clustering; Learning systems; Plants (botany); Textures; Crop disease; Crop harvesting; Different class; Fruit maturity; General publics; Hybrid; Machine-learning; Public IS; Shape and textures; Vegetables|Conference paper|Final||Scopus|2-s2.0-85166483282|3; 1; 1; 5; 1|||||5|0.0|5.0
IEEE|K. Sumithra Devi; M. Santhosh|||AI-Driven Gardening Assistant: Intelligent Plant Care and Disease Detection Using AI|2025|2025 8th International Conference on Circuit, Power & Computing Technologies (ICCPCT)|0|0||1158|1162|0|0|10.1109/ICCPCT65132.2025.11176616||The popularity of terrace and backyard gardening heightened the demand for smart, AI-enabled plant care and disease control. Here is presented the AI-Driven Gardening Assistant, an end-to-end solution that leverages computer vision and deep learning techniques for plant species identification, disease identification, and personalized care instructions. The assistant uses the YOLO algorithm, which is trained on a very large, augmented dataset covering multiple crop species, to ensure high-accuracy detection in diverse environmental conditions. A Retrieval-Augmented Generation (RAG) engine also powers an interactive chatbot through which users can ask expert, context-specific gardening advice from a highly curated knowledge base. Other than disease treatment, the assistant gives advice on terrace gardening methods and prevention. System implementation, deployment, and testing results are stated, and they indicate how the system can be applied to optimize terrace gardening using available AI-based assistance.|Terrace gardening;Deep Learning;Computer vision;YOLO;Retrieval-Augmented Generation (RAG)|YOLO;Deep learning;Computer vision;Accuracy;Retrieval augmented generation;Chatbots;Real-time systems;System implementation;Diseases;Testing||||IEEE||5; 2|||https://orcid.org/0000-0001-8202-2155||5|0.0|5.0
IEEE|S. Chavan; D. R. Ingle|||Optimizing Vegetable Yield Forecasting with Machine Learning Using Soil and Weather Data|2024|2024 International Conference on Artificial Intelligence and Quantum Computation-Based Sensor Application (ICAIQSA)|0|0||1|6|0|0|10.1109/ICAIQSA64000.2024.10882354||The majority of people in India depend mostly on agriculture for their livelihood, which also contributes substantially to the country's economy. However, there is still room for improvement and expansion in the agricultural sector's use of technology. Because they can handle huge datasets, recognize patterns, and make predictions or classifications without being specifically trained for each circumstance, machine learning and deep learning have transformed research in numerous domains Accurate and helpful information on many topics is also crucial in farming, in addition to improvements in agricultural apparatus and technology. Remote sensors, satellite photos, and surveys are used to gather this data. Vegetable farming plays a crucial role in meeting the growing global demand for nutritious food. However, unpredictable weather patterns and suboptimal soil conditions can often hinder crop yields, posing significant challenges for farmers. This study aims to address this issue by using machine learning techniques to analyze soil properties, weather patterns, and crop data to provide tailored suggestions for crop selection, which can ultimately increase vegetable yields and promote sustainable farming practices. The research methodology involved collecting extensive data from diverse vegetable farms, including soil samples, weather records, and crop performance metrics over multiple seasons. Using machine learning algorithms, this dataset was processed to develop predictive models that assess the impact of various soil characteristics and weather factors on crop growth and productivity. The developed models were validated on a separate dataset, and the results demonstrated their high accuracy and reliability. The findings of this study suggest that machine learning can be a valuable tool for vegetable farmers to make informed decisions about crop management, leading to increased yields and improved sustainability.|SVM;KNN;Logistic Regression;random forest;Prediction;Machine learning|Support vector machines;Accuracy;Machine learning algorithms;Crops;Predictive models;Prediction algorithms;Forecasting;Random forests;Crop yield;Farming||||IEEE||3; 5|||https://orcid.org/0009-0005-8358-6434||5|0.0|5.0
IEEE|I. Mubarokah; P. Laksono; Cepy; R. Safitri; I. Idris|||Detection of Begomovirus Disease for Identification of Disease Severity Level in Tomato Leaves Using Convolutional Neural Network (CNN)|2022|2022 International Symposium on Electronics and Smart Devices (ISESD)|0|0||1|6|0|4|10.1109/ISESD56103.2022.9980675||Tomato is one of the horticultural crops that have high demand in the community, which demands continuous increase in production and quality. On the other hand, cultivating and caring for tomato are not simple. The challenge frequently encountered by tomato farmers is the prevalence of diseases on tomato leave caused by bacteria, viruses, and fungus. If the diseases are not treated appropriately, these diseases will cause a decrease in production due to the poor quality of tomatoes. In this study, the optimized Convolutional Neural Network (CNN) model for classification and detection Begomovirus disease in tomato leave is proposed. The optimized model is obtained from the comparison of three types architectures: SSD Mobilenet V1 FPN, EfficientDet D1 and SSD Resnet 50 V1 FPN. For the purpose of this research, a dataset consisted of tomato leaves contracted with various stages of begomovirus has been collected and prepared to be used as training and validation. The dataset is grouped into 4 classes based on the severity level of the disease according to the scale of symptoms that occur in tomato leave. The Experimental results shows that the mAP value of SSD Mobilenet V1 FPN, SSD Resnet 50 V1 FPN and EfficientDet D1 model are 56.17%, 61.58% and 66.03%, respectively. The EfficientDet D1 model resulted in the highest mean Average Precision (mAP) value due to this model produced the lowest loss value of 0.1 compared to the other 2 models. The proposed model uses BiFPN method for feature extraction which resulted in higher accuracy compared to previous models which only used FPN. This performance was able to be achieved with much less number of layers.|Tomato;Begomovirus;Disease Detection;Convolutional Neural Network (CNN);mean Average Precission (mAP)|Training;Microorganisms;Neural networks;Crops;Production;Machine learning;Feature extraction||||IEEE||3; 4; 1; 4; 5|||||5|0.0|5.0
IEEE|Sahebgouda; M. Sumana|||Disease Detection In Pomegranate Plant Using Image Processing Techniques|2023|2023 IEEE International Conference on Electronics, Computing and Communication Technologies (CONECCT)|0|0||1|6|0|1|10.1109/CONECCT57959.2023.10234771||The majority of the people in India is dependent on agriculture. Every crop the farmers cultivate has some sort of illness. The most successfully adopted subtropical fruit crop in India is the pomegranate. Pomegranates have the highest economic value of all the fruits. Pomegranate has very little immunity to infection during cultivation, especially in the early stages. As a result, it is particularly susceptible to the sickness. The detection of plant diseases is a beneficial use of image processing. Picture acquisition, picture pre-processing, Image segmentation, feature extraction, object recognition, and classification are all steps within the infection discovery handle.|Pomegranate;Picture processing;Picture acquisition;Image pre-processing;Image segmentation.|Plant diseases;Image segmentation;Visualization;Costs;Image edge detection;Crops;Reliability engineering||||IEEE||1; 5|||||5|0.0|5.0
IEEE|S. C. Raut; N. N. Kasat|||A Review: Citrus Disease Detection Using Machine Learning Approach|2024|2024 2nd DMIHER International Conference on Artificial Intelligence in Healthcare, Education and Industry (IDICAIEI)|0|0||1|5|0|0|10.1109/IDICAIEI61867.2024.10842864||Citrus is an important fruit crops worldwide, and diseases are one of the major constraints affecting their production and quality. An early stage detection and precise classification of citrus diseases are very important for the disease management, effectively. Diseases can affect Leaves, Fruits and stem of citrus plant. Traditional methods for disease detection and classification are time-consuming and expensive. Various techniques are proposed for the classification and detection of citrus crop diseases. Use of Machine Learning algorithms like SVM, ANN, Fuzzy C-Means Classifier, KNN, and CNN classifier are proposed by many researchers worldwide after the investigation and validation of results. This work includes the study of various citrus crop diseases and the review of literature on automatic detection and identification of the diseases using machine learning and Deep learning approaches. It also includes the brief overview of the techniques in order to improve the detection accuracy using Data Augmentation and Transfer Learning.|Citrus diseases;Deep learnings(DL);Data Augmentation;Machine Learning(ML);Timely detection;Transfer Learning|Deep learning;Support vector machines;Machine learning algorithms;Accuracy;Reviews;Computational modeling;Transfer learning;Crops;Data augmentation;Diseases||||IEEE||5; 1|||||5|0.0|5.0
IEEE|D. Wijendra; V. Jayasinghearachchi; O. A. P Dilshan; H. M. K. C. B Herath; Y. M. T. N. S Yapa; K. D. M. M Rathnasiri|||OrchiZen: Hybrid Integrated Smart Farming System for Orchid Plantations|2025|2025 IEEE International Conference on Automatic Control and Intelligent Systems (I2CACIS)|1.0|0||164|169|0|0|10.1109/I2CACIS65476.2025.11101702||OrchiZen is a hybrid integrated smart farming system designed for orchid cultivation, leveraging Machine Learning (ML) and Internet of Things (IoT) technologies to address key horticultural challenges, including irrigation, disease treatment, choice of species, lighting, and nutrients. The OrchiZen has smart irrigation advisory, species recommendation, Ultraviolet (UV) based disease treatment, light optimization, and fertilizer advisory. The priorities are given to specific species such as Dendrobium, Vanda, and Phalaenopsis. The realities of telemonitoring, data processing, and forecasting increase organizational productivity and contribute to better environmental management. The outcomes illustrate that existing modern technologies can enhance the output and ecology of the orchid production to a significant extent, redefining the conventional technologies.|orchid;mist irrigation;UV-C treatment;fertilizer advisory;sustainable agriculture|Smart agriculture;Irrigation;Nutrients;Internet of Things;Optimization;Water resources;Recommender systems;Diseases;Fertilizers;Software engineering||||IEEE||5; 1; 0; 1; 0; 0|||https://orcid.org/0000-0003-4218-4680; https://orcid.org/0009-0001-4334-3842||5|0.0|5.0
Scopus|Rayed, M.E.; Abdullah-Al-Akib; Alfaz, N.; Niha, S.I.; Islam, S.M.S.|Rayed, Md Eshmam (58285367200); Abdullah-Al-Akib (58930871800); Alfaz, Nazia (57467164900); Niha, Sadia Islam (58930678500); Islam, Showrov M.Sajibul (59142925700)|58285367200; 58930871800; 57467164900; 58930678500; 59142925700|A vision transformer-based approach for recognizing seven prevalent mango leaf diseases|2023||0|0||||0|2|10.1109/ICCIT60459.2023.10441449|https://www.scopus.com/inward/record.uri?eid=2-s2.0-85187357014&doi=10.1109%2FICCIT60459.2023.10441449&partnerID=40&md5=1acf4a1d2425f8d6f6aa130794f7b83b|"Plant diseases, particularly affecting fruit crops, pose a significant challenge to the worldwide supply of fresh food due to their direct impact on the quality of fruits, resulting in an overall decline in agricultural production. The traditional approach of detecting leaf diseases in fruit plants requires farmers to undertake manual inspection which exhibits a lack of reliability and consistency. Moreover, the manual inspection procedure is prone to errors due to its reliance on the farmer's knowledge and skill. Mango referred to as the ""king of all fruits"", is renowned for its rich composition of various vitamins and vital nutrients. Mangoes are susceptible to many diseases that adversely damage their visual appeal, and flavor, and have significant implications on the overall economy. The identification of diseases affecting mango plant leaves using automated recognition remains a challenge due to the diverse range of symptoms and limited availability of data. There have been several deep learning-based research studies focused on identifying diseases in mango leaves; however, the majority of these studies have employed a convolutional neural network (CNN) trained on a small number of data. This study presents a Vision Transformer (ViT) based approach to detect diseases in mango leaves using publicly available data namely MangoLeafBD. The ViT model has been selected as the detection model due to its parameter efficiency compared to deep CNN models. The ViT has produced remarkable overall classification accuracy of 100%, precision of 100%, recall of 100%, and f1-score of 100% for disease detection on mango leaves which is better than the existing CNN approaches on the MangoLeafBD dataset. This demonstrates that our approach has the potential to assist farmers in the field by providing automated, simple, and more reliable mango leaf disease diagnosis. © 2023 IEEE."|Deep learning; Image classification; Mango leaf disease; Vision Transformer (ViT)|Classification (of information); Convolutional neural networks; Deep learning; Diagnosis; Image classification; Plants (botany); Convolutional neural network; Fresh food; Fruit crops; Images classification; Leaf disease; Mango leaf disease; Manual inspection; Plant disease; Vision transformer; Fruits|Conference paper|Final||Scopus|2-s2.0-85187357014|2; 1; 4; 2; 2|||https://orcid.org/0009-0008-2118-5565; https://orcid.org/0000-0002-9836-9169; https://orcid.org/0009-0008-2286-6653||5|0.0|4.0
IEEE|L. K; A. Packialatha|||A Mango Disease Prediction for Smart Agiculture using Machine Learning Algorithms|2024|2024 8th International Conference on I-SMAC (IoT in Social, Mobile, Analytics and Cloud) (I-SMAC)|0|0||1530|1537|0|1|10.1109/I-SMAC61858.2024.10714657||"The country's economy relies heavily on agriculture, and the health of the crops is essential to its success. Crop diseases that go undetected can cost the agriculture industry. Thus early detection and identification are crucial. It is possible to avoid crop diseases from destroying the harvest if they are accurately diagnosed and detected. Because healthy and diseased plants appear identical in their early stages, farmers cannot distinguish between the two by watching the crop leaf. India exports vast mangoes, making it an economically and environmentally significant fruit. About 1500 mango species are grown in India, with over 1000 commercial types. There are a lot of diseases that harm mangoes, affecting their look, taste, and economy. The ""Prediction of Disease in Mango Fruit Crops"" A complex warning system that uses machine learning and IoT. One of the main objectives is to develop a system that can forecast disease outbreaks on mango fruit harvests using historical weather information and crop yield Mango trees in India are plagued by a fungus called Anthracnose, which is the most frequent disease of its kind. Anthracnose, a highly contagious fungus, requires a quick and accurate method of diagnosis. As a result, an in-depth examination of the plants is essential before initiating any control measures. This study examines machine learning(ML) and deep learning (DL) strategies for detecting and classifying mango plant diseases. The performance of ML and DL-based classification models for mango crops and their datasets and feature extraction approachesare examined in this work. Finally, a variety of issues involved in plant disease identification are explored."|Internet of Things;Temparature,Disease Detection;Machine Learning;Precision Farming;deep learning|Support vector machines;Deep learning;Plant diseases;Accuracy;Costs;Biological system modeling;Crops;Data models;Agriculture;Internet of Things||||IEEE||2; 4|||https://orcid.org/0000-0001-7374-1262||5|0.0|4.0
IEEE|A. Khannum; D. R; K. Y|||Classification of Downy Mildew Disease in Watermelon Plant Leaf using VGG-16 Convolutional Neural Network|2024|2024 4th International Conference on Mobile Networks and Wireless Communications (ICMNWC)|0|0||1|8|0|2|10.1109/ICMNWC63764.2024.10872300||Downy Mildew, caused by Pseudoperonospora cubensis, poses a serious threat to watermelon (Citrullus lanatus) crops, with the potential to drastically reduce yields and cause substantial economic losses in the agricultural sector. Early and accurate detection is essential for mitigating these impacts and maintaining crop productivity. An automatic detection system was developed using the VGG-16 Convolutional Neural Network (CNN) model, selected for its high accuracy. Trained and validated on a dataset of 585 images, split into 80% for training and 20% for validation, the model achieved 100% accuracy in both phases, with minimal losses of 0.0325 and 0.0098 respectively. These results underscore the model's potential for precise Downy Mildew detection, supporting improved disease management in precision agriculture.|convolutional neural networks (CNN);vgg- 16 model;binary cross-entropy loss;downy mildew detection;training accuracy;validation accuracy|Training;Productivity;Wireless communication;Adaptation models;Accuracy;Crops;Data augmentation;Data models;Robustness;Convolutional neural networks||||IEEE||1; 4; 2|||||5|0.0|4.0
Scopus|Dhavane, P.G.; Mangave, T.G.; Deshmukh, T.S.; Kajale, P.P.|Dhavane, P. G. (57195065721); Mangave, Tejaswi G. (60022961600); Deshmukh, Tejaswini S. (60023820000); Kajale, Pooja P. (60023530000)|57195065721; 60022961600; 60023820000; 60023530000|A Review on Deep Learning and Transfer Learning Models: Grape Leaf Disease Detection|2025||0|0||1013.0|1018.0|0|0|10.1109/ICICI65870.2025.11069612|https://www.scopus.com/inward/record.uri?eid=2-s2.0-105012168366&doi=10.1109%2FICICI65870.2025.11069612&partnerID=40&md5=45393839a49c9f0d01639ad5b02bfe54|Grapes are the most significant fruit crops which contain several vitamins and minerals such as vitamins K, and B, as well as copper. Grape plants can be greatly affected by different diseases including grape esca, isariopsis leaf spot, black rot, powdery mildew or downy mildew, and so on. These diseases impact the entire grape's quality and yield. Early detection of grape leaf disease is essential to reduce economic costs and disease progression. However, various existing approaches pose certain challenges including computational cost, real-time detection, illumination, and occlusion as well as misclassification. This survey analyzes recent works using the machine learning, deep learning, and transfer learning techniques for grape leaf disease diagnosis in the form of dataset availability, disease severity estimation, and computational resources. Among other techniques, deep learning shows superior performance results and a better capability to extract features. Additionally, this research analyzes various performance metrics and the limitations of existing approaches. © 2025 IEEE.|deep learning; Grape leaf disease; Image processing; Machine learning techniques; Transfer learning|Costs; Crops; Diagnosis; Diseases; Error detection; Learning algorithms; Learning systems; Plant diseases; Plants (botany); Transfer learning; Deep learning; Fruit crops; Grape leaf disease; Grape leaves; Images processing; Leaf disease; Leaf disease detections; Learning models; Machine learning techniques|Conference paper|Final||Scopus|2-s2.0-105012168366|0; 0; 2; 0|||||5|0.0|2.0
Scopus|Padol, P.B.; Yadav, A.A.|Padol, Pranjali B. (57192314914); Yadav, Anjali Abhijit (57195513394)|57192314914; 57195513394|SVM classifier based grape leaf disease detection|2016||0|0|7746160|175.0|179.0|0|337|10.1109/CASP.2016.7746160|https://www.scopus.com/inward/record.uri?eid=2-s2.0-85003864741&doi=10.1109%2FCASP.2016.7746160&partnerID=40&md5=b006cf0efa7210a763988f114feacbb9|Grape constitutes one of the most widely grown fruit crops in the India. Productivity of grape decreases due to infections caused by various types of diseases on its fruit, stem and leaf. Leaf diseases are mainly caused by bacteria, fungi, virus etc. Diseases are a major factor limiting fruit production and diseases are often difficult to control. Without accurate disease diagnosis, proper control actions cannot be used at the appropriate time. Image Processing is one of the widely used technique is adopted for the plant leaf diseases detection and classification. This paper is intended to aid in the detection and classification leaf diseases of grape using SVM classification technique. First the diseased region is found using segmentation by K-means clustering, then both color and texture features are extracted. Finally classification technique is used to detect the type of leaf disease. The proposed system can successfully detect and classify the examined disease with accuracy of 88.89%. © 2016 IEEE.|Feature extraction; Image Processing; K-means clustering; Leaf diseases detection; SVM Classification|Diagnosis; Feature extraction; Fruits; Image processing; Signal processing; Viruses; Classification technique; Color and texture features; Disease diagnosis; Fruit production; K-means clustering; Leaf disease; Leaf disease detections; SVM classification; Disease control|Conference paper|Final||Scopus|2-s2.0-85003864741|2; 1|||||5|0.0|2.0
IEEE|S. Sangeevan|||Deep learning-based pesticides prescription system for leaf diseases of home garden crops in Sri Lanka|2021|2021 International Research Conference on Smart Computing and Systems Engineering (SCSE)|4.0|0||94|98|0|3|10.1109/SCSE53661.2021.9568308||The study proposes a deep learning-based pesticides prescription system for leaf diseases of home garden crops in Sri Lanka. It is an intelligent system to get suitable pesticides prescriptions for plant leaf diseases. Home gardening has become popular and is rapid because of the current pandemic situation. However, plant diseases are a major problem in gardening activities, even in a home garden or in a commercial garden. Identifying and finding a solution for the plant disease is a big challenge for home gardeners rather than commercial farmers. The proposed system of deep learning-based pesticides prescription system for leaf diseases of home garden crops in Sri Lanka will be the best solution for identifying and finding a solution to the plant diseases. The system is using a trained model for prescribing pesticides. The model was built using the deep learning method and trained in the supervised learning process. The convolutional neural network algorithm was used in the model. Transfer learning with AlexN et pre-trained model was used to increase the performance in the proposed solution and the best accuracy of 88.64 % was achieved in the experiments.|convolutional neural network;leaf diseases;Machine Learning;pesticides|Deep learning;Pandemics;Computational modeling;Transfer learning;Supervised learning;Crops;Convolutional neural networks||||IEEE||1|||||5|0.0|1.0
IEEE|K. Kolvekar; S. Lotlikar; M. Naik; A. Faldesai; Y. Muttu; M. Colaco|||Cayenne based Plant Monitoring Control System|2020|2020 IEEE Bombay Section Signature Conference (IBSSC)|0|0||237|242|0|1|10.1109/IBSSC51096.2020.9332186||India is the world's major producer of various agricultural materials like fruits, vegetables, pulses, etc. Tomato is the most widely cultivated crop in India making it the most profitable agribusiness. Until industrial revolution, almost two-third of the human residents depends only on farming. For major development & solidification of India's agriculture, research and extension system is one of the most vital needs for agricultural development. If agriculture is to be safe, healthy & sustainable, it is essential to have healthy crops as they play an important role in generating sufficient quantities of healthy foods & contribute to the quality of life. Hence, for the increased production, suitable evaluation of crop disease in the field is very critical. Tomato horticulture farmers face lots of problems out of which leaf disease is of major concern because it happens at the earlier stage of the plant growth and if not treated on time it can destroy the full cultivation. This paper focuses on monitoring the tomato crop plantation and tomato leaf disease classification using image processing techniques and artificial neural networks. With this system farmer will now be able to view his farm and will be able to take control actions based on the measured parameters stored onto the cloud making the system very efficient.|Irrigation system;Internet of things (IoT);Sensors;RF module;XCT;Disease classification;Image processing;Artificial neural network|Irrigation;Cloud computing;Image processing;Process control;Control systems;Monitoring;Diseases||||IEEE||1; 1; 1; 1; 1; 1|||||5|0.0|1.0
IEEE|P. Rawat; K. Gupta|||Image Processing in Crop Quality Assessment and Disease Detection of Okra Using CNN with U- NET|2025|2025 International Conference on Sustainability, Innovation & Technology (ICSIT)|0|0||1|5|0|0|10.1109/ICSIT65336.2025.11293878||Okra (Lady finger), an important vegetable crop in India, is frequently plagued by leaf diseases, which reduce yield and affect crop quality. Manual testimony of such diseases is time-taking and inclined to human error, particularly in rural locations where specialist resources are scarce. To solve this issue, this study presents a Custom CNN with U-Net for detecting and classifying okra leaf disease in high-resolution RGB images. A dataset of 1,500 images covering six classes, including healthy leaves and five major disease kinds, was used. The methodology covers data preparation, augmentation, and classification with custom CNN. The classifier achieved 0.99% AUC with overall test accuracy of 88%, with strong class-wise performance as evidenced by the confusion matrix and classification report. ROC analysis also revealed good separability across all classes, indicating the model's resilience. In addition to classification, a U-Net architecture was developed for segmentation and estimating future severity levels. Visualization of predictions revealed a close match between expected and real labels, confirming the model's reliability. This study emphasizes the utility of CNN and U-Net techniques. Future research will look into real-time deployment on edge devices and the integration of severity grading using lesion segmentation to better crop health management.|CNN;classification;U-Net;Image segementation;Okra;Crop Quality|Accuracy;Image edge detection;Crops;Predictive models;Real-time systems;Quality assessment;Convolutional neural networks;Diseases;Synthetic data;Resilience||||IEEE|||||||5|0.0|0.0
IEEE|M. Vishnoi; V. Vashisht; A. K. Dubey; A. K. Dubey|||A Hybrid Deep Learning-Machine Learning Pipeline for Precision Monitoring of Citrus Diseases|2025|2025 12th International Conference on Reliability, Infocom Technologies and Optimization (Trends and Future Directions) (ICRITO)|0|0||1|6|0|0|10.1109/ICRITO66076.2025.11241636||Citrus is a globally cultivated fruit crop that plays a vital role in the economy. In India, citrus accounts for approximately $6-8 \%$ of horticulture sector. It ranks third among fruit categories and contributes for around $\mathbf{1 2 - 1 3} \boldsymbol{\%}$ of the country's overall fruit production. Citrus fruits are not only economically significant but also offer multiple benefits for both health and nutrition. However, a number of diseases can be a threat to citrus cultivation. Canker, greening, and black spot can greatly damage both productivity and marketability. Although several conventional methods have developed to improve fruit quality and detect diseases which are time-consuming and moderately effective. In contrast, deep learning and machine learning techniques have greatly improved the performance of disease identification. This study proposes a hybrid model that integrates both transfer learning and machine learning approaches in order to detect and classify citrus diseases. The proposed model localizes regions of interest (ROI) of an image, and the features extracted from ROI improves the model's detection capability. As a result, the model achieves an overall accuracy of greater than 95 % and the improved model shows strong performance across various validation metrics as compared to SVM model and YOLOV5 model. It stays effective on single labeled datasets and provides better computational efficiency than standard deep learning models.|Deep Learning;Machine Learning;Localization;ROI;SVM;Computational Efficiency|Deep learning;YOLO;Productivity;Computational modeling;Transfer learning;Feature extraction;Computational efficiency;Reliability;Standards;Diseases||||IEEE|||||https://orcid.org/0000-0001-5025-7742; https://orcid.org/0000-0001-5991-9247; https://orcid.org/0000-0001-5831-3817||5|0.0|0.0
ScienceDirect|Johannes Mapuranga; Wenxiang Yang|||Harnessing biological control and advanced technologies for sustainable wheat rust management: An integrated approach|2025|Pesticide Biochemistry and Physiology|0|0||106931||0|0|https://doi.org/10.1016/j.pestbp.2025.106931|https://www.sciencedirect.com/science/article/pii/S0048357525006443|Wheat rusts caused by biotrophic fungi of the genus Puccinia continuously threaten global wheat production and food security. The rapid evolution of virulent races, and the limitations of chemical fungicides, including environmental contamination, human health concerns, and resistance development, necessitate a shift towards integrated management strategies. This review explores biocontrol agents (BCAs), including fungal (Trichoderma spp., Cladosporium cladosporioides), bacterial (Bacillus subtilis, Pseudomonas spp.), and actinomycetes (Streptomyces spp.), as foundational components of wheat rusts management. We highlight their modes of action such as mycoparasitism, antibiosis, competition, and the induction of systemic resistance. Additionally, we explore how cutting-edge adjunct technologies can enhance the efficacy and sustainability of BCAs. These include nano-formulations, for targeted antimicrobial actions and plant defense potentiation; plant extracts and antimicrobial peptides as natural defense elicitors; and artificial intelligence (AI) tools, for presymptomatic detection, severity quantification, epidemic forecasting, and early warning systems that enable precise application of BCAs and nano-formulations. While BCAs, nanoformulations, plant extracts and AI-driven tools offer powerful, environmentally benign alternatives capable of significantly reducing reliance on synthetic chemicals, chemical fungicides remain an essential component of current wheat rusts management, particularly during severe epidemics or when rapid knockdown of inoculum is required. A truly integrated and sustainable strategy therefore combines these novel approaches with the judicious, resistance-management-oriented use of effective chemical fungicides applied according to economic thresholds and in rotation or mixture to delay resistance development, thereby maximizing durability and minimizing environmental impact. However, the successful translation of this strategy to the field hinges on overcoming key challenges in formulation stability, scalable production, and seamless integration into existing and chemical-based agricultural practices to mitigate the impact of wheat rusts and safeguard global wheat yields and food security.||Desconocido||||ScienceDirect|||||||5|0.0|0.0
