"Key","Item Type","Publication Year","Author","Title","Publication Title","ISBN","ISSN","DOI","Url","Abstract Note","Date","Date Added","Date Modified","Access Date","Pages","Num Pages","Issue","Volume","Number Of Volumes","Journal Abbreviation","Short Title","Series","Series Number","Series Text","Series Title","Publisher","Place","Language","Rights","Type","Archive","Archive Location","Library Catalog","Call Number","Extra","Notes","File Attachments","Link Attachments","Manual Tags","Automatic Tags","Editor","Series Editor","Translator","Contributor","Attorney Agent","Book Author","Cast Member","Commenter","Composer","Cosponsor","Counsel","Interviewer","Producer","Recipient","Reviewed Author","Scriptwriter","Words By","Guest","Number","Edition","Running Time","Scale","Medium","Artwork Size","Filing Date","Application Number","Assignee","Issuing Authority","Country","Meeting Name","Conference Name","Court","References","Reporter","Legal Status","Priority Numbers","Programming Language","Version","System","Code","Code Number","Section","Session","Committee","History","Legislative Body"
"ER8Q9HJG","bookSection","2020","Balakrishna, K.","Fusion approach-based horticulture plant diseases identification using image processing","Applications of Advanced Machine Intelligence in Computer Vision and Object Recognition: Emerging Research and Opportunities","978-1-7998-2738-2","2327-042X","10.4018/978-1-7998-2736-8.ch005","http://dx.doi.org/10.4018/978-1-7998-2736-8.ch005","Plant disease is the major threat to the productivity of the plants. Identification of the plant diseases is the key to prevent the losses in the productivity and quality of the yield. It is a very challenging task to identify diseases detection on the plant for sustainable agriculture, where it requires a tremendous amount of work, expertise in the plant disease, and also requires excessive processing time. Hence, image processing is used here for detection of diseases in multi-horticulture plants such as alternaria alternata, anthracnose, bacterial blight, and cercospora leaf spot and also addition with the healthy leaves. In the first stage, the leaf is classified as healthy or unhealthy using the KNN approach. In the second stage, they classify the unhealthy leaf using PNN, SVM, and the KNN approach. The features are like GLCM, Gabor, and color are used for classification purposes. Experimentation is conducted on the authors own dataset of 820 healthy and unhealthy leaves. The experimentation reveals that the fusion approach with PNN and SVM classifier outperforms KNN methods.","2020","2026-01-24 00:34:03","2026-01-24 00:34:03","","119-132","","","","","","","","","","","IGI Global","","","","","","","","","","","/home/aalejoz25/Zotero/storage/5HSKXYTK/Balakrishna - 2020 - Fusion approach-based horticulture plant diseases identification using image processing.pdf","","","","","","","","","","","","","","","","","","","","","","","","","","","","","","","","","","","","","","","","","","","","","","","","",""
"3QW342JP","journalArticle","2023","Hosny, Khalid M.; El-Hady, Walaa M.; Samy, Farid M.; Vrochidou, Eleni; Papakostas, George A.","Multi-Class Classification of Plant Leaf Diseases Using Feature Fusion of Deep Convolutional Neural Network and Local Binary Pattern","IEEE Access","","2169-3536","10.1109/ACCESS.2023.3286730","https://ieeexplore.ieee.org/document/10153610/","","2023","2026-01-24 00:34:03","2026-01-24 00:34:03","","62307-62317","","","11","","","","","","","","","","","","","","","","","","","/home/aalejoz25/Zotero/storage/QRF4KSPP/Hosny et al. - 2023 - Multi-Class Classification of Plant Leaf Diseases Using Feature Fusion of Deep Convolutional Neural.pdf","","","","","","","","","","","","","","","","","","","","","","","","","","","","","","","","","","","","","","","","","","","","","","","","",""
"68ZB2UMT","conferencePaper","2025","Prajwal, G. S.; Deepak, Aishwarya; Kumar, K. R. Sharath; Varshini, J.; Kumar, V. Ravi; Gagana, S.; Kumar, L. Vijay; Manjunath, Girigowda","Stage-Wise Late Blight Disease Detection in Tomato Plants Using Deep Learning Models along with Treatment Recommendation","2025 Annual International Conference on Data Science, Machine Learning and Blockchain Technology (AICDMB)","979-8-3315-4216-0","","10.1109/AICDMB64359.2025.11277487","https://ieeexplore.ieee.org/document/11277487/","","2025-06","2026-01-24 00:34:03","2026-01-24 00:34:03","","1-10","","","","","","","","","","","IEEE","","","","","","","","","","","/home/aalejoz25/Zotero/storage/SDQC5ZAQ/Prajwal et al. - 2025 - Stage-Wise Late Blight Disease Detection in Tomato Plants Using Deep Learning Models along with Trea.pdf","","","","","","","","","","","","","","","","","","","","","","","","","","","","","","","","","","","","","","","","","","","","","","","","",""
"9YFUYTYU","journalArticle","2025","Liu, Qin; Zhou, Zhibin; Xiong, Lu; Lu, Meilian; Ouyang, Jingwen","YOLO-RDM: Innovative Detection Methods for Eggplants and Stems in Complex Natural Environment","IEEE Access","","2169-3536","10.1109/ACCESS.2025.3545670","https://ieeexplore.ieee.org/document/10902400/","","2025","2026-01-24 00:34:03","2026-01-24 00:34:03","","37656-37672","","","13","","","","","","","","","","","","","","","","","","","/home/aalejoz25/Zotero/storage/XSQTJ7UL/Liu et al. - 2025 - YOLO-RDM Innovative Detection Methods for Eggplants and Stems in Complex Natural Environment.pdf","","","","","","","","","","","","","","","","","","","","","","","","","","","","","","","","","","","","","","","","","","","","","","","","",""
"6XUHIWL8","conferencePaper","2021","Mathew, Deepthy; Kumar, C. Sathish; Cherian, K. Anita","Application of discrete orthonormal Stockwell transform and local neighborhood patterns for leaf disease classification in banana","2021 International Conference on Communication, Control and Information Sciences (ICCISc)","978-1-6654-0295-8","","10.1109/ICCISc52257.2021.9484860","https://ieeexplore.ieee.org/document/9484860/","","2021-06","2026-01-24 00:34:03","2026-01-24 00:34:03","","1-5","","","","","","","","","","","IEEE","","","","","","","","","","","/home/aalejoz25/Zotero/storage/Z7XPUREX/Mathew et al. - 2021 - Application of discrete orthonormal Stockwell transform and local neighborhood patterns for leaf dis.pdf","","","","","","","","","","","","","","","","","","","","","","","","","","","","","","","","","","","","","","","","","","","","","","","","",""
"X8JZ8ID5","conferencePaper","2022","D, Ram Nivas; R, Abimanyu; G, Deepak; S, Guru Prasanth","Plant Health Monitoring System and Smart Gardening using IoT","2022 IEEE International Conference on Data Science and Information System (ICDSIS)","978-1-6654-9801-2","","10.1109/ICDSIS55133.2022.9915830","https://ieeexplore.ieee.org/document/9915830/","","2022-07","2026-01-24 00:34:03","2026-01-24 00:34:03","","1-5","","","","","","","","","","","IEEE","","","","","","","","","","","/home/aalejoz25/Zotero/storage/6BINXWW6/D et al. - 2022 - Plant Health Monitoring System and Smart Gardening using IoT.pdf","","","","","","","","","","","","","","","","","","","","","","","","","","","","","","","","","","","","","","","","","","","","","","","","",""
"2U94FC4Z","conferencePaper","2022","Amarnath, J. Jegan; V, Vishnupriya; D, Smriti Mary","Hybrid Model of K-Means Clustering and SVM to Detect Ailments in Vegetables","2022 1st International Conference on Computational Science and Technology (ICCST)","978-1-6654-7655-3","","10.1109/ICCST55948.2022.10040394","https://ieeexplore.ieee.org/document/10040394/","","2022-11","2026-01-24 00:34:03","2026-01-24 00:34:03","","716-720","","","","","","","","","","","IEEE","","","","","","","","","","","/home/aalejoz25/Zotero/storage/KEVFB7IT/Amarnath et al. - 2022 - Hybrid Model of K-Means Clustering and SVM to Detect Ailments in Vegetables.pdf","","","","","","","","","","","","","","","","","","","","","","","","","","","","","","","","","","","","","","","","","","","","","","","","",""
"2BE4JHH7","conferencePaper","2023","Naveenkumar, M.; Akila, M.","An Organized Examination of Image Processing for Detection and Diagnosis of Plant Diseases","2023 7th International Conference on Intelligent Computing and Control Systems (ICICCS)","979-8-3503-9725-3","","10.1109/ICICCS56967.2023.10142319","https://ieeexplore.ieee.org/document/10142319/","","2023-05","2026-01-24 00:34:03","2026-01-24 00:34:03","","1288-1299","","","","","","","","","","","IEEE","","","","","","","","","","","/home/aalejoz25/Zotero/storage/8C88HMRI/Naveenkumar and Akila - 2023 - An Organized Examination of Image Processing for Detection and Diagnosis of Plant Diseases.pdf","","","","","","","","","","","","","","","","","","","","","","","","","","","","","","","","","","","","","","","","","","","","","","","","",""
"FUJ5NAKU","conferencePaper","2025","Padma, A.; Suresh, P.; Narsimlu, G.; Amarnath, M.; Sreedhar, B. R.","Artificial Intelligence-Powered Internet of Things for Farming and Plant Research","2025 International Conference on Electronics and Renewable Systems (ICEARS)","979-8-3315-0967-5","","10.1109/ICEARS64219.2025.10940749","https://ieeexplore.ieee.org/document/10940749/","","2025-02","2026-01-24 00:34:03","2026-01-24 00:34:03","","592-595","","","","","","","","","","","IEEE","","","","","","","","","","","/home/aalejoz25/Zotero/storage/2GAGEGFT/Padma et al. - 2025 - Artificial Intelligence-Powered Internet of Things for Farming and Plant Research.pdf","","","","","","","","","","","","","","","","","","","","","","","","","","","","","","","","","","","","","","","","","","","","","","","","",""
"IBFHCZBD","conferencePaper","2025","S, Gladson Oliver; Perugu, Prathusha; S, Jeevitha; Mahajan, Rashima; A, Jasmine Gnana Malar; Sheeja, Raghavan; AhilanAppathurai; Aarti","Deep Learning-based Mango Leaf Disease Detection using Yolov8","2025 3rd International Conference on Advancement in Computation &amp; Computer Technologies (InCACCT)","979-8-3315-4389-1","","10.1109/InCACCT65424.2025.11011320","https://ieeexplore.ieee.org/document/11011320/","","2025-04","2026-01-24 00:34:03","2026-01-24 00:34:03","","881-885","","","","","","","","","","","IEEE","","","","","","","","","","","/home/aalejoz25/Zotero/storage/FJ6MTG4S/S et al. - 2025 - Deep Learning-based Mango Leaf Disease Detection using Yolov8.pdf","","","","","","","","","","","","","","","","","","","","","","","","","","","","","","","","","","","","","","","","","","","","","","","","",""
"JRN69NZS","conferencePaper","2025","Vishnoi, Meenakshi; Vashisht, Vasudha; Dubey, Ashwani Kumar; Dubey, Anil Kumar","A Hybrid Deep Learning-Machine Learning Pipeline for Precision Monitoring of Citrus Diseases","2025 12th International Conference on Reliability, Infocom Technologies and Optimization (Trends and Future Directions) (ICRITO)","979-8-3315-5421-7","","10.1109/ICRITO66076.2025.11241636","https://ieeexplore.ieee.org/document/11241636/","","2025-09","2026-01-24 00:34:03","2026-01-24 00:34:03","","1-6","","","","","","","","","","","IEEE","","","","","","","","","","","/home/aalejoz25/Zotero/storage/KV2X28F5/Vishnoi et al. - 2025 - A Hybrid Deep Learning-Machine Learning Pipeline for Precision Monitoring of Citrus Diseases.pdf","","","","","","","","","","","","","","","","","","","","","","","","","","","","","","","","","","","","","","","","","","","","","","","","",""
"8CCE6993","journalArticle","2024","Li, Zhiguang; Li, Baitao; Jahng, Surng Gahb; Jung, Changyong","Improved VGG Algorithm for Visual Prosthesis Image Recognition","IEEE Access","","2169-3536","10.1109/ACCESS.2024.3380839","https://ieeexplore.ieee.org/document/10478014/","","2024","2026-01-24 00:34:03","2026-01-24 00:34:03","","45727-45739","","","12","","","","","","","","","","","","","","","","","","","/home/aalejoz25/Zotero/storage/MR7XMY2C/Li et al. - 2024 - Improved VGG Algorithm for Visual Prosthesis Image Recognition.pdf","","","","","","","","","","","","","","","","","","","","","","","","","","","","","","","","","","","","","","","","","","","","","","","","",""
"T8XALIFQ","conferencePaper","2025","Sharmila, A.; Tamilselvan, K. S.; Monisha, R.; Priya, E. L. Dhivya; Gomathi, N.; Vinothini, V. R.","A Novel Attention Mechanism for Disease Detection in Potatoes","Proceedings of the 6th International Conference on Inventive Research in Computing Applications, ICIRCA 2025","979-8-3315-2142-4","","10.1109/ICIRCA65293.2025.11089838","http://dx.doi.org/10.1109/ICIRCA65293.2025.11089838","The potato plant is amongst the most significant vegetable crops farmed worldwide. It is rich in vitamin B12, considered to be the best ever compensation of vitamin B12 for vegetarians as it is abundantly present in non-veg foods. Potato is the most preferred vegetable to consume from kids to adults. The potato crop is prone to numerous infections like bacterial, fungal, and viral infections in its growing stages. The production is immensely affected by the diseases that occur in its sprout development stage. Diseases that occur in crops hinder the economy of agriculture as they lead to huge demands. The predominant devastating diseases influencing the growth and production of potatoes are late and early blight diseases. Detecting the diseases, especially the diseases that occurred in its initial stages, assists in preventing the loss in production and to improve the yield. A decrease in production results in increasing cost and demand. The proposed work incorporating the modified AttDenseNet architecture with the layers of Convolutional neural network layers proceeded by self-attention and co-attention mechanisms assist in predicting the disease in its earlier stages, proffers accuracy of 98.7 percent in detecting the diseases in potatoes in a maximum number of epochs.","2025-06","2026-01-24 00:34:03","2026-01-24 00:34:03","","1019-1025","","","","","","","","","","","IEEE","","","","","","","","","","","/home/aalejoz25/Zotero/storage/37L65HYL/Sharmila et al. - 2025 - A Novel Attention Mechanism for Disease Detection in Potatoes.pdf","","accuracy; CNN; co-attention; Disease detection; late and early blight; potatoes; Self-attention","","","","","","","","","","","","","","","","","","","","","","","","","","","","","","","","","","","","","","","","","","","","","","",""
"TXA8YJQM","conferencePaper","2022","Verma, Vikas; Ramakant; Mathur, Hemant; Agarwal, Neha","IOT Assisted Smart Farming using Data Science Techniques","Proceedings - 2022 IEEE World Conference on Applied Intelligence and Computing, AIC 2022","978-1-5090-5001-7","","10.1109/AIC55036.2022.9848867","http://dx.doi.org/10.1109/AIC55036.2022.9848867","The rising global population demands a high yield of crop production. At present, farmers grow crops for all the people, but in case of contracting horticultural grounds and exhaustion of limited regular assets due to many reasons, and a massive increase in population, the need to improve ranch yield has turned out to be essential. Nowadays, there are various startups, technology innovators, and steps taken by the government that work to enhance total crop production. All those innovations taken for the farming framework are called smart Farming (SF). Smart Farming includes consolidating data and correspondence advances into apparatus, hardware, and sensors in the rural creation framework. The advancement of technologies must be reduced to convey meaningful information. The economy of nations like India is highly dependent on agricultural production. So disease detection in plants using an efficient algorithm is supposed to be a vital job in the farming field. This research paper is presented in three-fold:(1) Efficient way to detect disease and find cavity area; It presents Image Segmentation Algorithm (2) Using data analysis in different ways which will work for crops in a better way. The paper also presents two analysis methodologies, one is based on using an optical transducer for detecting the presence of Nitrogen (N), Phosphorous (P), and Potash (K) in soil, and the other analysis is based on the moisture content of the soil using sensors. (3)using machine learning algorithms to predict the number of fertilizers based on the collected features of soil samples, which will help farmers in amount prediction.","2022-06","2026-01-24 00:34:03","2026-01-24 00:34:03","","503-507","","","","","","","","","","","IEEE","","","","","","","","","","","/home/aalejoz25/Zotero/storage/3Z2Q4HSM/Verma et al. - 2022 - IOT Assisted Smart Farming using Data Science Techniques.pdf","","Internet of Things (IoT); Segmen-tation; Software Big data; Soil Moisture Sensor","","","","","","","","","","","","","","","","","","","","","","","","","","","","","","","","","","","","","","","","","","","","","","",""
"TM592U9F","conferencePaper","2023","Kaur, Jatinder; Sharma, Ashwani K.; Kaushal, Manudeep; Badhoutiya, Arti; Reddy, Nirmala; Alkhayyat, Ahmed","An Overall Disease Analysis of Mango Using Neural Network with Hybrid Feature model","Proceedings - 2023 IEEE World Conference on Applied Intelligence and Computing, AIC 2023","979-8-3503-1006-1","","10.1109/AIC57670.2023.10263945","http://dx.doi.org/10.1109/AIC57670.2023.10263945","Mango is a highly valued fruit crop, with arable land covering about 36% of the total fruit area. With roughly 23% of the total area under mango, Uttar Pradesh and Andhra Pradesh lead the way, followed by Tamil Nadu, Karnataka, Gujarat, and Bihar. Global food security is affected a lot due to crop plant diseases. These diseases directly affect the quality of food, fruits, etc., resulting in a fall in agricultural productivity. Farmers must assess the leaf, fruit, or tree through visual interpretation to determine whether any fruit crop part is contaminated or blooming properly. But this traditional technique has its limitations; it is inconsistent, unreliable, and prone to mistakes. Researchers have proposed a variety of techniques for resolving the above-stated issues. Most of them preferred the modelling of convolutional neural network models according to problem areas by giving low-resolution images as input, resulting in low disease detection accuracy. In this work, we use an artificial neural network (ANN) technique with the objective of early detection of disease in any part of the fruit crop with tiny disease blobs that can only be seen with better resolution images. All the contaminated blobs are segmented for the entire dataset after a pre-processing phase using a contrast enhancement approach.","2023-07","2026-01-24 00:34:03","2026-01-24 00:34:03","","119-124","","","","","","","","","","","IEEE","","","","","","","","","","","/home/aalejoz25/Zotero/storage/Z4CNGUN6/Kaur et al. - 2023 - An Overall Disease Analysis of Mango Using Neural Network with Hybrid Feature model.pdf","","convolutional neural network; enhancement; feature selection; image classification; resolution","","","","","","","","","","","","","","","","","","","","","","","","","","","","","","","","","","","","","","","","","","","","","","",""
"3QALLD9N","conferencePaper","2018","Hidayatuloh, Akbar; Nursalman, M.; Nugraha, Eki","Identification of Tomato Plant Diseases by Leaf Image Using Squeezenet Model","2018 International Conference on Information Technology Systems and Innovation, ICITSI 2018 - Proceedings","978-1-5386-5693-8","","10.1109/ICITSI.2018.8696087","http://dx.doi.org/10.1109/ICITSI.2018.8696087","One of the problems in the field of agriculture is regarding plant diseases. Plant diseases can cause a decrease in agricultural production. Therefore, early detection and diagnosis of plant diseases is very important. Plant diseases often appear on the leaves, and the characteristics of the affected leaves can be varied and difficult to distinguish. This makes it difficult to identify the disease automatically. Increased smartphone usage and advances in the field of computer vision through deep learning have made it possible to connect smartphones as a tool in diagnosing diseases. Plants used as case studies in this study were tomato plants. The method used is Convolutional Neural Network (CNN). This CNN method has many types based on the architecture it builds, one of which is squeezenet architecture. Squeezenet architecture can produce a model with a relatively small size, so that the model can be implemented on smartphone devices, server computing, and microcontroller devices. This research will focus on building a model based on squeezenet architecture to classify seven types of tomato plant diseases on the leaves including healthy leaves. The model is built using the help of Keras deep learning frameworks. The data used in this study is the image of tomato plant leaves obtained from the Vegetable Crops Research Institute (Balitsa) in Lembang, West Java. With 200 classes for each class. This study has successfully detected tomato plant disease through its leaf image automatically with an average accuracy of identification of 86.92%.","2018-10","2026-01-24 00:34:03","2026-01-24 00:34:03","","199-204","","","","","","","","","","","IEEE","","","","","","","","","","","/home/aalejoz25/Zotero/storage/A9YVEC55/Hidayatuloh et al. - 2018 - Identification of Tomato Plant Diseases by Leaf Image Using Squeezenet Model.pdf","","Balitsa; Computer vision; Convolutional neural network; Deep learning; Keras; Squeezenet architecture; Tomato plant diseases","","","","","","","","","","","","","","","","","","","","","","","","","","","","","","","","","","","","","","","","","","","","","","",""
"T7FFXTYZ","journalArticle","2026","Sajitha, P.; Andrushia, A. Diana; Anand, N.; Lubloy, Eva","Channel-attentive YOLOv5 and capsule auto-encoder for pomegranate disease detection","Egyptian Informatics Journal","","20904754","10.1016/j.eij.2025.100877","http://dx.doi.org/10.1016/j.eij.2025.100877","Fruits are the most vital items of global diets because of their rich nutritional value, thereby providing very high demand and agricultural revenues to the economy. Among the fruit crops, pomegranate is a valuable one due to its highest antioxidant potential. However, most crops of pomegranate suffer from diseases, which greatly reduce agricultural yield and productivity. Thus, along with the increasing demand of the fruit, early detection as well as classification of diseases will prove very crucial in boosting the yield and taking appropriate measures for prevention. We propose a segmentation-based model using deep learning in this paper to conduct disease identification in pomegranates The process begins with pre-processing images that is primarily an activity of cropping and resizing of the images, followed by enhanced Wiener filtering, which eliminates noise and enhances the clarity of the images The preprocessed images are then further segmented using a CA_YV5GC algorithm, (Channel Attentive YOLOv5-based Grab Cut), which isolates diseased regions from the images. Then the optimized ResNet-152 network is applied to acquire the fundamental features embedding the texture along with the shape characteristics which could identify ailments related symptoms. Coati Optimization is applied to choose the most dominant features in the lower dimensional representation of the extracted information for the classification of the disease. Ultimately, classification is performed using a Deep Capsule Canonical Auto-encoder (DC_CAENet) to classify the disease type with higher accuracy. Adaptive Osprey Optimization is used to optimize the parameters of the model. The existing methods are compared with that results proved this technique to be more accurate and efficient as compared to traditional techniques.","2026-03","2026-01-24 00:34:03","2026-01-24 00:34:03","","100877","","","33","","","","","","","","Elsevier BV","","","","","","","","","","","/home/aalejoz25/Zotero/storage/F7V8HDRZ/Sajitha et al. - 2026 - Channel-attentive YOLOv5 and capsule auto-encoder for pomegranate disease detection.pdf","","Auto-encoder; Canonical; Channel attentive YOLOv5; Fruit disease segmentation; Grab cut; Residual-152; Wiener filtering","","","","","","","","","","","","","","","","","","","","","","","","","","","","","","","","","","","","","","","","","","","","","","",""
"MUY2UIBJ","journalArticle","2025","Rajamanickam, Vijayanandh; Ramsubhag, Adesh; Jayaraman, Jayaraj","Sweet pepper foliar diseases quantification and identification using an image analysis tool","Journal of Plant Protection Research","","1899007X","10.24425/jppr.2025.153821","http://dx.doi.org/10.24425/jppr.2025.153821","Quantification and assessment of disease symptoms are important elements of plant disease management systems and are required to assist with making decisions on the choice of protective agents to be applied to crops or for screening plant genotypes for the development of resistant varieties. Traditional methods of identifying and quantifying disease severity are cumbersome, involving visual assessment tools or scales, and rating of plants at a point in time. Visual assessment is prone to human bias and error, thereby reducing the efficiency and accuracy of this method. In this study, we developed a smartphone camera-based image recording, processing, and assessment tool for measurement of symptoms of early and late blight, and bacterial leaf spot diseases in sweet pepper caused by Alternaria solani, Phytophthora infestans, and Xanthomonas campestris pv. vesicatoria, respectively. Sweet pepper or bell pepper is a major vegetable crop grown in the Caribbean region, but production is severely affected by plant diseases, most important of which include foliar infections by fungi and bacteria that cause major losses in fruit yield. This research utilized smartphone captured images of leaf specimens for severity measurement and classification of diseases. The steps involved were color space conversions, detection of leaf area by Otsu's method, and thresholding for foliar diseased area detection and quantification. Gray-Level Co-occurrence Matrix (GLCM) extracted the texture features from the diseased area of leaves. These features are trained and classified by various machine learning classifiers including trees, rule-based and Bayes models. Application of decision trees and rule-based classifier models achieved 98% accuracy individually, while Bayes model achieved 86% accuracy. The image input into the above classifier models resulted in fast and accurate identification of the diseases by matching the features of trained images of disease symptoms. This method could work well for leaves collected from field-grown plants as well as from inoculated greenhouse plants.","2025-03","2026-01-24 00:34:03","2026-01-24 00:34:03","","89-102","","1","65","","","","","","","","Polish Academy of Sciences Chancellery","","","","","","","","","","","/home/aalejoz25/Zotero/storage/RH83AILF/Rajamanickam et al. - 2025 - Sweet pepper foliar diseases quantification and identification using an image analysis tool.pdf","","foliar disease; GLCM; machine learning; Otsu; thresholding","","","","","","","","","","","","","","","","","","","","","","","","","","","","","","","","","","","","","","","","","","","","","","",""
"QXTJPINA","journalArticle","2024","Giakoumoglou, Nikolaos; Kalogeropoulou, Eleni; Klaridopoulos, Christos; Pechlivani, Eleftheria Maria; Christakakis, Panagiotis; Markellou, Emilia; Frangakis, Nikolaos; Tzovaras, Dimitrios","Early detection of Botrytis cinerea symptoms using deep learning multi-spectral image segmentation","Smart Agricultural Technology","","27723755","10.1016/j.atech.2024.100481","http://dx.doi.org/10.3390/app122412557","Botrytis cinerea is an airborne plant pathogen that causes grey mould disease on horticultural crops, such as tomato, cucumber, pepper, and more. Early detection is crucial for timely and effective strategies for crop loss prevention. In this study, in planta assays were set up enabling a thorough assessment of grey mould progress on cucumber plants both artificially inoculated with two different inoculation methods, and naturally infected throughout the whole growing season of the host under controlled conditions simulating the environment typically prevailing in greenhouses. Multi-spectral imaging was used to capture a novel dataset across various spectral bands containing multiple stages of infection. Deep learning (DL) segmentation architectures, combined with Convolutional Neural Networks (CNNs) and Vision Transformers (ViTs) encoders, were employed to identify B. cinerea at various infection stages. The U-Net++ model with a MobileViT-S encoder performed best, achieving a Dice Coefficient (DC) of 0.677, an Intersection over Union (IoU) of 0.656, and a recall rate of 0.807, with a high overall accuracy of 90.1 %. In regards to early detection, the model achieves an IoU of 0.375 on 2nd day post inoculation (dpi), 0.230 on 1st dpi and 0.437 on the 6th dpi. The infection stages were compared to similar visible symptoms of physiological decline or plant responses to abiotic stress. The outcomes of this study demonstrate an important advance in the Artificial Intelligence (AI) plant health detection, for early crop disease diagnosis.","2024","2026-01-24 00:34:03","2026-01-24 00:34:03","","12557","","24","8","","","","","","","","MDPI AG","","","","","","","","","","","/home/aalejoz25/Zotero/storage/2S8SZXIX/Giakoumoglou et al. - 2024 - Early detection of Botrytis cinerea symptoms using deep learning multi-spectral image segmentation.pdf","","Deep learning; Botrytis cinerea; Early detection; Grey mould; Image segmentation; Multispectral imaging","","","","","","","","","","","","","","","","","","","","","","","","","","","","","","","","","","","","","","","","","","","","","","",""
"7EXE96EM","conferencePaper","2025","Wijendra, Dinuka; Jayasinghearachchi, Vishan; Dilshan, O. A. P.; Herath, H. M. K. C. B.; Yapa, Y. M. T. N. S.; Rathnasiri, K. D. M. M.","OrchiZen: Hybrid Integrated Smart Farming System for Orchid Plantations","2025 IEEE International Conference on Automatic Control and Intelligent Systems, I2CACIS 2025 - Proceedings","979-8-3315-4294-8","","10.1109/I2CACIS65476.2025.11101702","http://dx.doi.org/10.1109/I2CACIS65476.2025.11101702","OrchiZen is a hybrid integrated smart farming system designed for orchid cultivation, leveraging Machine Learning (ML) and Internet of Things (IoT) technologies to address key horticultural challenges, including irrigation, disease treatment, choice of species, lighting, and nutrients. The OrchiZen has smart irrigation advisory, species recommendation, Ultraviolet (UV) based disease treatment, light optimization, and fertilizer advisory. The priorities are given to specific species such as Dendrobium, Vanda, and Phalaenopsis. The realities of telemonitoring, data processing, and forecasting increase organizational productivity and contribute to better environmental management. The outcomes illustrate that existing modern technologies can enhance the output and ecology of the orchid production to a significant extent, redefining the conventional technologies.","2025-06","2026-01-24 00:34:03","2026-01-24 00:34:03","","164-169","","","","","","","","","","","IEEE","","","","","","","","","","","/home/aalejoz25/Zotero/storage/DFPNDWQ6/Wijendra et al. - 2025 - OrchiZen Hybrid Integrated Smart Farming System for Orchid Plantations.pdf","","fertilizer advisory; mist irrigation; orchid; sustainable agriculture; UV-C treatment","","","","","","","","","","","","","","","","","","","","","","","","","","","","","","","","","","","","","","","","","","","","","","",""
"5TIC8CZT","conferencePaper","2023","Wakhare, Prashant; Neduncheliyan, S.; Mane, Pradeep B.","Machine Learning for Accurate and Efficient Pomegranate Fruit Disease Detection: A Novel Approach to Improve Crop Yield and Quality","2023 7th International Conference On Computing, Communication, Control And Automation, ICCUBEA 2023","979-8-3503-0426-8","","10.1109/ICCUBEA58933.2023.10391966","http://dx.doi.org/10.1109/ICCUBEA58933.2023.10391966","This paper presents a web-based tool for identifying diseases in fruit crops to address the negative impact of climate change on agriculture. With the increase in population, there is a growing demand for more food production, which puts pressure on farmers to increase crop yields. However, climate change is causing uneven weather conditions, leading to decreased crop yields. This paper proposes a solution that allows farmers to upload an image of a fruit to a system that has a trained dataset of fruit images. The system uses several image processing steps, including feature extraction based on parameters such as color, morphology, and CCV, followed by clustering using CNN Algorithm and classification using SVM to determine if the fruit is infected or not. An intent search technique is used to find the user intention from the features extracted. The experimental evaluation of the approach shows that it is effective, with a 98.38% accuracy rate in identifying diseases in fruit crops. The proposed tool can be used to identify the diseases that affect fruit crops and provide farmers with timely and accurate information, enabling them to take preventive measures to protect their crops, improve crop yields, and contribute to the overall agricultural economy. The recommendations for the application of the developed machine learning model for pomegranate fruit disease detection include using high-quality data, regularly updating the model, integrating with other detection methods, providing an easy-to-use interface, and providing technical support to growers.","2023","2026-01-24 00:34:03","2026-01-24 00:34:03","","1-5","","","","","","","","","","","IEEE","","","","","","","","","","","/home/aalejoz25/Zotero/storage/59EE97DG/Wakhare et al. - 2023 - Machine Learning for Accurate and Efficient Pomegranate Fruit Disease Detection A Novel Approach to.pdf","","Agricultural Productivity; Crop Yield; Deep Learning; fruit Disease Detection; Machine Learning Algorithms; Pomegranate","","","","","","","","","","","","","","","","","","","","","","","","","","","","","","","","","","","","","","","","","","","","","","",""
"JLRSVYTP","document","2025","Mansoor, Sheikh; Karunathilake, Ekanayaka M. B. M.; Tuan, Thai Thanh; Chung, Yong Suk","Genomics, phenomics, and machine learning in transforming plant research: Advancements and challenges","","","","10.1016/j.hpj.2023.09.005","http://dx.doi.org/10.1109/ACCESS.2023.3286730","Advances in gene editing and natural genetic variability present significant opportunities to generate novel alleles and select natural sources of genetic variation for horticulture crop improvement. The genetic improvement of crops to enhance their resilience to abiotic stresses and new pests due to climate change is essential for future food security. The field of genomics has made significant strides over the past few decades, enabling us to sequence and analyze entire genomes. However, understanding the complex relationship between genes and their expression in phenotypes - the observable characteristics of an organism - requires a deeper understanding of phenomics. Phenomics seeks to link genetic information with biological processes and environmental factors to better understand complex traits and diseases. Recent breakthroughs in this field include the development of advanced imaging technologies, artificial intelligence algorithms, and large-scale data analysis techniques. These tools have enabled us to explore the relationships between genotype, phenotype, and environment in unprecedented detail. This review explores the importance of understanding the complex relationship between genes and their expression in phenotypes. Integration of genomics with efficient high throughput plant phenotyping as well as the potential of machine learning approaches for genomic and phenomics trait discovery.","2025","2026-01-24 00:34:03","2026-01-24 00:34:03","","","","","","","","","","","","","Institute of Electrical and Electronics Engineers (IEEE)","","","","","","","","","ISSN: 24680141 Issue: 2 Pages: 486-503 Publication Title: Horticultural Plant Journal Volume: 11","","/home/aalejoz25/Zotero/storage/RNEIVHK8/Mansoor et al. - 2025 - Genomics, phenomics, and machine learning in transforming plant research Advancements and challenge.pdf","","Breeding; Crop improvement; Horticulture; Machine learning; Phenomics; Plant; Traits","","","","","","","","","","","","","","","","","","","","","","","","","","","","","","","","","","","","","","","","","","","","","","",""
"QGS7FFSR","conferencePaper","2024","Neelukumari, K. S.; Santhosh, P.; Rithika, R.","Identification of Paddy Leaf Disease using Machine Learning Methods","Proceedings - 2024 IEEE International Conference on Signal Processing, Informatics, Communication and Energy Systems: Harmonizing Signals, Data, and Energy: Bridging the Digital Future, SPICES 2024","979-8-3503-7613-5","","10.1109/SPICES62143.2024.10779961","http://dx.doi.org/10.1109/SPICES62143.2024.10779961","The skill of growing fruits and vegetables is known as horticulture, and it is the foundation of both business and well-being. Crop observation and disease detection have even taken precedence over conventional methods of modern farming, despite those techniques being rendered outdated by ignorance of plant illnesses, which can result in financial losses. Plant disease detection and treatment strategies are becoming more sophisticated as horticulture moves toward the Industrial Internet of things (IIoT) 5.0. This effort focuses on creating a model that can precisely diagnose rice leaf disease by examining the leaves of rice plants in order to accomplish this aim. Utilizing a logistic regression classification algorithm, the ResNet50 model based on R-CNN has been evaluated with a dataset of plant leaf image information. 97% accuracy is attained with the Resnet-50 model when compared with other models namely, DenseNet-161 and Inception Net V3 +RCNN.","2024-09","2026-01-24 00:34:03","2026-01-24 00:34:03","","1-6","","","","","","","","","","","IEEE","","","","","","","","","","","/home/aalejoz25/Zotero/storage/NNH6TT9P/Neelukumari et al. - 2024 - Identification of Paddy Leaf Disease using Machine Learning Methods.pdf","","Computer vision; Image processing; Plant leaf disease diagnosis deep learning; Rice leaf disease","","","","","","","","","","","","","","","","","","","","","","","","","","","","","","","","","","","","","","","","","","","","","","",""
"T5GVHCMD","conferencePaper","2023","Sahebgouda; Sumana, M.","Disease Detection In Pomegranate Plant Using Image Processing Techniques","Proceedings of CONECCT 2023 - 9th International Conference on Electronics, Computing and Communication Technologies","979-8-3503-3439-5","","10.1109/CONECCT57959.2023.10234771","http://dx.doi.org/10.1109/CONECCT57959.2023.10234771","The majority of the people in India is dependent on agriculture. Every crop the farmers cultivate has some sort of illness. The most successfully adopted subtropical fruit crop in India is the pomegranate. Pomegranates have the highest economic value of all the fruits. Pomegranate has very little immunity to infection during cultivation, especially in the early stages. As a result, it is particularly susceptible to the sickness. The detection of plant diseases is a beneficial use of image processing. Picture acquisition, picture pre-processing, Image segmentation, feature extraction, object recognition, and classification are all steps within the infection discovery handle.","2023-07","2026-01-24 00:34:03","2026-01-24 00:34:03","","1-6","","","","","","","","","","","IEEE","","","","","","","","","","","/home/aalejoz25/Zotero/storage/CXJZU2YN/Sahebgouda and Sumana - 2023 - Disease Detection In Pomegranate Plant Using Image Processing Techniques.pdf","","Image segmentation; Pomegranate; Image pre-processing; Picture acquisition; Picture processing","","","","","","","","","","","","","","","","","","","","","","","","","","","","","","","","","","","","","","","","","","","","","","",""
"6A6T7LU8","document","2025","Zhang, Jinmeng; Zhang, Qian; Tan, Yarong; Wang, Ming; Zhang, Xining; Li, Hao; Zhao, Ruifang; Yu, Jinying","Advances in hyperspectral imaging-based non-destructive assessment of tomato quality attributes","","","","10.1016/j.atech.2025.101534","http://dx.doi.org/10.1016/j.atech.2025.101534","Tomato (Solanum lycopersicum L.), the world's second most economically significant horticultural crop, faces persistent quality assessment limitations due to conventional destructive methods and subjective inspections. Consequently, rapid non-destructive techniques for evaluating key quality attributes are essential to enhance postharvest management and market competitiveness. Hyperspectral imaging (HSI) addresses this need by acquiring spatially resolved spectral data across the biochemically critical 400–2500 nm range, capturing signatures of key attributes like lycopene and soluble solids. This technology demonstrates considerable potential for non-destructive agricultural assessment, enabling: high-accuracy maturity grading via pigment dynamics; ultra-early detection of asymptomatic diseases (e.g., latent fungal infections); quantitative nutritional component prediction; and reliable internal defect identification. These capabilities collectively enhance postharvest quality control. This review systematically evaluates advanced data preprocessing methods, feature extraction techniques, and deep learning models for their contributions to enhanced detection accuracy and system robustness. Nevertheless, challenges persist regarding hardware miniaturization, environmental resilience, model generalizability across diverse cultivars and growth environments, and real-time in-field implementation. Future efforts should prioritize developing integrated field-portable HSI platforms, multi-sensor fusion strategies, environmentally adaptive algorithms, and efficient AI architectures to bridge the gap between laboratory research and scalable industrial applications. Such advancements will critically underpin next-generation precision agriculture systems for robust tomato quality assurance and significant loss reduction.","2025","2026-01-24 00:34:03","2026-01-24 00:34:03","","","","","","","","","","","","","Elsevier BV","","","","","","","","","ISSN: 27723755 Pages: 101534 Publication Title: Smart Agricultural Technology Volume: 12","","/home/aalejoz25/Zotero/storage/Z53U7CGW/Zhang et al. - 2025 - Advances in hyperspectral imaging-based non-destructive assessment of tomato quality attributes.pdf","","Disease detection; Hyperspectral imaging; Maturity detection; Non-destructive detection; Tomato quality","","","","","","","","","","","","","","","","","","","","","","","","","","","","","","","","","","","","","","","","","","","","","","",""
"GXXNVI5R","conferencePaper","2020","Kolvekar, Kowshik; Lotlikar, Sahil; Naik, Mohit; Faldesai, Ashwin; Muttu, Yeshudas; Colaco, Mathilda","Cayenne based Plant Monitoring Control System","2020 IEEE Bombay Section Signature Conference (IBSSC)","","","10.1109/ibssc51096.2020.9332186","http://dx.doi.org/10.1109/IBSSC51096.2020.9332186","","2020","2026-01-24 00:34:03","2026-01-24 00:34:03","","237-242","","","","","","","","","","","IEEE","","","","","","","","","","","/home/aalejoz25/Zotero/storage/WDMWW3M8/Kolvekar et al. - 2020 - Cayenne based Plant Monitoring Control System.pdf","","","","","","","","","","","","","","","","","","","","","","","","","","","","","","","","","","","","","","","","","","","","","","","","",""
"C4BK8UQ5","conferencePaper","2019","Chouhan, Siddharth Singh; Singh, Uday Pratap; Kaul, Ajay; Jain, Sanjeev","A Data Repository of Leaf Images: Practice towards Plant Conservation with Plant Pathology","2019 4th International Conference on Information Systems and Computer Networks, ISCON 2019","978-1-7281-3651-6","","10.1109/ISCON47742.2019.9036158","http://dx.doi.org/10.1109/ICRITO66076.2025.11241636","The relationship between the plants and the environment is multitudinous and complex. They help in nourishing the atmosphere with diverse elements. Plants are also a substantial element in regulating carbon emission and climate change. But in the past, we have destroyed them without hesitation. For the reason that not only we have lost a number of species located in them, but also a severe result has also been encountered in the form of climate change. However, if we choose to give them time and space, plants have an astonishing ability to recover and re-cloth the earth with varied plants and species that we have, so recently, stormed. Therefore, a contribution has been made in this article towards the study of plant growth and its management. Twelve economically and environmentally beneficial plants have been selected for this purpose. Leaf images of these plants in healthy and unhealthy conditions have been acquired and alienated among two separate classes. We have collected about 4503 images of which contain 2278 images of healthy leaf and 2225 images of the diseased leaf. Further, we hope that this study can be beneficial for researchers and academicians in developing methods for plant identification, plant classification, plant growth monitoring, leaf disease diagnosis, etc. Finally, the anticipated impression is towards a better understanding of the plants to be planted and their appropriate management.","2019-09","2026-01-24 00:34:03","2026-01-24 00:34:03","","700-707","","","","","","","","","","","IEEE","","","","","","","","","","","/home/aalejoz25/Zotero/storage/8HWFEMJG/Chouhan et al. - 2019 - A Data Repository of Leaf Images Practice towards Plant Conservation with Plant Pathology.pdf","","Horticulture; Computer Vision; Deforestation; Forestation; Image Processing; Plant Conservation; Plant Pathology","","","","","","","","","","","","","","","","","","","","","","","","","","","","","","","","","","","","","","","","","","","","","","",""
"VQ8E8L72","conferencePaper","2019","Krishnan, Hari; Priyadharshini, K.; Gowsic, M.; Mahesh, N.; Vijayananth, S.; Sudhakar, P.","Plant disease analysis using image processing in MATLAB","2019 IEEE International Conference on System, Computation, Automation and Networking, ICSCAN 2019","978-1-7281-1525-2","","10.1109/ICSCAN.2019.8878753","https://ieeexplore.ieee.org/document/8878753/","Recognizable proof of plant ailment is troublesome in horticulture field. In the event that recognizable proof is mistaken, at that point there is an enormous misfortune on the generation of yield and efficient estimation of market. Leaf infection recognition requires tremendous sum of work, information in the plant sicknesses, and furthermore require the additionally preparing time. So we can utilize picture handling for recognizable proof of leaf infection in MATLAB. Recognizable proof of ailment pursues the means like stacking the picture, differentiate upgrade, changing over RGB to HSI, extricating of highlights and SVM.","2019-03","2026-01-24 00:34:03","2026-01-24 00:34:03","","1-3","","","","","","","","","","","IEEE","","","","","","","","","","","/home/aalejoz25/Zotero/storage/A3ZEGD3A/Krishnan et al. - 2019 - Plant disease analysis using image processing in MATLAB.pdf","","HSI; SVM(support vector machine)","","","","","","","","","","","","","","","","","","","","","","","","","","","","","","","","","","","","","","","","","","","","","","",""
"SW78T9MY","conferencePaper","2021","David, Hepzibah Elizabeth; Ramalakshmi, K.; Gunasekaran, Hemalatha; Venkatesan, R.","Literature Review of Disease Detection in Tomato Leaf using Deep Learning Techniques","2021 7th International Conference on Advanced Computing and Communication Systems, ICACCS 2021","978-1-6654-0520-1","","10.1109/ICACCS51430.2021.9441714","http://dx.doi.org/10.1109/ICACCS51430.2021.9441714","Tomatoes are the most common vegetable crop widely cultivated in the agricultural fields in India. The tropical climate is ideal for its growth, however certain climatic conditions and various other factors affect the normal growth of tomato plants. Apart from these climatic conditions and natural disasters, plant disease is a major crisis in crop production and results in economic loss. The traditional disease detection methods for tomato crops could not produce the expected outcome and the detection period for diseases was slow. The early detection of diseases can give better results than the existing detection models. Thus, computer vision-based technology deep learning techniques could be implemented for earlier disease detection. This paper introduces a comprehensive analysis of the disease classification and detection techniques implied for tomato leaf disease identification. This paper also reviews the merits and drawbacks of the methodologies proposed. This paper finally proposes the early disease detection technique to identify tomato leaf disease using hybrid deep-learning architecture.","2021-03","2026-01-24 00:34:03","2026-01-24 00:34:03","","274-278","","","","","","","","","","","IEEE","","","","","","","","","","","/home/aalejoz25/Zotero/storage/9V9JARSP/David et al. - 2021 - Literature Review of Disease Detection in Tomato Leaf using Deep Learning Techniques.pdf","","CNN; Deep Learning; Hybrid CNN-RNN; Leaf Disease Detection; Machine Learning; Tomato Leaf Disease","","","","","","","","","","","","","","","","","","","","","","","","","","","","","","","","","","","","","","","","","","","","","","",""
"XVCTGUEH","conferencePaper","2021","Nath, Debolina; Dutta, Pushan Kumar; Bhattacharya, Anup Kumar","Detection of plant diseases and nutritional deficiencies from unhealthy plant leaves using Machine Learning techniques","IET Conference Proceedings","978-1-83953-658-8","27324494","10.1049/icp.2022.0368","http://dx.doi.org/10.1049/icp.2022.0368","In countries like India, which are majorly dependent on an agricultural economy, detection of crop-disease and classification has immense significance. To support agriculture, automatic disease detection and classification of plant/crop disease has become an important aspect today. Manual disease detection requires enormous amount of labour and involves too much processing-time. Therefore, image-processing plays important role for the detection of crop/plant disease from images of diseased leaves. The proposed method is based on the automatic segmentation and classification of different diseased regions of leaf from the plant/crop images, which works in three steps: In the first step, pre-processing is applied to the captured leaf image that is subjected to median filters and contrast stretching in order to remove the digitization noise and enhance the contrast of the image, respectively. In the second step, K-means clustering algorithm is employed on L*a*b* colour model of leaf image that segments pixels into uniform sets. These segments then are converted into HSV colour model and the segment that has maximum hue value among other segments are extracted as a disease segment. Finally, to the extracted diseased segment we will apply machine learning, i.e., Multi SVM classifier to classify crop image into various categorises of diseases. The same methodology is used to predict the Chlorophyll-Nitrogen content of the leaf and use the SVM classifier to show whether there is an 'efficiency' or 'deficiency' of nutrients in the crop.","2021-03","2026-01-24 00:34:03","2026-01-24 00:34:03","","351-356","","11","2021","","","","","","","","Institution of Engineering and Technology (IET)","","","","","","","","","","","/home/aalejoz25/Zotero/storage/UF4FJ4WB/Nath et al. - 2021 - Detection of plant diseases and nutritional deficiencies from unhealthy plant leaves using Machine L.pdf","","Machine learning; Image Processing; K-means; SVM","","","","","","","","","","","","","","","","","","","","","","","","","","","","","","","","","","","","","","","","","","","","","","",""
"NF8X9F6M","conferencePaper","2024","Khannum, Ayesha; Dhanesha, R.; Kantharaj, Y.","Classification of Downy Mildew Disease in Watermelon Plant Leaf using VGG-16 Convolutional Neural Network","4th IEEE International Conference on Mobile Networks and Wireless Communications, ICMNWC 2024","979-8-3503-5293-1","","10.1109/ICMNWC63764.2024.10872300","http://dx.doi.org/10.1109/ICMNWC63764.2024.10872300","Downy Mildew, caused by Pseudoperonospora cubensis, poses a serious threat to watermelon (Citrullus lanatus) crops, with the potential to drastically reduce yields and cause substantial economic losses in the agricultural sector. Early and accurate detection is essential for mitigating these impacts and maintaining crop productivity. An automatic detection system was developed using the VGG-16 Convolutional Neural Network (CNN) model, selected for its high accuracy. Trained and validated on a dataset of 585 images, split into 80% for training and 20% for validation, the model achieved 100% accuracy in both phases, with minimal losses of 0.0325 and 0.0098 respectively. These results underscore the model's potential for precise Downy Mildew detection, supporting improved disease management in precision agriculture.","2024","2026-01-24 00:34:03","2026-01-24 00:34:03","","1-8","","","","","","","","","","","IEEE","","","","","","","","","","","/home/aalejoz25/Zotero/storage/AHSF659V/Khannum et al. - 2024 - Classification of Downy Mildew Disease in Watermelon Plant Leaf using VGG-16 Convolutional Neural Ne.pdf","","binary cross-entropy loss; convolutional neural networks (CNN); downy mildew detection; training accuracy; validation accuracy; vgg- 16 model","","","","","","","","","","","","","","","","","","","","","","","","","","","","","","","","","","","","","","","","","","","","","","",""
"HQ8LLL5V","conferencePaper","2017","Rangarajan, Aravind R. Krishnaswamy; Raja, P.","Design and simulation of crop monitoring robot for green house","Proceedings of 2016 International Conference on Robotics: Current Trends and Future Challenges (RCTFC)","978-1-5090-3342-3","","10.1109/RCTFC.2016.7893419","http://dx.doi.org/10.1109/RCTFC.2016.7893419","Incidence of disease in horticultural crops is one of the important problems affecting the production of fruits, vegetables and flowers. Regular monitoring of crops for early diagnosis and treatment with pesticides or removal of the affected crop is some of the solution to minimize the crop loss. Monitoring of the crops by human labour is costly, time consuming, error prone due to insufficient knowledge of the disease and highly repetitive at different stages of crop growth. These needs have motivated to design a line following mobile robot with vision sensors for navigation across the field for disease identification in a green house. The robot has been designed and simulated in an open source software known as Virtual Robot Experimental Platform (V-REP) with experimental field of 40 crops. Programming for navigation is done in Lua scripting tool which is embedded with the V-REP software. Capturing of images has been performed using camera. Processing of images for identification of disease and its representation in a Graphical User Interface (GUI) has been done using an algorithm in MATLAB R2011B which interacts with V-REP tool through socket communication. Texture based analysis has been done to identify the diseased crops among the healthy crops in the simulated field setup.","2017","2026-01-24 00:34:03","2026-01-24 00:34:03","","1-6","","","","","","","","","","","IEEE","","","","","","","","","","","/home/aalejoz25/Zotero/storage/Q5XBZG7I/Rangarajan and Raja - 2017 - Design and simulation of crop monitoring robot for green house.pdf","","Agricultural robots; crop monitoring robots; disease identification robots; image processing","","","","","","","","","","","","","","","","","","","","","","","","","","","","","","","","","","","","","","","","","","","","","","",""
"VIHEWVJZ","conferencePaper","2020","Sharath, D. M.; Kumar, S. Arun; Rohan, M. G.; Akhilesh; Suresh, K. V.; Prathap, C.","Disease detection in plants using convolutional neural network","Proceedings of the 3rd International Conference on Smart Systems and Inventive Technology, ICSSIT 2020","978-1-7281-5821-1","","10.1109/ICSSIT48917.2020.9214159","http://dx.doi.org/10.1109/ICSSIT48917.2020.9214159","Majority population of the world depends on agriculture as their primary occupation to earn their income. If any problems occur in that primary sector, it is going to affect the livelihood of the population adversely. Hence, it is necessary to maintain the proper balance in the agriculture sector by preventing the same from adverse effects like drought, plant diseases etc. In agriculture sector, especially horticulture yield more income to the farmers than other crops. These crops are prone to many diseases very easily and manual detection of disease in crops is very much difficult in the early stage. To avoid errors due to manual detection of diseases, Machine learning methods are used. Image processing is done by capturing the infected region of image. The infected image is provided for enhancement followed by image segmentation. then, the segmented image is given as input for the classification using convolutional neural network. This entire process is going to take place over an Android platform. This Android application helps the farmers to identify the disease easily. This paper proposes the techniques involved in the detection of diseases in the very early stage using image processing and the classification is made using convolutional neural network. After the identification a proper solution are going to provide to combat the infection in a very early stage to the farmers. This will increase the income of the farmers.","2020","2026-01-24 00:34:03","2026-01-24 00:34:03","","389-394","","","","","","","","","","","IEEE","","","","","","","","","","","/home/aalejoz25/Zotero/storage/GS97MTES/Sharath et al. - 2020 - Disease detection in plants using convolutional neural network.pdf","","Image Processing; Activation Function; Convolutional neural networks; Gaussian Filter; Grabcut segmentation","","","","","","","","","","","","","","","","","","","","","","","","","","","","","","","","","","","","","","","","","","","","","","",""
"B4M8CMUX","conferencePaper","2022","Krishna, Katiki Sai; Narayana, Gurugubelli V. S.","Early Blight and Late Blight Disease Prediction using CNN for Potato Leaves","2022 2nd International Conference on Computer Science, Engineering and Applications, ICCSEA 2022","978-1-6654-5834-4","","10.1109/ICCSEA54677.2022.9936100","http://dx.doi.org/10.1109/ICCSEA54677.2022.9936100","A well-known vegetable crop farmed all throughout the world is the potato. The possibility of a large number of diseases, however, could also impair the harvest. In order to quickly deal with the crop, it is vital for the planter to recognise the type of contamination. It had been determined that the leaves were a simple indicator of many diseases. Many Machine Learning (ML) techniques as well as Convolution Neural Network (CNN) models are superior in the literature for the detection of tomato crop diseases. CNN models rely on deep learning and neural networks, which are superior than traditional machine learning methods like decision trees and kNN. Although well before CNN creates beautiful artwork, the wide range of subjects they cover renders them operationally intensive. This painting suggests a less complex CNN model with eight convolution layer At the publicly accessible dataset PlantVillage, the recommended compact model performs better than the standard machine learning techniques and pre-trained fashions with an accuracy of 98.4%. The PlantVillage dataset includes 39 classes of different crops, including tomato diseases. These crops include apple, potato, maize, grapes, and more. In comparison to VGG16, which has an amazing accuracy of 93% 5% in pretrained patterns, k-NN has the absolute best accuracy of 94% in conventional ML approaches. After image augmentation, picture pre-processing was used to improve the suggested CNN's overall performance by having the ability to modify the brightness of the image using the knowledge of a prospective variable involving a randomized width of the image. The suggested model, which has a 98% accuracy rate, is also incredibly effective with datasets other than PlantVillage.","2022-09","2026-01-24 00:34:03","2026-01-24 00:34:03","","","","","","","","","","","","","IEEE","","","","","","","","","","","/home/aalejoz25/Zotero/storage/VECB56UH/Krishna and Narayana - 2022 - Early Blight and Late Blight Disease Prediction using CNN for Potato Leaves.pdf","","Deep learning; and image pre-processing.; convolutional networks","","","","","","","","","","","","","","","","","","","","","","","","","","","","","","","","","","","","","","","","","","","","","","",""
"RKDY6EXX","conferencePaper","2025","Devi, K. Sumithra; Santhosh, M.","AI-Driven Gardening Assistant: Intelligent Plant Care and Disease Detection Using AI","2025 8th International Conference on Circuit, Power and Computing Technologies, ICCPCT 2025","979-8-3315-4317-4","","10.1109/ICCPCT65132.2025.11176616","http://dx.doi.org/10.1109/ICCPCT65132.2025.11176616","The popularity of terrace and backyard gardening heightened the demand for smart, AI-enabled plant care and disease control. Here is presented the AI-Driven Gardening Assistant, an end-to-end solution that leverages computer vision and deep learning techniques for plant species identification, disease identification, and personalized care instructions. The assistant uses the YOLO algorithm, which is trained on a very large, augmented dataset covering multiple crop species, to ensure high-accuracy detection in diverse environmental conditions. A Retrieval-Augmented Generation (RAG) engine also powers an interactive chatbot through which users can ask expert, context-specific gardening advice from a highly curated knowledge base. Other than disease treatment, the assistant gives advice on terrace gardening methods and prevention. System implementation, deployment, and testing results are stated, and they indicate how the system can be applied to optimize terrace gardening using available AI-based assistance.","2025","2026-01-24 00:34:03","2026-01-24 00:34:03","","1158-1162","","","","","","","","","","","IEEE","","","","","","","","","","","/home/aalejoz25/Zotero/storage/EUGFECS5/Devi and Santhosh - 2025 - AI-Driven Gardening Assistant Intelligent Plant Care and Disease Detection Using AI.pdf","","Computer vision; Deep Learning; Retrieval-Augmented Generation (RAG); Terrace gardening; YOLO","","","","","","","","","","","","","","","","","","","","","","","","","","","","","","","","","","","","","","","","","","","","","","",""
"2RTIKNLF","conferencePaper","2022","Mubarokah, Ita; Laksono, Pujo; Cepy; Safitri, Ramadhani; Idris, Irman","Detection of Begomovirus Disease for Identification of Disease Severity Level in Tomato Leaves Using Convolutional Neural Network (CNN)","ISESD 2022 - 2022 International Symposium on Electronics and Smart Devices, Proceeding","979-8-3503-9660-7","","10.1109/ISESD56103.2022.9980675","http://dx.doi.org/10.1109/ISESD56103.2022.9980675","Tomato is one of the horticultural crops that have high demand in the community, which demands continuous increase in production and quality. On the other hand, cultivating and caring for tomato are not simple. The challenge frequently encountered by tomato farmers is the prevalence of diseases on tomato leave caused by bacteria, viruses, and fungus. If the diseases are not treated appropriately, these diseases will cause a decrease in production due to the poor quality of tomatoes. In this study, the optimized Convolutional Neural Network (CNN) model for classification and detection Begomovirus disease in tomato leave is proposed. The optimized model is obtained from the comparison of three types architectures: SSD Mobilenet V1 FPN, EfficientDet D1 and SSD Resnet 50 V1 FPN. For the purpose of this research, a dataset consisted of tomato leaves contracted with various stages of begomovirus has been collected and prepared to be used as training and validation. The dataset is grouped into 4 classes based on the severity level of the disease according to the scale of symptoms that occur in tomato leave. The Experimental results shows that the mAP value of SSD Mobilenet V1 FPN, SSD Resnet 50 V1 FPN and EfficientDet D1 model are 56.17%, 61.58% and 66.03%, respectively. The EfficientDet D1 model resulted in the highest mean Average Precision (mAP) value due to this model produced the lowest loss value of 0.1 compared to the other 2 models. The proposed model uses BiFPN method for feature extraction which resulted in higher accuracy compared to previous models which only used FPN. This performance was able to be achieved with much less number of layers.","2022-11","2026-01-24 00:34:03","2026-01-24 00:34:03","","1-6","","","","","","","","","","","IEEE","","","","","","","","","","","/home/aalejoz25/Zotero/storage/ICQFAICL/Mubarokah et al. - 2022 - Detection of Begomovirus Disease for Identification of Disease Severity Level in Tomato Leaves Using.pdf","","Begomovirus; Convolutional Neural Network (CNN); Disease Detection; mean Average Precission (mAP); Tomato","","","","","","","","","","","","","","","","","","","","","","","","","","","","","","","","","","","","","","","","","","","","","","",""
"SS3NNKNJ","conferencePaper","2025","Narayana, Dasari Varshith; Pakruddin, B.; Reddy, Y. Vikranth; Chikmurge, Anant; Mayur, R.; Lokesh, T.","Performance Analysis of Machine and Deep Learning Techniques for Pomegranate Fruit Disease Detection and Classification","2025 International Conference on Next Generation Communication &amp; Information Processing (INCIP)","","","10.1109/incip64058.2025.11020033","http://dx.doi.org/10.1109/INCIP64058.2025.11020033","","2025","2026-01-24 00:34:03","2026-01-24 00:34:03","","628-633","","","","","","","","","","","IEEE","","","","","","","","","","","/home/aalejoz25/Zotero/storage/RCEDFU7D/Narayana et al. - 2025 - Performance Analysis of Machine and Deep Learning Techniques for Pomegranate Fruit Disease Detection.pdf","","","","","","","","","","","","","","","","","","","","","","","","","","","","","","","","","","","","","","","","","","","","","","","","",""
"V8F3LMY3","journalArticle","2023","Bhat, Muzafar Rasool; Assad, Assif; Dar, B. N.; Ahanger, Abdul Naffi; Kundroo, Majid; Dar, Rayees Ahmad; Ahanger, Abdul Basit; Bhat, Z. A.","Apple diseases: detection and classification using transfer learning","Quality Assurance and Safety of Crops and Foods","","1757837X","10.15586/qas.v15iSP1.1167","http://dx.doi.org/10.15586/qas.v15iSP1.1167","Human diagnosis of horticultural diseases comes with added monetary costs in the shape of time, cost, and accessibility, with still considerable possibilities of misdiagnosis. Most common plant diseases present visually recognizable symptoms like change in color, shape, or texture. Deep learning is known to work with such accuracy and precision in recognizing patterns in such visual symptoms that rivals human diagnosis. We specifically designed a deep learning–based multi-class classification model AppleNet to include extra apple plant diseases, which has not been the case with other previously designed models. Our model takes advantage of transfer learning techniques by implementing ResNET 50 Convolutional Neural Network pretrained on image-net dataset. The knowledge of features learned by ResNET 50 is being used to extract features from our dataset. This technique takes advantage of knowledge learned on a larger and more diverse dataset and also saves precious computational resources and time in training on a relatively lesser data. The hyper-parameters were uniquely fine-tuned to maximize the model efficiency. We created our own dataset from the images taken directly from the trees, which, unlike the publicly available datasets created in a controlled setting with smooth (white) background, has been created in a real world environment and includes background noise as well. This helped us train our model in a more realistic way. The results of experimentation on a collected dataset of 2897 images with data augmentation demonstrated that AppleNet can be efficiently used for apple disease detection with a classification accuracy of 96.00%. To examine the effectiveness of our proposed approach, we compared our model with other pretrained models and a baseline model created from scratch. Results of the experiment demonstrate that transfer learning improves the performance of deep learning models and using pretrained models based on residual neural network architectures gives remarkable results as compared to other pretrained models. The mean difference in classification accuracies between our proposed model AppleNet and other experimental models was 21.54%.","2023-07","2026-01-24 00:34:03","2026-01-24 00:34:03","","27-37","","SP1","15","","","","","","","","Codon Publications","","","","","","","","","","","/home/aalejoz25/Zotero/storage/5DN39FWA/Bhat et al. - 2023 - Apple diseases detection and classification using transfer learning.pdf","","convolutional neural network; apple disease detection; artificial intelligence; deep learning; horticulture; image augmentation; malus pumila; transfer learning","","","","","","","","","","","","","","","","","","","","","","","","","","","","","","","","","","","","","","","","","","","","","","",""
"CJU9G2MY","conferencePaper","2024","B, Sundarambal; S, Manju; R, Aarthi","PlantMed - An Automated App for Monitoring the Tasks of Farmers","2024 International Conference on Smart Technologies for Sustainable Development Goals (ICSTSDG)","","","10.1109/icstsdg61998.2024.11026485","http://dx.doi.org/10.1109/ICSTSDG61998.2024.11026485","","2024-11","2026-01-24 00:34:03","2026-01-24 00:34:03","","1-8","","","","","","","","","","","IEEE","","","","","","","","","","","/home/aalejoz25/Zotero/storage/BHXCVQWW/B et al. - 2024 - PlantMed - An Automated App for Monitoring the Tasks of Farmers.pdf","","","","","","","","","","","","","","","","","","","","","","","","","","","","","","","","","","","","","","","","","","","","","","","","",""
"Z29XNUHV","journalArticle","2021","Patel, Jitali; Patel, Ruhi; Shah, Saumya; Patel, Jigna","BIG DATA ANALYTICS FOR ADVANCED VITICULTURE","Scalable Computing","","18951767","10.12694/SCPE.V22I3.1856","http://dx.doi.org/10.12694/SCPE.V22I3.1856","Big data analytics involve a systematic approach to find hidden patterns to help the organization grow from large volume and variety of data. In recent years big data analytics is widely used in the agricultural domain to improve yield. Viticulture (the cultivation of grapes) is one of the most lucrative farming in India. It is a subdivision of horticulture and is the study of wine growing. The demand for Indian Wine is increasing at about 27% each year since the 21st century and thus more and more ways are being developed to improve the quality and quantity of the wine products. In this paper, we focus on a specific agricultural practice as viticulture. Weather forecasting and disease detection are the two main research areas in precision viticulture. Leaf disease detection as a part of plant pathology is the key research area in this paper. It can be applied on vineyards of India where farmers are bereft of the latest technologies. Proposed system architecture comprises four modules: Data collection, data preprocessing, classification and visualization. Database module involves grape leaf dataset, consists of healthy images combined with disease leaves such as Black measles, Black rot, and Leaf blight. Models have been implemented on Apache Hadoop using map reduce programming framework. It applies feature extraction to extract various features of the live images and classification algorithm with reduced computational complexity. Gray Level Co-occurrence Matrix (GLCM) followed by K-Nearest Neighborhood (KNN) algorithm. The system also recommends the necessary steps and remedies that the viticulturists can take to assure that the grapes can be salvaged at the right time and in the right manner based on classification results. The overall system will help Indian viticulturists to improve the harvesting process. Accuracy of the model is 82%, and it can be increased as a future work by including deep learning with time-series grape leaf images.","2021-11","2026-01-24 00:34:03","2026-01-24 00:34:03","","302-312","","3","22","","","","","","","","Scalable Computing: Practice and Experience","","","","","","","","","","","/home/aalejoz25/Zotero/storage/CMI8EN4Q/Patel et al. - 2021 - BIG DATA ANALYTICS FOR ADVANCED VITICULTURE.pdf","","Disease Detection; Big Data; Viticlture","","","","","","","","","","","","","","","","","","","","","","","","","","","","","","","","","","","","","","","","","","","","","","",""
"D7ZE3CIA","conferencePaper","2018","Arya, M. S.; Anjali, K.; Unni, Divya","Detection of unhealthy plant leaves using image processing and genetic algorithm with Arduino","EPSCICON 2018 - 4th International Conference on Power, Signals, Control and Computation","978-1-5386-4208-5","","10.1109/EPSCICON.2018.8379584","http://dx.doi.org/10.1109/EPSCICON.2018.8379584","India is an agricultural country and about seventy percent of our population depends on agriculture. One-third of our national income comes from agriculture. So the disease detection of plants plays an important role in the agricultural field. Majority of the plant diseases are caused by the attack of bacteria, fungi, virus etc. If proper care is not taken in this area, it may lead to serious effects on plants and adversely affects the productivity and quality. To detect, the plant diseases we need a fast automatic way. The main approach adopted in practice for detection and identification of plant diseases is naked eye observation through experts. The decision making capability of an expert also depends on his/her physical condition, such as fatigue and eye sight, work pressure, climate etc. So this method is time consuming and less efficient. Here, a project is proposed with an idea of detecting plant diseases using image processing. Image processing toolbox of Matlab is used for measuring affected area of disease and to determine the difference in the color of the disease affected area. This concept can be extended to detect the symptoms of any type of plant diseases that is affected on different horticulture crops. The algorithm can be used to classify the leaves and the classified outcomes are separated using Arduino based conveyor belt system. This reduces an important task of monitoring of farms crops at very early stage itself to detect the symptom of diseases appear on plant leaves.","2018","2026-01-24 00:34:04","2026-01-24 00:34:04","","1-5","","","","","","","","","","","IEEE","","","","","","","","","","","/home/aalejoz25/Zotero/storage/PQFXTBMN/Arya et al. - 2018 - Detection of unhealthy plant leaves using image processing and genetic algorithm with Arduino.pdf","","Image processing; Arduino; Conveyor belt; Genetic algorithm; Matlab","","","","","","","","","","","","","","","","","","","","","","","","","","","","","","","","","","","","","","","","","","","","","","",""
"RGVX6P9X","document","2025","Mushtaq, Muhammad Ahtasham; Ateeq, Muhammad; Ikram, Muhammad; Alam, Shariq Mahmood; Kaleem, Muhammad Mohsin; Ashraf, Muhammad Atiq; Asim, Muhammad; Almutairi, Khalid F.; Seleiman, Mahmoud F.; Shireen, Fareeha","Securing fruit trees future: AI-driven early warning and predictive systems for abiotic stress in changing climate","","","","10.1016/j.stress.2025.100953","http://dx.doi.org/10.1016/j.stress.2025.100953","Horticultural fruit crops are important product for global food security as they provide important macro and micronutrients. Emerging abiotic stresses—drought, salinity, temperature extremes, and waterlogging—threaten crop productivity by disrupting key physiological processes, challenging sustainable agriculture under climate change. Traditionally, these challenges are tackled through physiological strategies and conventional breeding methods; which lacks scalability, adaptability, and real-time feedback. Advancement in technology, distinctly artificial intelligence (AI), and machine learning have revolutionized precision farming in agriculture. AI integrated approaches such as stress prediction, irrigation optimization, and image-based phenotyping have enhanced agriculture, while machine learning models like Random Forest and Gradient Boosting improve stress management. However, the acquiring of such AI based system in horticultural crops still faces numerous challenges. Specifically, multi-omics, data accessibility, algorithmic biases, the cost of implementation and requirements for robust training programs need to integrate for sustainable agriculture. Addressing these barriers is essential to enable the effective integration of AI technologies for resilient, carbon-neutral fruit production under climate stress. This review highlights recent developments in AI-driven stress detection, predictive modeling, remote sensing, and machine learning frameworks that support precision horticulture and climate-smart agriculture.","2025-09","2026-01-24 00:34:04","2026-01-24 00:34:04","","","","","","","","","","","","","Elsevier BV","","","","","","","","","ISSN: 2667064X Pages: 100953 Publication Title: Plant Stress Volume: 17","","/home/aalejoz25/Zotero/storage/2W6BQI5G/Mushtaq et al. - 2025 - Securing fruit trees future AI-driven early warning and predictive systems for abiotic stress in ch.pdf","","Agricultural sustainability; Artificial intelligence; Predictive strategies; Remote sensing; Stress resilience","","","","","","","","","","","","","","","","","","","","","","","","","","","","","","","","","","","","","","","","","","","","","","",""
"L7VBD8SI","conferencePaper","2017","Kiani, Ehsan; Mamedov, Tofik","Identification of plant disease infection using soft-computing: Application to modern botany","Procedia Computer Science","","18770509","10.1016/j.procs.2017.11.323","http://dx.doi.org/10.1016/j.procs.2017.11.323","Botany is the scientific examination of plants characters. Plant disease can be caused either by living organisms having wide range as harmful or benign ones which grow specifically on the horticultural plant leaves or deficiency of minerals e.g. iron, phosphate, nitrogen, etc. Modern agriculture requires smart and feasible techniques to replace the human intelligence with machine intelligence. Whereas a human identifies the disease infected leaves by his eye, the machine should also be capable of vision-based disease identification. The objective of this paper is to practically verify the applicability of a new computer-vision method for discrimination between the healthy and disease infected strawberry leaves which does not require neural network or time consuming trainings. The proposed method was tested under outdoor lighting condition using a regular DLSR camera without any particular lens. Since the type and infection degree of disease is approximated a human brain a fuzzy decision maker classifies the leaves over the images captured on-site having the same properties of human vision. Optimizing the fuzzy parameters for a typical horticultural field at a mid-day summer Mediterranean day in produced 96% accuracy for segmented iron deficiency and 93% accuracy for segmented using a typical human instant classification approximation as the benchmark holding higher accuracy than a human eye identifier. The fuzzy-base classifier provides approximate result for decision making on the leaf status as if it is healthy or not.","2017","2026-01-24 00:34:04","2026-01-24 00:34:04","","893-900","","","120","","","","","","","","Elsevier BV","","","","","","","","","","","/home/aalejoz25/Zotero/storage/REXHVMJQ/Kiani and Mamedov - 2017 - Identification of plant disease infection using soft-computing Application to modern botany.pdf","","approximate result (AR); Botany; computer-vision; disease-infected leaf; fuzzy-based classifier; strawberry","","","","","","","","","","","","","","","","","","","","","","","","","","","","","","","","","","","","","","","","","","","","","","",""
"RMCJFWS3","journalArticle","2023","Garg, Shankey; Singh, Pradeep","An aggregated loss function based lightweight few shot model for plant leaf disease classification","Multimedia Tools and Applications","","15737721","10.1007/s11042-023-14372-7","http://dx.doi.org/10.1007/s11042-023-14372-7","In India, a significant portion of the annual crop is lost due to plant diseases. It is required to monitor agriculture's growth and health status of plants to help farmers take prompt actions regarding any plant disease. An automatic plant disease classification algorithm is necessary to identify and prevent plant diseases at an early stage. This paper aims to classify plant diseases using a lightweight transfer learning model using only a few samples. Few-shot classification aims to identify unseen classes while training with small labeled data. The proposed work uses an aggregated loss function formed by the combination of triplet loss and cross-entropy loss with MobileNetV2 as a base model for the effective classification of plant disease using small samples. Two publicly available datasets (PlantVillage having 54,303 leaf samples and Plantdoc having 2598 Leaf samples) were considered for the evaluation of the proposed work. Different domain splits were considered to divide the dataset into the source, and target domains, and a large quantum of experimentation is conducted on the target dataset considering various sample sizes. For the analysis of plantvillage dataset, four domain splits were considered, and it is found that an average improvement in accuracy, when compared with recent work, is 1.49% for split-1, 16.25% for split-2, 2.9% for split-3, and 2.1%for split-4 using the proposed aggregated loss and the lightweight transfer learning model for the target domain data (K-ways, N-shot). Two domain splits were considered for the plantdoc dataset, and it gives an accuracy of around 81% using 30 samples and more than 40% using only 1 sample. The proposed work is compared with several state-of-the-art works using different evaluation metrics like, loss functions, execution time, model size, and model parameters.","2023-02","2026-01-24 00:34:04","2026-01-24 00:34:04","","23797-23815","","15","82","","","","","","","","Springer Science and Business Media LLC","","","","","","","","","","","/home/aalejoz25/Zotero/storage/E7C24JR2/Garg and Singh - 2023 - An aggregated loss function based lightweight few shot model for plant leaf disease classification.pdf","","Deep learning; Few-shot classification; Lightweight models; Loss function","","","","","","","","","","","","","","","","","","","","","","","","","","","","","","","","","","","","","","","","","","","","","","",""
"ABQANIWQ","journalArticle","2025","Joshi, Kamaldeep; Hooda, Sahil; Yadav, Yashasvi; Singh, Gurdiyal; Nehra, Ashima; Tuteja, Narendra; Gill, Ritu; Gill, Sarvajeet Singh","Genetic algorithm enhanced deep learning with data augmentation for nitrogen and potassium deficiency detection in eggplant","Current Plant Biology","","22146628","10.1016/j.cpb.2025.100546","http://dx.doi.org/10.1016/j.cpb.2025.100546","The quality of horticultural crops is significantly crucial for agricultural yield because of market demand, quality, and the priority of consumers. Macronutrients like nitrogen (N) and potassium (K) are crucial for the normal growth and development of crops. Thus, detecting nutritional deficiency in eggplant is very important for ensuring optimal growth and yield. The traditional approaches are time-consuming and require expert knowledge. The previously reported research in eggplant with a deep learning (DL) approach targeted disease detection and classification work. No work has been reported on eggplant nutritional deficiency detection using the genetic algorithm (GA) based tuning approach with data augmentation. This paper presents a YOLOv9 deep-learning model, optimized with a GA to find the best hyperparameters and data augmentation techniques to increase its robustness. The study used the OLID I dataset to detect nutritional deficiencies in eggplant leaves. The experimental results show that our approach achieved an accuracy of 94.52 %, mAP50 of 94.55 %, mAP50–95 of 93.23 %, Precision of 95.9 %, Recall of 92.8 %, and F1 Score of 94.32 %. These results suggest that the proposed approach is a significant step towards developing a practical application to support farmers in detecting nutrition deficiencies in the eggplant crop.","2025","2026-01-24 00:34:04","2026-01-24 00:34:04","","100546","","","44","","","","","","","","Elsevier BV","","","","","","","","","","","/home/aalejoz25/Zotero/storage/B4YNZT4V/Joshi et al. - 2025 - Genetic algorithm enhanced deep learning with data augmentation for nitrogen and potassium deficienc.pdf","","Deep learning; Genetic algorithm; Data augmentation; Eggplant; Nutritional deficiency detection; OLID I dataset; YOLOv9","","","","","","","","","","","","","","","","","","","","","","","","","","","","","","","","","","","","","","","","","","","","","","",""
"AEV5FNKP","journalArticle","2025","Devora-Guadarrama, Maryjose; Luna-Benoso, Benjamín; Alarcón-Paredes, Antonio; Martínez-Perales, Jose Cruz; Morales-Rodríguez, Úrsula Samantha","Deep Learning-Based Citrus Canker and Huanglongbing Disease Detection Using Leaf Images","Computers","","2073431X","10.3390/computers14110500","http://dx.doi.org/10.3390/computers14110500","Early detection of plant diseases is key to ensuring food production, reducing economic losses, minimizing the use of agrochemicals, and maintaining the sustainability of the agricultural sector. Citrus plants, an important source of vitamin C, fiber, and antioxidants, are among the world's most significant fruit crops but face threats such as canker and Huanglongbing (HLB), incurable diseases that require management strategies to mitigate their impact. Manual diagnosis, although common, I s imprecise, slow, and costly; therefore, efficient alternatives are emerging to identify diseases from early stages using Artificial Intelligence techniques. This study evaluated four deep learning models, specifically convolutional neural networks. In this study, we evaluated four convolutional neural network models (DenseNet121, ResNet50, EfficientNetB0, and MobileNetV2) to detect canker and HLB in citrus leaf images. We applied preprocessing and data-augmentation techniques; transfer learning via selective fine-tuning; stratified k-fold cross-validation; regularization methods such as dropout and weight decay; and hyperparameter-optimization techniques. The models were evaluated by the loss value and by metrics derived from the confusion matrix, including accuracy, recall, and F1-score. The best-performing model was EfficientNetB0, which achieved an average accuracy of 99.88% and the lowest loss value of 0.0058 using cross-entropy as the loss function. Since EfficientNetB0 is a lightweight model, the results show that lightweight models can achieve favorable performance compared to robust models, models that can be useful for disease detection in the agricultural sector using portable devices or drones for field monitoring. The high accuracy obtained is mainly because only two diseases were considered; consequently, it is possible that these results do not hold in a database that includes a larger number of diseases.","2025-11","2026-01-24 00:34:04","2026-01-24 00:34:04","","500","","11","14","","","","","","","","MDPI AG","","","","","","","","","","","/home/aalejoz25/Zotero/storage/MVHHZCKQ/Devora-Guadarrama et al. - 2025 - Deep Learning-Based Citrus Canker and Huanglongbing Disease Detection Using Leaf Images.pdf","","deep learning; citrus canker; Huanglongbing","","","","","","","","","","","","","","","","","","","","","","","","","","","","","","","","","","","","","","","","","","","","","","",""
"SUBEHAAK","conferencePaper","2016","Padol, Pranjali B.; Yadav, Anjali A.","SVM classifier based grape leaf disease detection","Conference on Advances in Signal Processing, CASP 2016","978-1-5090-0849-0","","10.1109/CASP.2016.7746160","https://doi.org/10.1109/casp.2016.7746160","Grape constitutes one of the most widely grown fruit crops in the India. Productivity of grape decreases due to infections caused by various types of diseases on its fruit, stem and leaf. Leaf diseases are mainly caused by bacteria, fungi, virus etc. Diseases are a major factor limiting fruit production and diseases are often difficult to control. Without accurate disease diagnosis, proper control actions cannot be used at the appropriate time. Image Processing is one of the widely used technique is adopted for the plant leaf diseases detection and classification. This paper is intended to aid in the detection and classification leaf diseases of grape using SVM classification technique. First the diseased region is found using segmentation by K-means clustering, then both color and texture features are extracted. Finally classification technique is used to detect the type of leaf disease. The proposed system can successfully detect and classify the examined disease with accuracy of 88.89%.","2016","2026-01-24 00:34:04","2026-01-24 00:34:04","","175-179","","","","","","","","","","","IEEE","","","","","","","","","","","/home/aalejoz25/Zotero/storage/42I8B6XV/Padol and Yadav - 2016 - SVM classifier based grape leaf disease detection.pdf","","Image Processing; Feature extraction; K-means clustering; Leaf diseases detection; SVM Classification","","","","","","","","","","","","","","","","","","","","","","","","","","","","","","","","","","","","","","","","","","","","","","",""
"X2VYR87P","journalArticle","2025","Yehulu, Getachew Tadesse; Walle, Yelkal Mulualem; Haile, Melaku Bitew; Yohannes, Surafel Tsegaye; Tegegne, Andargie Geteneh; Tesfaye, Destaw Gizaw; Baye, Getachew Alemu","Mango fruit disease detection and classification using MobileNetV3_large model","Scientific African","","24682276","10.1016/j.sciaf.2025.e03061","http://dx.doi.org/10.1016/j.sciaf.2025.e03061","Mangoes are appreciated globally for their flavor, nutritional value, and economic significance, which are one of the most significant tropical fruit crops. Various fruit diseases also negatively impact mango production, decreasing yield and quality. This shows the critical necessity for precise and timely disease identification. This study targets the issue of a lack of effective automated diagnosis tools and a lack of research on diseases affecting the mango fruit rather than the leaves. To effectively identify and categorize the main diseases of mango fruit, such as Alternaria, Anthracnose, Black Mold Rot, and Stem-End Rot, a deep learning model had to be developed. A publicly available Kaggle dataset was used and augmented to 8297 samples to enhance generalization. The preprocessing phase involved background removal, image resizing, noise reduction, and z-score normalization to improve image quality and maintain consistency. Features were obtained using a customized MobileNetV3-Large architecture that significantly reduced the number of trainable parameters from 5507,432 to 566,325 and the model size from 21.8 MB to 6.29 MB, making it highly suitable for deployment on mobile and resource-constrained devices. Featured extracts were classified using the XGBoost algorithm, developing a hybrid MobileNetV3-Large–XGBoost model. Experiment results showed 98.95 % test accuracy, reflecting excellent reliability and precision in disease detection. Findings show that the proposed model not only enhances automatic fruit disease detection but also provides a viable solution for real-time disease monitoring and control. The deployment's potential helps farmers and agricultural experts with the capability to detect early infection, reduce crop loss, improve disease management approaches, and enhance sustainable mango growth.","2025","2026-01-24 00:34:04","2026-01-24 00:34:04","","e03061","","","30","","","","","","","","Elsevier BV","","","","","","","","","","","/home/aalejoz25/Zotero/storage/L92PQ7ME/Yehulu et al. - 2025 - Mango fruit disease detection and classification using MobileNetV3_large model.pdf","","Feature extraction; Deep learning model; Image-based diagnosis; Smart agriculture; XGBoost classifier","","","","","","","","","","","","","","","","","","","","","","","","","","","","","","","","","","","","","","","","","","","","","","",""
"83EIRGS5","conferencePaper","2024","Raut, Savita C.; Kasat, Nilesh N.","A Review: Citrus Disease Detection Using Machine Learning Approach","2024 2nd DMIHER International Conference on Artificial Intelligence in Healthcare, Education and Industry, IDICAIEI 2024","979-8-3315-2871-3","","10.1109/IDICAIEI61867.2024.10842864","http://dx.doi.org/10.1109/IDICAIEI61867.2024.10842864","Citrus is an important fruit crops worldwide, and diseases are one of the major constraints affecting their production and quality. An early stage detection and precise classification of citrus diseases are very important for the disease management, effectively. Diseases can affect Leaves, Fruits and stem of citrus plant. Traditional methods for disease detection and classification are time-consuming and expensive. Various techniques are proposed for the classification and detection of citrus crop diseases. Use of Machine Learning algorithms like SVM, ANN, Fuzzy C-Means Classifier, KNN, and CNN classifier are proposed by many researchers worldwide after the investigation and validation of results. This work includes the study of various citrus crop diseases and the review of literature on automatic detection and identification of the diseases using machine learning and Deep learning approaches. It also includes the brief overview of the techniques in order to improve the detection accuracy using Data Augmentation and Transfer Learning.","2024-11","2026-01-24 00:34:04","2026-01-24 00:34:04","","1-5","","","","","","","","","","","IEEE","","","","","","","","","","","/home/aalejoz25/Zotero/storage/EUNB5MGZ/Raut and Kasat - 2024 - A Review Citrus Disease Detection Using Machine Learning Approach.pdf","","Citrus diseases; Data Augmentation; Deep learnings(DL); Machine Learning(ML); Timely detection; Transfer Learning","","","","","","","","","","","","","","","","","","","","","","","","","","","","","","","","","","","","","","","","","","","","","","",""
"49DJ5QXV","document","2025","Yang, Yanqiu; Mali, Priyanka; Arthur, Lawrence; Molaei, Faezeh; Atsyo, Sena; Geng, Jiarui; He, Long; Ghatrehsamani, Shirin","Advanced technologies for precision tree fruit disease management: A review","","","","10.1016/j.compag.2024.109704","http://dx.doi.org/10.1016/j.compag.2024.109704","Effective disease management in tree fruit cultivation is essential for ensuring crop health, improving yield, and minimizing economic losses. In recent years, the adoption of advanced technologies has revolutionized the approach to managing tree fruit diseases. This review explores the integration of precision agriculture tools, such as Unmanned Aerial Vehicles (UAVs), Unmanned Ground Vehicles (UGVs), and various sensor technologies, alongside sophisticated machine learning algorithms and predictive models. The effectiveness of these technologies in disease scouting, monitoring, detection, and prediction is evaluated, emphasizing their potential to enhance crop health, reduce economic losses, and minimize environmental impacts. Despite the promising advancements, challenges such as data quality, computational demands, and the need for robust, generalizable models persist. This review underscores the transformative potential of these technologies in promoting a resilient, efficient, and sustainable tree fruit industry, highlighting the need for continued research and development to fully realize their benefits.","2025-02","2026-01-24 00:34:04","2026-01-24 00:34:04","","","","","","","","","","","","","Elsevier BV","","","","","","","","","ISSN: 01681699 Pages: 109704 Publication Title: Computers and Electronics in Agriculture Volume: 229","","/home/aalejoz25/Zotero/storage/625XNPR7/Yang et al. - 2025 - Advanced technologies for precision tree fruit disease management A review.pdf","","Remote sensing; Disease diagnostic; GIS; Machine learning algorithms; Precision agriculture; Tree fruit disease management; Unmanned vehicles","","","","","","","","","","","","","","","","","","","","","","","","","","","","","","","","","","","","","","","","","","","","","","",""
"6KZL5WPX","conferencePaper","2009","Feng, Jie; Li, Hongning; Shi, Junsheng; Yang, Weiping; Liao, Ningfang","Cucumber disease diagnosis using multispectral images","PIAGENG 2009: Image Processing and Photonics for Agricultural Engineering","978-0-8194-7800-9","0277786X","10.1117/12.836944","http://dx.doi.org/10.1117/12.836944","In this paper, multispectral imaging technique for plant diseases diagnosis is presented. Firstly, multispectral imaging system is designed. This system utilizes 15 narrow-band filters, a panchromatic band, a monochrome CCD camera, and standard illumination observing environment. The spectral reflectance and color of 8 Macbeth color patches are reproduced between 400nm and 700nm in the process. In addition, spectral reflectance angle and color difference is obtained through measurements and analysis of color patches using spectrometer and multispectral imaging system. The result shows that 16 narrow-bands multispectral imaging system realizes good accuracy in spectral reflectance and color reproduction. Secondly, a horticultural plant, cucumber' familiar disease are the researching objects. 210 multispectral samples are obtained by multispectral and are classified by BP artificial neural network. The classification accuracies of Sphaerotheca fuliginea, Corynespora cassiicola, Pseudoperonospora cubensis are 100%. Trichothecium roseum and Cladosporium cucumerinum are 96.67% and 90.00%. It is confirmed that the multispectral imaging system realizes good accuracy in the cucumber diseases diagnosis. ©2009 SPIE.","2009-07","2026-01-24 00:34:04","2026-01-24 00:34:04","","74890E","","","7489","","","","","","","","SPIE","","","","","","","","","","","/home/aalejoz25/Zotero/storage/QLMQHG9J/Feng et al. - 2009 - Cucumber disease diagnosis using multispectral images.pdf","","","","Tan, Honghua; Luo, Qi","","","","","","","","","","","","","","","","","","","","","","","","","","","","","","","","","","","","","","","","","","","","",""
"TXHYS3SF","conferencePaper","2023","Sivaganesh; Chaitra, H.; Kumar, C. V. S. S. Manohar; Kaushik, Manoj; Sharathchandra, R. G.; Nidamanuri, Rama Rao","Hyperspectral Detection of Fusarium Wilt in Tomato Plants Using Machine Learning-Based Approaches","International Geoscience and Remote Sensing Symposium (IGARSS)","979-8-3503-2010-7","","10.1109/IGARSS52108.2023.10282890","http://dx.doi.org/10.1109/IGARSS52108.2023.10282890","Crop health is vital in agricultural nations like India. One of India's most important crops, tomato, is farmed and consumed globally. Bacteria, viruses, and fungi may damage tomato plants and other food and vegetable crops. Fusarium wilt is a seed-borne fungal infection that causes severe damage in the growth and yield of tomato crop. The objective of this research is the assessment of spectral discriminability and classification of health and Fusarium wilt diseased-tomato plants using hyperspectral data. In-situ reflectance measurements of healthy and infected plants over a tomato growing region (Tumkur, Karnataka, India) have been collected, processed, and analyzed to spectrally differentiate diseased and healthy plants. Various statistical and machine-learning approaches have been applied for assessing the spectral discrimination of diseased plants with sensitivity to five different levels of disease severity. Results suggest the existence of stable spectral features which differentiate healthy and diseases plants at distinct levels of disease severity. The discrimination has substantial variance with the method used. Amongst the methods used, Linear Discriminant Analysis (LDA), Gradient Boosting, and XGBoost methods offer spectral discrimination of about 80% accuracy.","2023-07","2026-01-24 00:34:04","2026-01-24 00:34:04","","7583-7585","","","2023-July","","","","","","","","IEEE","","","","","","","","","","","/home/aalejoz25/Zotero/storage/AJWCQYSW/Sivaganesh et al. - 2023 - Hyperspectral Detection of Fusarium Wilt in Tomato Plants Using Machine Learning-Based Approaches.pdf","","","","","","","","","","","","","","","","","","","","","","","","","","","","","","","","","","","","","","","","","","","","","","","","",""
"H86FUI4K","conferencePaper","2025","Zaludin, Zakirah; Khalid, Nurul Syahirah; Danial, Nor Dalila Binti Nor; Ayob, Mohd Nasir; Hasan, Mohd Zamri; Ibrahim, Ismail Ishaq","Machine Learning (ML) and Deep Learning (DL) Based Detection of Bacterial Heart Rot (BHR) in Pineapple Leaves","2025 IEEE 15th International Conference on System Engineering and Technology (ICSET)","979-8-3315-3906-1","","10.1109/ICSET65917.2025.11283911","https://ieeexplore.ieee.org/document/11283911/","","2025-10","2026-01-24 00:34:04","2026-01-24 00:34:04","","318-323","","","","","","","","","","","IEEE","","","","","","","","","","","/home/aalejoz25/Zotero/storage/TGG7QDQ6/Zaludin et al. - 2025 - Machine Learning (ML) and Deep Learning (DL) Based Detection of Bacterial Heart Rot (BHR) in Pineapp.pdf","","","","","","","","","","","","","","","","","","","","","","","","","","","","","","","","","","","","","","","","","","","","","","","","",""
"SW58P9RV","conferencePaper","2023","Manjunatha, B.; Moorthy, K. Sankara; Srinivasan, Vellayan; Awasthi, Manuj; Ashok, Merugu; Suresh, M.","Machine Learning and Internet of Things for infection Prediction in Fruits and Vegetables","Proceedings of the 2023 2nd International Conference on Augmented Intelligence and Sustainable Systems, ICAISS 2023","979-8-3503-2579-9","0094-243X","10.1109/ICAISS58487.2023.10250558","http://dx.doi.org/10.1063/5.0189928","Future agriculture will depend heavily on connected devices, detectors and the Internet of Things (IoT) to be more productive and sustainable. WSNs Technology-based communications and data can be used to solve the majority of the critical challenges in economics, technology, and environmental protection. Increasing the number of connected devices produces a significant amount of data in many different modalities. Additionally, geographical and temporal factors contribute to the rise in the number of networked devices. After being carefully processed and analyzed, this enormous volume of data will offer a deeper understanding that motivation enhances future forecasting, executive, and management of sensor compulsion.","2023","2026-01-24 00:34:04","2026-01-24 00:34:04","","587-592","","","3110","","","","","","","","AIP Publishing","","","","","","","","","","","/home/aalejoz25/Zotero/storage/38VKPJZE/Manjunatha et al. - 2023 - Machine Learning and Internet of Things for infection Prediction in Fruits and Vegetables.pdf","","Machine Learning; Agriculture; Crops; Infection; Internet of Things; Plants; Wireless","","","","","","","","","","","","","","","","","","","","","","","","","","","","","","","","","","","","","","","","","","","","","","",""
"KHLN3JAU","conferencePaper","2025","Zhang, Kai Ting; Su, Chien Hsing; Tang, Jih Hsin","Application of Deep Learning-Based Visual Recognition for the Prevention of Rose Leaf Mite Damage","ICCE-Taiwan 2025 - 12th IEEE International Conference on Consumer Electronics - Taiwan: Generative AI in Innovative Consumer Technology, Proceedings","979-8-3315-8741-3","","10.1109/ICCE-Taiwan66881.2025.11208032","https://doi.org/10.1109/icce-taiwan66881.2025.11208032","This study applies Convolutional Neural Networks (CNNs) to detect two-spotted spider mite (Tetranychus urticae) infestations on rose leaves in Taiwan. Rose cultivation, a vital component of Taiwan's horticultural industry, is frequently threatened by these infestations, which cause leaf chlorosis and substantial yield losses. A dataset comprising 1,051 images of both healthy and infested rose leaves was constructed, and AlexNet and VGG16 models were employed for classification. K-Fold cross-validation was used to enhance model robustness and the reliability of evaluation. Experimental results show that the VGG16 model achieved superior performance, with 90.11% accuracy and a standard deviation of 1.39%, outperforming AlexNet, which attained 88.11% accuracy.","2025","2026-01-24 00:34:04","2026-01-24 00:34:04","","343-344","","","","","","","","","","","IEEE","","","","","","","","","","","/home/aalejoz25/Zotero/storage/74AMWRM3/Zhang et al. - 2025 - Application of Deep Learning-Based Visual Recognition for the Prevention of Rose Leaf Mite Damage.pdf","","Deep Learning; Agriculture; Image Recognition","","","","","","","","","","","","","","","","","","","","","","","","","","","","","","","","","","","","","","","","","","","","","","",""
"2HYVSISX","conferencePaper","2024","Krishnan, Hari; Priyadharshini, K.; Gowsic, M.; Mahesh, N.; Vijayananth, S.; Sudhakar, P.","Retraction Notice: Plant disease analysis using image processing in MATLAB","2019 IEEE International Conference on System, Computation, Automation and Networking (ICSCAN)","978-1-7281-1525-2","","10.1109/icscan46389.2019.10702764","","","2024-03","2026-01-24 00:34:04","2026-01-24 00:34:04","","1","","","","","","","","","","","IEEE","","","","","","","","","","","/home/aalejoz25/Zotero/storage/JR9PE5VA/Krishnan et al. - 2024 - Retraction Notice Plant disease analysis using image processing in MATLAB.pdf","","","","","","","","","","","","","","","","","","","","","","","","","","","","","","","","","","","","","","","","","","","","","","","","",""
"CKZDTXJ4","conferencePaper","2023","Rayed, Md Eshmam; Abdullah-Al-Akib; Alfaz, Nazia; Niha, Sadia Islam; Islam, S. M. Sajibul","A vision transformer-based approach for recognizing seven prevalent mango leaf diseases","2023 26th International Conference on Computer and Information Technology, ICCIT 2023","979-8-3503-5901-5","","10.1109/ICCIT60459.2023.10441449","http://dx.doi.org/10.1109/ICCIT60459.2023.10441449","Plant diseases, particularly affecting fruit crops, pose a significant challenge to the worldwide supply of fresh food due to their direct impact on the quality of fruits, resulting in an overall decline in agricultural production. The traditional approach of detecting leaf diseases in fruit plants requires farmers to undertake manual inspection which exhibits a lack of reliability and consistency. Moreover, the manual inspection procedure is prone to errors due to its reliance on the farmer's knowledge and skill. Mango referred to as the ""king of all fruits"", is renowned for its rich composition of various vitamins and vital nutrients. Mangoes are susceptible to many diseases that adversely damage their visual appeal, and flavor, and have significant implications on the overall economy. The identification of diseases affecting mango plant leaves using automated recognition remains a challenge due to the diverse range of symptoms and limited availability of data. There have been several deep learning-based research studies focused on identifying diseases in mango leaves; however, the majority of these studies have employed a convolutional neural network (CNN) trained on a small number of data. This study presents a Vision Transformer (ViT) based approach to detect diseases in mango leaves using publicly available data namely MangoLeafBD. The ViT model has been selected as the detection model due to its parameter efficiency compared to deep CNN models. The ViT has produced remarkable overall classification accuracy of 100%, precision of 100%, recall of 100%, and f1-score of 100% for disease detection on mango leaves which is better than the existing CNN approaches on the MangoLeafBD dataset. This demonstrates that our approach has the potential to assist farmers in the field by providing automated, simple, and more reliable mango leaf disease diagnosis.","2023","2026-01-24 00:34:04","2026-01-24 00:34:04","","1-6","","","","","","","","","","","IEEE","","","","","","","","","","","/home/aalejoz25/Zotero/storage/PV74U6Y3/Rayed et al. - 2023 - A vision transformer-based approach for recognizing seven prevalent mango leaf diseases.pdf","","Deep learning; Image classification; Mango leaf disease; Vision Transformer (ViT)","","","","","","","","","","","","","","","","","","","","","","","","","","","","","","","","","","","","","","","","","","","","","","",""
"BARGI5CG","conferencePaper","2024","Janjua, Ubaid ur Rehman; Maimaitijiang, Maitiniyazi; Millett, Bruce; Yabwalo, Dalitso; Dilmurat, Kamila; Billah, Mohammad Maruf; Khan, Shahid Nawaz; Shires, Madalyn; Sehgal, Sunish K.; Ali, Shaukat","Wheat Fusarium Head Blight Disease Severity Estimation using UAS Multispectral Imagery and Machine Learning","2024 International Conference on Frontiers of Information Technology, FIT 2024","979-8-3315-1050-3","","10.1109/FIT63703.2024.10838453","http://dx.doi.org/10.1109/FIT63703.2024.10838453","Wheat is an important primary crop that feeds billions of people worldwide. Wheat diseases, particularly Fusarium Head Blight (FHB), often have severe effects on yield quality and the health of humans and livestock. Traditional field-based methods for monitoring wheat diseases are time-consuming and inefficient. Remote sensing approach, particularly the use of aerial imaging via Uncrewed Aircraft Systems (UAS) has become an essential tool for fine-scale and rapid field scouting and crop disease monitoring in recent years. This study investigates the potential of combining high-resolution UAS multispectral imagery with machine learning (ML) methods to detect FHB disease severity. Two experimental wheat fields were set up in Brookings, South Dakota, USA, in 2022. The severity of FHB disease was assessed periodically through visual observation, with synchronous UAS flights collecting multispectral imagery. UAS-based canopy spectral and texture features were derived and used as input variables to develop ML-based classification and regression models to estimate FHB disease severity. Conventional ML methods such as Support Vector Machine (SVM) and Random Forest (RF), along with deep learning models like Deep Neural Network (DNN) and One-Dimensional Convolutional Neural Network (1D-CNN), were employed. SVM demonstrated superior performance in both classification and regression analyses for predicting FHB disease severity levels, achieving an overall accuracy of 0.80 using texture features in classification and an R2 of 0.73 using spectral features in regression. The results show that both spectral and texture features are important features for estimating wheat FHB disease severity. UAS remote sensing, coupled with ML-based approaches, provides a rapid and accurate method to assess FHB disease severity at a fine scale over large areas.","2024","2026-01-24 00:34:04","2026-01-24 00:34:04","","1-6","","","","","","","","","","","IEEE","","","","","","","","","","","/home/aalejoz25/Zotero/storage/6UY5L2RT/Janjua et al. - 2024 - Wheat Fusarium Head Blight Disease Severity Estimation using UAS Multispectral Imagery and Machine L.pdf","","machine learning; Fusarium Head Blight (FHB); spectral features; texture features; Uncrewed Aircraft Systems (UAS)","","","","","","","","","","","","","","","","","","","","","","","","","","","","","","","","","","","","","","","","","","","","","","",""
"TD7MCHXZ","conferencePaper","2022","Rekha, K. S.; Phaneendra, H. D.; Gandha, B. C. Shri; Rohan, H.; Niranjan, B. N. Sai; Badrinat, Chitrala","Disease Detection in Tomato Plants Using CNN","2022 IEEE 3rd Global Conference for Advancement in Technology, GCAT 2022","978-1-6654-6853-4","","10.1109/GCAT55367.2022.9972186","http://dx.doi.org/10.1109/GCAT55367.2022.9972186","Tomato is one of the highest yield cash crops in the World and is produced in large quantity to fulfil the huge market demand. In India tomato season prevails throughout the year and has high commercial value, it is harvested four times a year based on the geo location. Diseases indirectly affect the quality and yield of the crops. In this regard always prevention is better than cure is the best way to go, so early diseases detection plays a crucial role for high quality yielding and plays a crucial role in scientific agricultural practice with proper pesticides for specific category of disease. The objective of the study is to categorise tomato diseases using deep hidden layers of Convolution Neural Network (CNN),for the identification and classifying 8different classes of diseases in tomato leaf with an accuracy around 94.17%, our model which uses CNN allows the farmers to get an accurate disease prediction based on the photo uploaded by them and remedies for the diseases is suggested, the processing of image is done by using feature extraction methods where feature such as shape, colour, and texture are taken in consideration.","2022-10","2026-01-24 00:34:04","2026-01-24 00:34:04","","1-6","","","","","","","","","","","IEEE","","","","","","","","","","","/home/aalejoz25/Zotero/storage/BMBJ44TV/Rekha et al. - 2022 - Disease Detection in Tomato Plants Using CNN.pdf","","Convolution Neural Network (CNN)","","","","","","","","","","","","","","","","","","","","","","","","","","","","","","","","","","","","","","","","","","","","","","",""
"QYMPJTHF","conferencePaper","2014","Pujari, Jagadeesh D.; Yakkundimath, Rajesh; Byadgi, Abdulmunaf S.","Identification and classification of fungal disease affected on agriculture/horticulture crops using image processing techniques","2014 IEEE International Conference on Computational Intelligence and Computing Research, IEEE ICCIC 2014","978-1-4799-3972-5","","10.1109/ICCIC.2014.7238283","http://dx.doi.org/10.1109/ICCIC.2014.7238283","This paper presents a study on the image processing techniques used to identify and classify fungal disease symptoms affected on different agriculture/horticulture crops. Many diseases exhibit general symptoms that are be caused by different pathogens produced by leaves, roots etc. Images Often do not possess sufficient details to assist in diagnosis, resulting in waste of time, misshaping the diagnostician to arrive at incorrect diagnosis. Farmers experience great difficulties and also in changing from one disease control policy to another i.e. intensive use of pesticides. Farmers are also concerned about the huge costs involved in these activities and severe loss. The cost intensity, automatic correct identification and classification of diseases based on their particular symptoms is very useful to farmers and also agriculture scientists. Early detection of diseases is a major challenge in horticulture / agriculture science. Development of proper methodology, certainly of use in these areas. Plant diseases are caused by bacteria, fungi, virus, nematodes, etc., of which fungi is the main disease causing organism. The present study has been focused on early detection and classification of fungal disease and its related symptoms.","2014","2026-01-24 00:34:04","2026-01-24 00:34:04","","1-4","","","","","","","","","","","IEEE","","","","","","","","","","","/home/aalejoz25/Zotero/storage/LPD2FPD5/Pujari et al. - 2014 - Identification and classification of fungal disease affected on agriculturehorticulture crops using.pdf","","agriculture crops; fungal disease; horticulture crops; pattern recognition","","","","","","","","","","","","","","","","","","","","","","","","","","","","","","","","","","","","","","","","","","","","","","",""
"K7HCQSV7","journalArticle","2023","Shen, Shuangqian; Zhan, Chuansong; Yang, Chenkun; Fernie, Alisdair R.; Luo, Jie","Metabolomics-centered mining of plant metabolic diversity and function: Past decade and future perspectives","Molecular Plant","","1674-2052","10.1016/j.molp.2022.09.007","http://dx.doi.org/10.1016/j.molp.2022.09.007","","2023","2026-01-24 00:34:04","2026-01-24 00:34:04","","43-63","","1","16","","","","","","","","Elsevier BV","","","","","","","","","","","/home/aalejoz25/Zotero/storage/4RRJSCWU/Shen et al. - 2023 - Metabolomics-centered mining of plant metabolic diversity and function Past decade and future persp.pdf","","","","","","","","","","","","","","","","","","","","","","","","","","","","","","","","","","","","","","","","","","","","","","","","",""
"4X42USNJ","journalArticle","2024","Safari, Yonasi; Nakatumba-Nabende, Joyce; Nakasi, Rose; Nakibuule, Rose","A Review on Automated Detection and Assessment of Fruit Damage Using Machine Learning","IEEE Access","","21693536","10.1109/ACCESS.2024.3362230","http://dx.doi.org/10.1109/ACCESS.2024.3362230","Automation improves the quality of fruits through quick and accurate detection of pest and disease infections, thus contributing to the country's economic growth and productivity. Although humans can identify the fruit damage caused by pests and diseases, the methods used are inconsistent, time-consuming, and variable. The surface features of fruits typically observed by consumers who seek their health benefits affect their market value. The issue of pest and disease infections further deteriorates fruits' quality, becoming a mounting stressor on farmers since they reduce the potential revenue from fruit production, processing, and export. This article reviews various studies on detecting and classifying damages in fruits. Specifically, we review articles where state-of-the-art approaches under segmentation, image processing, machine learning, and deep learning have proved effective in developing automated systems that address hurdles associated with manual methods of assessing damage using visual experiences. This survey reviews thirty-two journal and conference papers from the past thirteen years that were found electronically through Google Scholar, Scopus, IEEE, ScienceDirect, and standard online searches. This survey further presents a detailed discussion of previous research done in the past while emphasizing their strengths and limitations as well as outlining potential future research topics. It also reveals that much as the use of automated detection and classification of fruit damage has yielded promising results in the horticulture industry, more research is still needed with systems required to fully automate the detection and classification processes, especially those that are mobile phone-based towards addressing occlusion challenges.","2024","2026-01-24 00:34:04","2026-01-24 00:34:04","","21358-21381","","","12","","","","","","","","Institute of Electrical and Electronics Engineers (IEEE)","","","","","","","","","","","/home/aalejoz25/Zotero/storage/S2UPW4II/Safari et al. - 2024 - A Review on Automated Detection and Assessment of Fruit Damage Using Machine Learning.pdf","","deep learning; classification; Fruit damage detection; image analysis; segmentation","","","","","","","","","","","","","","","","","","","","","","","","","","","","","","","","","","","","","","","","","","","","","","",""
"7KJD5N5V","journalArticle","2026","Mapuranga, Johannes; Yang, Wenxiang","Harnessing biological control and advanced technologies for sustainable wheat rust management: An integrated approach","Pesticide Biochemistry and Physiology","","10959939","10.1016/j.pestbp.2025.106931","http://dx.doi.org/10.1016/j.pestbp.2025.106931","Wheat rusts caused by biotrophic fungi of the genus Puccinia continuously threaten global wheat production and food security. The rapid evolution of virulent races, and the limitations of chemical fungicides, including environmental contamination, human health concerns, and resistance development, necessitate a shift towards integrated management strategies. This review explores biocontrol agents (BCAs), including fungal (Trichoderma spp., Cladosporium cladosporioides), bacterial (Bacillus subtilis , Pseudomonas spp.), and actinomycetes (Streptomyces spp.), as foundational components of wheat rusts management. We highlight their modes of action such as mycoparasitism, antibiosis, competition, and the induction of systemic resistance. Additionally, we explore how cutting-edge adjunct technologies can enhance the efficacy and sustainability of BCAs. These include nano-formulations, for targeted antimicrobial actions and plant defense potentiation; plant extracts and antimicrobial peptides as natural defense elicitors; and artificial intelligence (AI) tools, for presymptomatic detection, severity quantification, epidemic forecasting, and early warning systems that enable precise application of BCAs and nano-formulations. While BCAs, nanoformulations, plant extracts and AI-driven tools offer powerful, environmentally benign alternatives capable of significantly reducing reliance on synthetic chemicals, chemical fungicides remain an essential component of current wheat rusts management, particularly during severe epidemics or when rapid knockdown of inoculum is required. A truly integrated and sustainable strategy therefore combines these novel approaches with the judicious, resistance-management-oriented use of effective chemical fungicides applied according to economic thresholds and in rotation or mixture to delay resistance development, thereby maximizing durability and minimizing environmental impact. However, the successful translation of this strategy to the field hinges on overcoming key challenges in formulation stability, scalable production, and seamless integration into existing and chemical-based agricultural practices to mitigate the impact of wheat rusts and safeguard global wheat yields and food security.","2026-03","2026-01-24 00:34:04","2026-01-24 00:34:04","","106931","","","218","","","","","","","","Elsevier BV","","","","","","","","","","","/home/aalejoz25/Zotero/storage/FDXRDQYA/Mapuranga and Yang - 2026 - Harnessing biological control and advanced technologies for sustainable wheat rust management An in.pdf","","Artificial intelligence; Biocontrol agents; Chemical fungicides; Integrated disease management; Nanoparticles; Puccinia spp.; Wheat rusts","","","","","","","","","","","","","","","","","","","","","","","","","","","","","","","","","","","","","","","","","","","","","","",""
"8JU6PDWC","journalArticle","2025","Baek, Insuck; Cha, Minhyeok; Lim, Seunghyun; Irish, Brian M.; Oh, Sookyung; Bhatt, Jishnu; Upadhyay, Rakesh K.; Kim, Moon S.; Meinhardt, Lyndel W.; Park, Sunchung; Ahn, Ezekiel","Integrated phenotypic analysis, predictive modeling, and identification of novel trait-associated loci in a diverse Theobroma cacao collection","BMC Plant Biology","","14712229","10.1186/s12870-025-07128-y","http://dx.doi.org/10.1186/s12870-025-07128-y","Background: Cacao (Theobroma cacao L.) breeding and improvement rely on understanding germplasm diversity and trait architecture. This study characterized a cacao collection (173 accessions) evaluated in Puerto Rico, examining phenotypic diversity, trait interrelationships, and performing comparative analyses with published Trinidad and Colombia datasets. We also developed machine learning (ML) models for yield prediction and identified yield-associated SNP markers. Results: The cacao collection showed significant phenotypic variation and strong intra-collection trait correlations. Comparative analyses revealed conserved trait responses across environments, notably linking susceptibility to black pod rot in Puerto Rico with Witches' Broom Disease in Colombia, suggesting a broad-spectrum disease response mechanism. Machine learning models effectively modeled yield, quantifying a hierarchy of predictor importance, with ‘Total pods', ‘Infection rate', and ‘Pod weight' being the most influential. Integrating existing SNP data for 28 common accessions, multiple SNPs were identified as significantly associated with key horticultural traits, including ‘Total pods', ‘Infection rate', and ‘Yield' (FDR < 0.01). Notably, a single genetic marker on chromosome 5 (TcSNP475), located within a putative zinc finger stress-associated protein gene (Tc05_t008610), was associated with both ‘Total pods' and ‘Yield', representing a prime target for marker-assisted selection. Conclusions: This research provides a detailed characterization of a wide germplasm collection, robust yield predictors, and a suite of novel trait-linked genetic markers, offering valuable resources for cacao breeding. These integrated findings will provide a solid foundation for targeted breeding strategies and deeper molecular investigations into the mechanisms underpinning yield and stress resilience in this vital global crop.","2025","2026-01-24 00:34:04","2026-01-24 00:34:04","","","","1","25","","","","","","","","Springer Science and Business Media LLC","","","","","","","","","","","/home/aalejoz25/Zotero/storage/PHUC43Y5/Baek et al. - 2025 - Integrated phenotypic analysis, predictive modeling, and identification of novel trait-associated lo.pdf","","","","","","","","","","","","","","","","","","","","","","","","","","","","","","","","","","","","","","","","","","","","","","","","",""
"E5Y62QNP","conferencePaper","2023","Mathew, Deepthy; Kumar, C. Sathish; Cherian, K. Anita","Classification of leaf spot diseases in banana using pre-trained convolutional neural networks","2023 International Conference on Control, Communication and Computing, ICCC 2023","979-8-3503-3412-8","","10.1109/ICCC57789.2023.10165629","http://dx.doi.org/10.1109/ICCC57789.2023.10165629","Banana is a leading fruit crop in the global market and is grown all over the world. However, its production and trade are severely affected by the diseases caused by fungi, bacte- ria and viruses. Early diagnosis and management of such diseases are essential to avoid the yield loss. This paper demonstrates a deep learning based automated algorithm for the classification of three important leaf spot diseases in banana namely, Sigatoka, Cordana and Deightoneilla. Images of banana leaves infected with these diseases have been applied to four augmented pre-trained convolutional neural networks and their performance in disease classification is compared. An accuracy of 91.7% is achieved on the model with DenseNet 121 backbone.","2023-05","2026-01-24 00:34:04","2026-01-24 00:34:04","","1-5","","","","","","","","","","","IEEE","","","","","","","","","","","/home/aalejoz25/Zotero/storage/VCFM5ZLW/Mathew et al. - 2023 - Classification of leaf spot diseases in banana using pre-trained convolutional neural networks.pdf","","DenseNet; Leaf diseases; Musa; pre-trained convolutional neural networks; transfer-learning models","","","","","","","","","","","","","","","","","","","","","","","","","","","","","","","","","","","","","","","","","","","","","","",""
"IXUQK5EU","conferencePaper","2021","Sangeevan, Siventhirarajah","Deep learning-based pesticides prescription system for leaf diseases of home garden crops in Sri Lanka","Proceedings - International Research Conference on Smart Computing and Systems Engineering, SCSE 2021","978-1-6654-0965-0","","10.1109/SCSE53661.2021.9568308","http://dx.doi.org/10.1109/SCSE53661.2021.9568308","The study proposes a deep learning-based pesticides prescription system for leaf diseases of home garden crops in Sri Lanka. It is an intelligent system to get suitable pesticides prescriptions for plant leaf diseases. Home gardening has become popular and is rapid because of the current pandemic situation. However, plant diseases are a major problem in gardening activities, even in a home garden or in a commercial garden. Identifying and finding a solution for the plant disease is a big challenge for home gardeners rather than commercial farmers. The proposed system of deep learning-based pesticides prescription system for leaf diseases of home garden crops in Sri Lanka will be the best solution for identifying and finding a solution to the plant diseases. The system is using a trained model for prescribing pesticides. The model was built using the deep learning method and trained in the supervised learning process. The convolutional neural network algorithm was used in the model. Transfer learning with AlexN et pre-trained model was used to increase the performance in the proposed solution and the best accuracy of 88.64 % was achieved in the experiments.","2021-09","2026-01-24 00:34:04","2026-01-24 00:34:04","","94-98","","","","","","","","","","","IEEE","","","","","","","","","","","/home/aalejoz25/Zotero/storage/FC54CAP6/Sangeevan - 2021 - Deep learning-based pesticides prescription system for leaf diseases of home garden crops in Sri Lan.pdf","","convolutional neural network; Machine Learning; leaf diseases; pesticides","","","","","","","","","","","","","","","","","","","","","","","","","","","","","","","","","","","","","","","","","","","","","","",""
"GRIY6K7F","journalArticle","2023","Bajpai, Abhishek; Tyagi, Titiksha","An Efficient Approach to Detect and Predict the Tomato Leaf Disease Using Enhance Segmentation Neural Network","SN Computer Science","","26618907","10.1007/s42979-023-02262-6","http://dx.doi.org/10.1007/s42979-023-02262-6","The agricultural sector plays a crucial role in the Indian economy. According to the Economic Survey of India 2020–21 report, production in FY21 was recorded at 303.34 million tonnes. India is the world's second-largest producer of tomatoes, both in terms of area and production. In India, tomato is one of the most important and highly consumed vegetable crops. Tomatoes are highly nutritional and thus good for human health. It makes a substantial contribution to the GDP. Being economically valuable, it is produced in large quantities. Because of adverse environmental conditions, several diseases are caused by bacteria, fungi and viruses in various parts of tomato plants. Diseases result in the loss of production and thus farmers have to face huge economic losses. In order to help the farmers, early detection of diseases is needed to be done using the latest and most accurate methods. In this paper, the ES-CNN model(Enhancement Seg- mentation CNN model) is proposed in which mean filtering and CLAHE are performed for the image enhancement step and K-means clustering is used for the image segmentation. ResNet-50, a CNN architecture, has been used for feature extraction and classification of images.","2023-10","2026-01-24 00:34:04","2026-01-24 00:34:04","","","","6","4","","","","","","","","Springer Science and Business Media LLC","","","","","","","","","","","/home/aalejoz25/Zotero/storage/E6XMFJ7W/Bajpai and Tyagi - 2023 - An Efficient Approach to Detect and Predict the Tomato Leaf Disease Using Enhance Segmentation Neura.pdf","","Disease detection; Image segmentation; Mean filtering; Neural network","","","","","","","","","","","","","","","","","","","","","","","","","","","","","","","","","","","","","","","","","","","","","","",""
"D5NTMJRL","conferencePaper","2008","Li, Ting; Yang, Jingfeng; Peng, Xiaoqin; Chen, Zhimin; Luo, Chengyang","Prediction and early warning method for flea beetle based on semi-supervised learning algorithm","Proceedings - 4th International Conference on Natural Computation, ICNC 2008","978-0-7695-3304-9","","10.1109/ICNC.2008.371","http://dx.doi.org/10.1109/ICNC.2008.371","The prediction and early warning for vegetable crop diseases and insect pests commonly based on experts' knowledge of plant protection while math modeling methods are used to analyze the associated data quantitatively scarcely. This paper takes advantage of labeled historical data to extract association rules as the supervised information, and combining with the use of the unsupervised learning method iterative self- organizing data analysis techniques algorithm (ISODATA) to establish the model semi-supervised learning algorithm for predicting and early warning vegetable pest flea beetle. Semi-supervised learning algorithm not only obtains a high accuracy of supervised learning method, but also takes advantage of the flexibility of unsupervised learning method, which is significative for both research and practice. The experimental results of Guangdong vegetable pest flea beetle show the prediction and early warning accuracy of semi-supervised learning method provides a higher accuracy rate than that of k-mean clustering, support vector machine and RBF neural network in the same condition. ©2008 IEEE.","2008","2026-01-24 00:34:04","2026-01-24 00:34:04","","217-221","","","4","","","","","","","","IEEE","","","","","","","","","","","/home/aalejoz25/Zotero/storage/C4P5EE3F/Li et al. - 2008 - Prediction and early warning method for flea beetle based on semi-supervised learning algorithm.pdf","","Association rules; Flea beetle; ISODATA; Prediction and early warning; Semi-supervised learning","","","","","","","","","","","","","","","","","","","","","","","","","","","","","","","","","","","","","","","","","","","","","","",""
"URCKUUFZ","conferencePaper","2025","Rawat, Priyanka; Gupta, Kiran","Image Processing in Crop Quality Assessment and Disease Detection of Okra Using CNN with U- NET","2025 International Conference on Sustainability, Innovation &amp; Technology (ICSIT)","979-8-3315-3549-0","","10.1109/ICSIT65336.2025.11293878","https://ieeexplore.ieee.org/document/11293878/","","2025-08","2026-01-24 00:34:04","2026-01-24 00:34:04","","1-5","","","","","","","","","","","IEEE","","","","","","","","","","","/home/aalejoz25/Zotero/storage/TVZU2LXX/Rawat and Gupta - 2025 - Image Processing in Crop Quality Assessment and Disease Detection of Okra Using CNN with U- NET.pdf","","","","","","","","","","","","","","","","","","","","","","","","","","","","","","","","","","","","","","","","","","","","","","","","",""
"YZSRBSPL","conferencePaper","2025","Dhavane, Prachi Goraksha; Mangave, Tejaswi G.; Deshmukh, Tejaswini S.; Kajale, Pooja P.","A Review on Deep Learning and Transfer Learning Models: Grape Leaf Disease Detection","Proceedings of the 2025 3rd International Conference on Inventive Computing and Informatics, ICICI 2025","979-8-3315-3830-9","","10.1109/ICICI65870.2025.11069612","http://dx.doi.org/10.1109/ICICI65870.2025.11069612","Grapes are the most significant fruit crops which contain several vitamins and minerals such as vitamins K, and B, as well as copper. Grape plants can be greatly affected by different diseases including grape esca, isariopsis leaf spot, black rot, powdery mildew or downy mildew, and so on. These diseases impact the entire grape's quality and yield. Early detection of grape leaf disease is essential to reduce economic costs and disease progression. However, various existing approaches pose certain challenges including computational cost, real-time detection, illumination, and occlusion as well as misclassification. This survey analyzes recent works using the machine learning, deep learning, and transfer learning techniques for grape leaf disease diagnosis in the form of dataset availability, disease severity estimation, and computational resources. Among other techniques, deep learning shows superior performance results and a better capability to extract features. Additionally, this research analyzes various performance metrics and the limitations of existing approaches.","2025-06","2026-01-24 00:34:04","2026-01-24 00:34:04","","1013-1018","","","","","","","","","","","IEEE","","","","","","","","","","","/home/aalejoz25/Zotero/storage/Y8F483NG/Dhavane et al. - 2025 - A Review on Deep Learning and Transfer Learning Models Grape Leaf Disease Detection.pdf","","Image processing; deep learning; Grape leaf disease; Machine learning techniques; Transfer learning","","","","","","","","","","","","","","","","","","","","","","","","","","","","","","","","","","","","","","","","","","","","","","",""
"TKTIAWGA","conferencePaper","2024","Lavanya, K.; Packialatha, A.","A Mango Disease Prediction for Smart Agiculture using Machine Learning Algorithms","8th International Conference on I-SMAC (IoT in Social, Mobile, Analytics and Cloud), I-SMAC 2024 - Proceedings","979-8-3503-7642-5","","10.1109/I-SMAC61858.2024.10714657","http://dx.doi.org/10.1109/I-SMAC61858.2024.10714657","The country's economy relies heavily on agriculture, and the health of the crops is essential to its success. Crop diseases that go undetected can cost the agriculture industry. Thus early detection and identification are crucial. It is possible to avoid crop diseases from destroying the harvest if they are accurately diagnosed and detected. Because healthy and diseased plants appear identical in their early stages, farmers cannot distinguish between the two by watching the crop leaf. India exports vast mangoes, making it an economically and environmentally significant fruit. About 1500 mango species are grown in India, with over 1000 commercial types. There are a lot of diseases that harm mangoes, affecting their look, taste, and economy. The ""Prediction of Disease in Mango Fruit Crops""A complex warning system that uses machine learning and IoT. One of the main objectives is to develop a system that can forecast disease outbreaks on mango fruit harvests using historical weather information and crop yield Mango trees in India are plagued by a fungus called Anthracnose, which is the most frequent disease of its kind. Anthracnose, a highly contagious fungus, requires a quick and accurate method of diagnosis. As a result, an in-depth examination of the plants is essential before initiating any control measures. This study examines machine learning(ML) and deep learning (DL) strategies for detecting and classifying mango plant diseases. The performance of ML and DL-based classification models for mango crops and their datasets and feature extraction approachesare examined in this work. Finally, a variety of issues involved in plant disease identification are explored.","2024-10","2026-01-24 00:34:04","2026-01-24 00:34:04","","1530-1537","","","","","","","","","","","IEEE","","","","","","","","","","","/home/aalejoz25/Zotero/storage/XTDX8FGX/Lavanya and Packialatha - 2024 - A Mango Disease Prediction for Smart Agiculture using Machine Learning Algorithms.pdf","","Machine Learning; Disease Detection; deep learning; Internet of Things; Precision Farming; Temparature","","","","","","","","","","","","","","","","","","","","","","","","","","","","","","","","","","","","","","","","","","","","","","",""
"NS4NQZRF","conferencePaper","2024","Chavan, Sandip; Ingle, D. R.","Optimizing Vegetable Yield Forecasting with Machine Learning Using Soil and Weather Data","2024 International Conference on Artificial Intelligence and Quantum Computation-Based Sensor Applications, ICAIQSA 2024 - Proceedings","979-8-3315-1795-3","","10.1109/ICAIQSA64000.2024.10882354","http://dx.doi.org/10.1109/ICAIQSA64000.2024.10882354","The majority of people in India depend mostly on agriculture for their livelihood, which also contributes substantially to the country's economy. However, there is still room for improvement and expansion in the agricultural sector's use of technology. Because they can handle huge datasets, recognize patterns, and make predictions or classifications without being specifically trained for each circumstance, machine learning and deep learning have transformed research in numerous domains Accurate and helpful information on many topics is also crucial in farming, in addition to improvements in agricultural apparatus and technology. Remote sensors, satellite photos, and surveys are used to gather this data. Vegetable farming plays a crucial role in meeting the growing global demand for nutritious food. However, unpredictable weather patterns and suboptimal soil conditions can often hinder crop yields, posing significant challenges for farmers. This study aims to address this issue by using machine learning techniques to analyze soil properties, weather patterns, and crop data to provide tailored suggestions for crop selection, which can ultimately increase vegetable yields and promote sustainable farming practices. The research methodology involved collecting extensive data from diverse vegetable farms, including soil samples, weather records, and crop performance metrics over multiple seasons. Using machine learning algorithms, this dataset was processed to develop predictive models that assess the impact of various soil characteristics and weather factors on crop growth and productivity. The developed models were validated on a separate dataset, and the results demonstrated their high accuracy and reliability. The findings of this study suggest that machine learning can be a valuable tool for vegetable farmers to make informed decisions about crop management, leading to increased yields and improved sustainability.","2024-12","2026-01-24 00:34:04","2026-01-24 00:34:04","","1-6","","","","","","","","","","","IEEE","","","","","","","","","","","/home/aalejoz25/Zotero/storage/7C6RKAXF/Chavan and Ingle - 2024 - Optimizing Vegetable Yield Forecasting with Machine Learning Using Soil and Weather Data.pdf","","Machine learning; SVM; KNN; Logistic Regression; Prediction; random forest","","","","","","","","","","","","","","","","","","","","","","","","","","","","","","","","","","","","","","","","","","","","","","",""
"3NIZSS9T","conferencePaper","2023","Gurunathan, K.; Bharathkumar, V.; Meeran, M. Haji Ali; Hariprasath, K.; Jidendiran, R.","Classification of Cultivars Employing the Alexnet Technique Using Deep Learning","Proceedings of the 9th International Conference on Biosignals, Images, and Instrumentation, ICBSII 2023","979-8-3503-3817-1","","10.1109/ICBSII58188.2023.10181087","http://dx.doi.org/10.1109/ICBSII58188.2023.10181087","The recognition of hybrid fruits by humans is considered a challenging task as fruits exist in various colors, sizes, shapes, and textures. In the marketplace, where prediction of fruits, vegetables, and pulses by retailers and the general public is very difficult. In this paper, we have recognised two different classes of fruits, vegetables, and pulses and categorised them based on the stages of their existence and maturity in a procedure called fruit maturity classification. Crop distribution, good fruit counts, crop harvesting, crop disease detection, weed management, and production forecasting are all aspects of managing water and soil and are just a few of the smart agricultural applications that employ robust learning (DL). The finest deep learning is what this project seeks to produce in algorithms for estimating fruit quality and ripeness in order to forecast fruit shelf life. Manual vegetable and fruit detection is a hard process when done in large numbers, but it becomes easy when done in small amounts. Automated detection of these is thus used. Fruit, crop, and pulse images served as the input for the first stage of processing, which included detection. Background removal, extraction of colour and texture properties, and categorization comprised the three steps of the process. The K-means clustering method was used for background subtraction. Statistical attributes were used to pinpoint colour characteristics. This research proposes a simple and effective method for detecting fruits and predicting their nutrition information using deep Alex networks (DAN). The datasets used in the investigation were obtained from the Fruit 360 library of image processing problems. Apples, berries, bananas, grapes, papaya, peaches, avocados, and various apple tastes are among the fruit groups. The trials are also carried out on a variety of additional fruit samples gathered from various Web archives. The network design consists of three fully linked layers, including the max pooling and RELU levels, and five convolution layers. 227∗227∗3 photos should be used as input for 96 filters that are 11∗11∗3 and have a stride length of 4.","2023-03","2026-01-24 00:34:04","2026-01-24 00:34:04","","1-7","","","","","","","","","","","IEEE","","","","","","","","","","","/home/aalejoz25/Zotero/storage/SUS2IAPJ/Gurunathan et al. - 2023 - Classification of Cultivars Employing the Alexnet Technique Using Deep Learning.pdf","","Deep Learning; Machine Learning; Fruits; Hybrid; Vegetables","","","","","","","","","","","","","","","","","","","","","","","","","","","","","","","","","","","","","","","","","","","","","","",""
"2X4B4GBU","conferencePaper","2016","Swetha, K.; Venkataraman, Veena; Sadhana, G. D.; Priyatharshini, R.","Hybrid approach for anthracnose detection using intensity and size features","Proceedings - 2016 IEEE International Conference on Technological Innovations in ICT for Agriculture and Rural Development, TIAR 2016","978-1-5090-0615-1","","10.1109/TIAR.2016.7801208","http://dx.doi.org/10.1109/TIAR.2016.7801208","Anthracnose is a group of fungal diseases that affect a variety of plants in warm, humid areas. Commonly infecting the developing shoots and leaves, anthracnose fungi (usually Colletotrichum or Gloeosporium) produce spores in tiny, sunken, saucer-shaped fruiting bodies known as acervuli. Symptoms include sunken spots or lesions (blight) of various colors in leaves, stems, fruits, or flowers. This reduces the agricultural production significantly. Hence there is a need to detect this disease at the earliest. This paper is based on the determination of lesion areas affected by anthracnose by segmenting them using thresholding segmentation technique. The lesion areas are identified by dark spots on the surface of the leaf or the fruit. The percentage of affected area is determined by taking the size and intensity of the spots into consideration. We have considered three types of fruit namely mango, apple and tomato for our work. The developed methodology consists of two phases. In the first phase, the segmentation technique namely region growing is employed for separating anthracnose affected lesion areas from normal area. In the second phase, these affected areas are graded by calculating the percentage of affected area The work finds application in developing a machine vision system in horticulture field.","2016-07","2026-01-24 00:34:04","2026-01-24 00:34:04","","28-32","","","","","","","","","","","IEEE","","","","","","","","","","","/home/aalejoz25/Zotero/storage/IV9NZVFY/Swetha et al. - 2016 - Hybrid approach for anthracnose detection using intensity and size features.pdf","","thresholding; segmentation; anthracnose; Colletotrichum; lesions","","","","","","","","","","","","","","","","","","","","","","","","","","","","","","","","","","","","","","","","","","","","","","",""
"ZUZ7B5WT","conferencePaper","2023","Prasad, Sanjana; Haniya, K. Umme; Zeenathunnisa, Syeda; Tahir, Mohammed; Sulaiman, Mohammed","Deep learning based Automatic Indoor Plant Management System using Arduino","2023 4th IEEE Global Conference for Advancement in Technology, GCAT 2023","979-8-3503-0525-8","","10.1109/GCAT59970.2023.10353399","http://dx.doi.org/10.1109/GCAT59970.2023.10353399","Normal plant management systems relies majorly on human monitoring and care. Some of the disadvantages are uneven watering, inadequate nutrition supply to the plants, time consuming, lack in precision of plant health parameters, not having real time visibility, inefficient resource usage of water and energy. In order to overcome these drawbacks, a deep learning-based Plant management system is proposed in this work. By automating the system, there are several advantages. In this project, an Arduino Based Plant Automation System that waters plants automatically based on the amount of soil moisture detected by the sensors is designed. The device provide fertilizer based on detecting plant diseases through image processing software. Some advantages of the proposed system include Accurate Monitoring of plants health parameters. Automated watering, fertilizing, providing real time alerts and notifications, improved plant health and growth, energy and resource efficiency, remote access and control etc. Some areas where this system can be deployed are Smart homes, Indoor gardening, Horticulture research, Sustainable Agriculture and Vertical Farming.","2023-10","2026-01-24 00:34:04","2026-01-24 00:34:04","","1-5","","","","","","","","","","","IEEE","","","","","","","","","","","/home/aalejoz25/Zotero/storage/SQ5GGSKG/Prasad et al. - 2023 - Deep learning based Automatic Indoor Plant Management System using Arduino.pdf","","Deep learning; Arduino; Plant Management System; Smart Agriculture","","","","","","","","","","","","","","","","","","","","","","","","","","","","","","","","","","","","","","","","","","","","","","",""
"Y8FPA5X6","conferencePaper","2023","Kumar, S. Sandeep; Divakarla, Usha","Mulberry Leaves Diseases and Disease Identification Techniques","International Conference on Integrated Intelligence and Communication Systems, ICIICS 2023","979-8-3503-1545-5","","10.1109/ICIICS59993.2023.10421635","http://dx.doi.org/10.1109/ICIICS59993.2023.10421635","In sericulture, the young caterpillars of the common silk moth, also known as 'Bombyx Mori,' are the most widely used species of silkworm. For the purpose of raising silkworms, mulberry plants are grown. Mulberry leaves are the main source of food for silkworms. Mulberry leaves are an important economic factor in sericulture because they directly influence the quality and quantity of cocoons produced per unit area. Mulberry leaf diseases cause both a loss in leaf quality and a reduction in leaf yield. Feeding silkworms diseased leaves has an effect on both the quality of the silk produced and the number of cocoons formed. Traditional techniques have been used to detect diseases. However, plant pathologists or agricultural professionals have traditionally used empty-eye observation to find leaf diseases. It takes a lot of labour and in-depth understanding of plant illnesses to detect diseases in plant leaves using this approach, which may be unreliable, time-consuming, and lucrative. Therefore, it is crucial to maintain regular watchfulness and employ effective disease diagnosis methods to safeguard mulberry leaves from various disease attacks.","2023-11","2026-01-24 00:34:04","2026-01-24 00:34:04","","1-7","","","","","","","","","","","IEEE","","","","","","","","","","","/home/aalejoz25/Zotero/storage/L6B83UTK/Kumar and Divakarla - 2023 - Mulberry Leaves Diseases and Disease Identification Techniques.pdf","","Bombyx Mori; Co-coon; Mulberry Leaf; Silkworm","","","","","","","","","","","","","","","","","","","","","","","","","","","","","","","","","","","","","","","","","","","","","","",""
"DJ5RGMCV","conferencePaper","2024","Pushpa, P.; Priyanka, M.; Somu, C. S.; Venitha, E.; Savija, J.; Mohanaprakash, T. A.","Deep Learning Based Classification and Prediction on Vegetable Crop Leaf","4th IEEE International Conference on Mobile Networks and Wireless Communications, ICMNWC 2024","979-8-3503-5293-1","","10.1109/ICMNWC63764.2024.10872206","http://dx.doi.org/10.1109/ICMNWC63764.2024.10872206","Globally speaking, India is a country that is growing quickly. Crop diseases pose a severe danger to food security, yet they are still hard to identify. Due to their reliance on a manually created feature extraction process, these systems' accuracy has reached its peak. This approach classification method needs to incorporate CNN to surpass grading accuracy for tomato leaf pestilence. To properly describe and categorize tomato infections, the Deep Learning algorithm is used. Using a sample of 3000 frames of tomato leaves with nine various pestilences and a better and healthier leaf, the full simulation was carried out using Google Colab. The targeted area of the input photographs is first segregated from the genuine snaps after preprocessing the input images. Second, the frames are further processed using various CNN model hyper-parameters. CNN also extracts additional qualities from frames, such as colours, borders, and textures. The results reveal that the predictions made by the demonstrated replica are 98.49% precise.","2024-12","2026-01-24 00:34:04","2026-01-24 00:34:04","","1-7","","","","","","","","","","","IEEE","","","","","","","","","","","/home/aalejoz25/Zotero/storage/UFGS2V5M/Pushpa et al. - 2024 - Deep Learning Based Classification and Prediction on Vegetable Crop Leaf.pdf","","deep learning; convolution neural network; decision tree; tomato crop leaf","","","","","","","","","","","","","","","","","","","","","","","","","","","","","","","","","","","","","","","","","","","","","","",""
"BMEMK9Y9","conferencePaper","2023","Kavitha, M.; Senthilkumar, S.; Kalaivani, K.; Saranya, E.; Arunkumar, P.; Malu, V.","Smart Environment and Plant Disease Monitoring with Analysis System in Agricultural Field","3rd IEEE International Conference on ICT in Business Industry and Government, ICTBIG 2023","979-8-3503-4327-4","","10.1109/ICTBIG59752.2023.10456200","http://dx.doi.org/10.1109/ICTBIG59752.2023.10456200","Agriculture is deemed to be the most significant segment in India. The main objective of this research work is to monitor plant diseases and analyze the system using a smartphone. The remote monitoring framework, including temperature, stickiness and soil humidity sensors, a microcontroller, an ultrasonic sensor, a camera, and a GSM module is validated for effective environment observation. The technology could offer a fresh method for farming to obtain information related to agriculture. In this monitoring system of agricultural diseases, the main aim is to achieve disease monitoring information and collections of the results are detected by Android application through GSM. ARM processor is used for analog to digital converter (ADC) and sends the gathered information to portable through GSM. An IP web camera is occasionally empowered to catch the plant leaf picture for disease checking and an ultrasonic sensor is utilized with the end goal of plant development checking. It uses a soil battery to drive the temperature sensor to foster plant development checking framework and plant infection observation, likewise adaptive android application to screen such circumstances by utilizing this innovation to accomplish a green hardware framework.","2023-12","2026-01-24 00:34:04","2026-01-24 00:34:04","","1-6","","","","","","","","","","","IEEE","","","","","","","","","","","/home/aalejoz25/Zotero/storage/E9L6BFTN/Kavitha et al. - 2023 - Smart Environment and Plant Disease Monitoring with Analysis System in Agricultural Field.pdf","","Smart agriculture; GSM; Plant disease monitoring; Wireless sensor networks","","","","","","","","","","","","","","","","","","","","","","","","","","","","","","","","","","","","","","","","","","","","","","",""
"S2ZW29GP","conferencePaper","2022","Garg, Surbhi; Dixit, Divya; Yadav, Sudeept Singh","Disease Detection in Plants Using KNN Algorithm","Proceedings - 2022 4th International Conference on Advances in Computing, Communication Control and Networking, ICAC3N 2022","978-1-6654-7436-8","","10.1109/ICAC3N56670.2022.10074491","http://dx.doi.org/10.1109/ICAC3N56670.2022.10074491","India is widely acknowledged as the world's fundamental producer of spices, grains, rice harvests etc. The characteristics of theyield, that defined by the plants growth and harvest. As a result, disease identification in plants is critical in the sector of cultivation. Plants are highly prone to infections, that disturb the plant's progress &, as a result, disrupt the natural balance of the agronomist. The need for an automatic disease detection process is advantageous in identifying a plant disease at an early stage.Pre-processing, feature extraction, segmentation, and classification are all steps in plant disease detection algorithms.The performance of the KNN classifier is examined, and it is discovered that the KNN classifier has higher accuracy and less fault detection than other techniques.","2022-12","2026-01-24 00:34:04","2026-01-24 00:34:04","","938-943","","","","","","","","","","","IEEE","","","","","","","","","","","/home/aalejoz25/Zotero/storage/BBK9PA7L/Garg et al. - 2022 - Disease Detection in Plants Using KNN Algorithm.pdf","","GLCM; K-means; KNN; Plant Disease Detection","","","","","","","","","","","","","","","","","","","","","","","","","","","","","","","","","","","","","","","","","","","","","","",""
"NSSEI9KZ","conferencePaper","2024","Sharma, Rishabh; Nagpal, Manish","Branching Out: A Simple 5-Level Classification of Magnolia Scale Diseases Using a Combination of CNN and DT Models","2024 5th IEEE Global Conference for Advancement in Technology, GCAT 2024","979-8-3503-7668-5","","10.1109/GCAT62922.2024.10923907","http://dx.doi.org/10.1109/GCAT62922.2024.10923907","Checking and sorting Magnolia Scale diseases is very important for keeping plants healthy and making sure they get the best crop output in farming. In this work, introduce a new mix using Convolutional Neural Networks (CNN) and Decision Trees (DT). It helps to sort Magnolia Scale diseases into five agreed severity levels. The mix of CNN and DT models does well. It gets 96 out of 100 right at guessing how bad the infestation with the Magnolia Scale is. Using what's known as transfer learning, the CNN part takes important features from an existing deep learning system. Then it adjusts these learned features to special traits of a set of Magnolia Scale images for disease identification after fine-tuning. After that, adding the results from a process called CNN into a group of choices helps make the model better. It also makes it strong and gives exact levels for how serious something is. Accuracy measurements such as precision, recall, and F1-scores above 90% across all disease severity levels show that the model is dependable and accurate in spotting different stages of illnesses. The research shows that the mixed model can be very important in disease control plans for gardening. It provides accurate and sure evaluation skills needed to find diseases early on so action can be taken quickly. This study sets the building blocks for improving ways of checking diseases and it looks promising to change disease control methods in plants outside Magnolia. This could improve plant health and make farming more sustainable without just thinking about Magnolia flowers.","2024-10","2026-01-24 00:34:04","2026-01-24 00:34:04","","1-5","","","","","","","","","","","IEEE","","","","","","","","","","","/home/aalejoz25/Zotero/storage/U6ZDP4KL/Sharma and Nagpal - 2024 - Branching Out A Simple 5-Level Classification of Magnolia Scale Diseases Using a Combination of CNN.pdf","","Horticulture; Convolutional Neural Networks; Disease severity classification; Hybrid models; Magnolia Scale; Plant disease assessment","","","","","","","","","","","","","","","","","","","","","","","","","","","","","","","","","","","","","","","","","","","","","","",""
"XMUL4DML","conferencePaper","2016","Massi, Ismail El; Es-Saady, Youssef; Yassa, Mostafa El; Mammass, Driss; Benazoun, Abdeslam","Automatic Recognition of the Damages and Symptoms on Plant Leaves Using Parallel Combination of Two Classifiers","2016 13th International Conference on Computer Graphics, Imaging and Visualization (CGiV)","","","10.1109/cgiv.2016.34","http://dx.doi.org/10.1109/CGiV.2016.34","","2016-03","2026-01-24 00:34:04","2026-01-24 00:34:04","","","","","","","","","","","","","IEEE","","","","","","","","","","","/home/aalejoz25/Zotero/storage/DRWR9QMD/Massi et al. - 2016 - Automatic Recognition of the Damages and Symptoms on Plant Leaves Using Parallel Combination of Two.pdf","","","","","","","","","","","","","","","","","","","","","","","","","","","","","","","","","","","","","","","","","","","","","","","","",""
"2QZ5KNMU","conferencePaper","2025","Kaur, Jashanpreet; Singh, Gurpreet; Jagadish, Sripelli; Salami, Zaeid Ajsan","Indoor Greenery Identification: A ResNet-50 and SVM-Based Approach for Plant Species Recognition","2025 IEEE International Conference on Interdisciplinary Approaches in Technology and Management for Social Innovation, IATMSI 2025","979-8-3315-2169-1","","10.1109/IATMSI64286.2025.10985113","http://dx.doi.org/10.1109/IATMSI64286.2025.10985113","The accurate identifications of houseplant species are very important applications in horticulture, biodiversity conservation, and plant disease management. This research paper presents an approach for classification of house-plant species by focusing on the identification of various plants commonly found in indoor environments. In the model, a hybrid architecture is used in which ResNet-50 is combined with an SVM classifier implemented using the PyTorch deep learning (DL) framework. It utilizes the Adam optimizer to train efficiently. The dataset consists of images of various house plants, categorized into 47 classes with a total of 15,131 images. The ResNet-50 DL architecture has been used and, as an SVM classifier, has performed multi-class classification. The dataset has been divided into training (80%) and testing (20%) sets. The model has been trained for 10 epochs. The proposed model has achieved an impressing accuracy of 98.80%, thereby proving to identify plant species in a more precise manner. As shown by the loss curve, training and validation loss decreased steadily throughout the process. This apparently indicates that the model converged appropriately. The results demonstrate how the SVM-ResNet-50 hybrid is capable of alleviating complex image classification tasks. The major challenge for this experiment was the model's insensitivity to changes caused in images by lighting and angles. Further work in the future will focus on enriching the model through more augmentation techniques and data augmentation to enhance generalization and robustness. Another possible improvement of the model is to implement attention mechanisms to better concentrate on important features.","2025-03","2026-01-24 00:34:05","2026-01-24 00:34:05","","1-6","","","","","","","","","","","IEEE","","","","","","","","","","","/home/aalejoz25/Zotero/storage/WTDPH5PT/Kaur et al. - 2025 - Indoor Greenery Identification A ResNet-50 and SVM-Based Approach for Plant Species Recognition.pdf","","image classification; DL; House plant species identification; plant classification; plant species detection; ResNet-50; SVM classifier","","","","","","","","","","","","","","","","","","","","","","","","","","","","","","","","","","","","","","","","","","","","","","",""
"MTVZTWP8","conferencePaper","2017","Padol, Pranjali B.; Sawant, S. D.","Fusion classification technique used to detect downy and Powdery Mildew grape leaf diseases","Proceedings - International Conference on Global Trends in Signal Processing, Information Computing and Communication, ICGTSPICC 2016","978-1-5090-0467-6","","10.1109/ICGTSPICC.2016.7955315","http://dx.doi.org/10.1109/ICGTSPICC.2016.7955315","Grape constitutes one of the most widely grown fruit crop in the India. Manual observation of experts is used in practice for detection of leaf diseases, which takes more time for further control action. Without accurate disease diagnosis, proper control actions cannot be taken at appropriate time. This is where modern agriculture technique is required to detect and prevent the leaf from different diseases. This paper aims to introduce a new approach for detection of grape leaf diseases using image processing, which will minimize the loss and increase its profit due to automation. In this system, classification is done using Support Vector Machine (SVM) and Artificial Neural Network (ANN) classifies separately. A new classifier is proposed using fusion classification technique which ensembles classifiers from SVM and ANN to regenerate base classifier for grape leaf disease detection. Based on detection of disease the proper mixture of fungicides will be provided to the grape farmers.","2017-12","2026-01-24 00:34:05","2026-01-24 00:34:05","","298-301","","","","","","","","","","","IEEE","","","","","","","","","","","/home/aalejoz25/Zotero/storage/BZB6S9Z5/Padol and Sawant - 2017 - Fusion classification technique used to detect downy and Powdery Mildew grape leaf diseases.pdf","","Image Processing; K-means clustering; Leaf diseases detection; Artificial Neural Network (ANN); Fusion Classification Technique; Support Vector Machine (SVM)","","","","","","","","","","","","","","","","","","","","","","","","","","","","","","","","","","","","","","","","","","","","","","",""
"5NRDXYXX","conferencePaper","2024","Joshi, Akanksha; Badola, Arjun; Saini, Rashmi","Deep Learning Based Fruit Crop Disease Classification Using Plants Leaf Imagery","Proceedings - 1st International Conference on Electronics, Communication and Signal Processing, ICECSP 2024","979-8-3503-6459-0","","10.1109/ICECSP61809.2024.10698492","http://dx.doi.org/10.1109/ICECSP61809.2024.10698492","Agriculture plays an important role in the economy, providing nutrition, food, and livelihoods to billions of people in this world. Fruits are a vital component of a balanced diet, acting as a rich source of antioxidants, vitamins, minerals, and fibres. To ensure its proper supply to the market, early diagnosis and treatment of fruit crop disease can play a significant role. In order to make this process quicker and more accurate, Deep learning (DL) techniques can be of immense help. In the proposed study, the implementation of four DL models: Visual Geometry Group VGG16, VGG19, EfficientNet-B0, and MobileNet is done on a subset of the Plant Village database, constituting 7,233 leaf images of apples and grapes divided into 8 different classes. Evaluation is done through various metrics, namely Precision, Recall, F1-score and Specificity. All the DL models performed well by attaining accuracy above 95%. MobileNet performed best among all DL models by achieving an accuracy of 99.38%, while VGG16, VGG19, and EfficientNet-B0 achieved an accuracy of 96.75%, 98.69% and 98.76% respectively.","2024-08","2026-01-24 00:34:05","2026-01-24 00:34:05","","1-6","","","","","","","","","","","IEEE","","","","","","","","","","","/home/aalejoz25/Zotero/storage/5527N88V/Joshi et al. - 2024 - Deep Learning Based Fruit Crop Disease Classification Using Plants Leaf Imagery.pdf","","Deep Learning; Convolutional Neural Network (CNN); classification; Crop Disease; EfficientNet-B0; MobileNet; VGG16; VGG19","","","","","","","","","","","","","","","","","","","","","","","","","","","","","","","","","","","","","","","","","","","","","","",""
"XCXR4PKD","conferencePaper","2022","Nagesh, A. Seetharam; Balaji, G. N.","Deep Learning Approach for Recognition and Classification of Tomato Fruit Diseases","2022 International Conference on Data Science, Agents and Artificial Intelligence, ICDSAAI 2022","979-8-3503-3384-8","","10.1109/ICDSAAI55433.2022.10028790","http://dx.doi.org/10.1109/ICDSAAI55433.2022.10028790","Diseases devastate food crops, causing significant losses for farmers and jeopardising food security, resulting in a low production rate. Health monitoring and disease detection are critical for sustainable agriculture. Monitoring the fruit diseases manually is extremely difficult. It necessitates a significant amount of work, knowledge of fruit diseases, and an extended processing time. Hence, deep learning is used to detect fruit diseases with high accuracy. This paper proposes the method to detect the tomato fruit diseases in color images. In the proposed method, convolutional neural network is used for extracting the features and classification. Further, the augmentation strategy is applied on existing samples to create the dataset with large number of samples. The convolutional neural network method based on VGG16 will be used to train augmented data for recognition and classification of tomato diseases. The results of the CNN after testing affirms that the tomato disease can be predicted efficiently, and it can be utilised for early detection purpose.","2022-12","2026-01-24 00:34:05","2026-01-24 00:34:05","","1-6","","","","","","","","","","","IEEE","","","","","","","","","","","/home/aalejoz25/Zotero/storage/HCPRBLB5/Nagesh and Balaji - 2022 - Deep Learning Approach for Recognition and Classification of Tomato Fruit Diseases.pdf","","Disease detection; Deep Learning; VGG16; Convolutional Neural Network","","","","","","","","","","","","","","","","","","","","","","","","","","","","","","","","","","","","","","","","","","","","","","",""
"YMDZJVL4","conferencePaper","2024","Julian, Anitha; Jaiganesh, V.; Thirumurugan, O. T.; Moses, B. Isreal","PepperShield: Disease Detection with Hyper Tuned Precision","Proceedings - 2024 IEEE 16th International Conference on Communication Systems and Network Technologies, CICN 2024","979-8-3315-0526-4","","10.1109/CICN63059.2024.10847513","http://dx.doi.org/10.1109/CICN63059.2024.10847513","A popular vegetable crop, bell peppers (Capsicum annuum) are prized for both their economic significance and nutritional advantages. Bell peppers, like many other crops, are prone to a number of illnesses brought on by bacteria, fungi, viruses, and environmental conditions. These diseases can drastically lower the harvest's quality and output. Preventing crop losses and guaranteeing food security depends on the early identification and precise classification of these diseases. Conventional plant disease detection techniques usually entail professional manual inspection, which can be expensive, time-consuming, and prone to human mistakes. Recent developments in machine learning and artificial intelligence (AI) have opened new possibilities for automating agricultural disease diagnosis. By contrasting two different models, one created from scratch and the other improved with hyperparameter tuning, this effort seeks to utilize CNNs' potential for bell pepper disease prediction and classification. The main goal is to investigate how CNN model performance is affected by adjusting important hyperparameters like learning rate, batch size, and the number of training epochs. Metrics including accuracy, precision, recall, and F1-score will be used to train and assess the models using preprocessed picture data of both healthy and diseased bell peppers. By providing a scalable, AI-driven method for real-time disease diagnosis in bell pepper crops, this research holds significance for precision agriculture.","2024-12","2026-01-24 00:34:05","2026-01-24 00:34:05","","1242-1248","","","","","","","","","","","IEEE","","","","","","","","","","","/home/aalejoz25/Zotero/storage/PXW2HR6R/Julian et al. - 2024 - PepperShield Disease Detection with Hyper Tuned Precision.pdf","","Precision agriculture; Agricultural AI solutions; Bell pepper disease detection; Convolutional Neural Networks (CNN); Crop health monitoring; Deep learning in agriculture; Disease prediction in crops; Hyperparameter tuning","","","","","","","","","","","","","","","","","","","","","","","","","","","","","","","","","","","","","","","","","","","","","","",""
"UJNWS9Y8","conferencePaper","2024","Ariffin, Muhammad Hakimi Zamzuri; Harun, Mokhtar; Amizi, Hafiz Haziq; Rashid, Rozeha A.","Effect of Hyperparameter Tuning to Fruit Quality Detection Using Convolutional Neural Network","Conference Proceedings - IEEE International Conference on Advanced Telecommunication and Networking Technologies: Empowering Telecommunication Technologies for Sustainable Future, ATNT 2024","979-8-3503-5350-1","","10.1109/ATNT61688.2024.10719249","http://dx.doi.org/10.1109/ATNT61688.2024.10719249","Malaysia's agricultural sector plays a crucial role in the nation's economy and food security. One of the most pressing issues is the difficulty in identifying and addressing fruit damage early in the production cycle. Current manual inspection methods are labor-intensive, time-consuming, and prone to human error. Convolutional Neural Network (CNN) is a useful tool that help in automatically learning and recognizing pattern in image and to determine the quality of the fruit in agriculture industry. This project is focusing on building CNN machine learning for image classification and detection of fruit quality. The CNN model is being trained with 3 different data sets which are apple, damage apple and potato. The model is trained for two-class-set (apple, damage_apple) and three-class-set (apple, damage_apple and potato) with 1000 and 1500 images consecutively. The experimental results in this study demonstrate that the hyperparameter adjustment of machine learning algorithms has varying effects on fruit quality detection.","2024-09","2026-01-24 00:34:05","2026-01-24 00:34:05","","1-4","","","","","","","","","","","IEEE","","","","","","","","","","","/home/aalejoz25/Zotero/storage/RN9JEPW5/Ariffin et al. - 2024 - Effect of Hyperparameter Tuning to Fruit Quality Detection Using Convolutional Neural Network.pdf","","Machine Learning; Convolutional Neural Network (CNN); Hyperparameter tuning; Fruit detection","","","","","","","","","","","","","","","","","","","","","","","","","","","","","","","","","","","","","","","","","","","","","","",""
"VL9GIU25","conferencePaper","2015","Baquero, Douglas; Molina, Juan; Gil, Rodrigo; Bojacá, Carlos; Franco, Hugo; Gómez, Francisco","An image retrieval system for tomato disease assessment","2014 19th Symposium on Image, Signal Processing and Artificial Vision, STSIVA 2014","978-1-4799-7666-9","","10.1109/STSIVA.2014.7010156","http://dx.doi.org/10.1109/STSIVA.2014.7010156","Tomato represents an important vegetable crop worldwide. During cropping cycle several diseases and abnormal conditions may affect tomato plants resulting on considerable losses of production. A precise identification of these pathologies in early phases is fundamental for the implementation of control strategies. Nevertheless, the right identification of symptoms of plants diseases require highly specialized knowledge and facilities, which are not available for small growers. Recently, computer vision tools have been proposed as an alternative for tomato diseases characterization. These works mainly focus on identification of affected regions and classification tasks. Nevertheless, non-specialists may lack of clarity about what they are looking for during the assessment. In these cases, Content Based Image Retrieval (CBIR) systems can be helpful as a complementary strategy to improve the quality of the search by allowing exploration of databases with supplementary information. This work presents a novel strategy for image retrieval of tomato leaves for greenhouse crops suitable to support disease diagnosis. The strategy is based on color structure descriptors and nearest neighbors. Experimental results show that the proposed approach can successfully characterize in several abnormal conditions, such as, chlorosis, sooty moulds and early blight.","2015-09","2026-01-24 00:34:05","2026-01-24 00:34:05","","1-5","","","","","","","","","","","IEEE","","","","","","","","","","","/home/aalejoz25/Zotero/storage/46B32KA6/Baquero et al. - 2015 - An image retrieval system for tomato disease assessment.pdf","","","","","","","","","","","","","","","","","","","","","","","","","","","","","","","","","","","","","","","","","","","","","","","","",""
"S9Z4NY2Y","conferencePaper","2023","Anusha, M. N.; Prafulla, P. S.; Prabhavathi, K.; Divyashree, R. H.; Kiran; Srividya, C. N.","Intelligent Recognition of Leaf Abnormalities Using Deep Learning Method","International Conference on Recent Advances in Science and Engineering Technology, ICRASET 2023","979-8-3503-0692-7","","10.1109/ICRASET59632.2023.10420037","http://dx.doi.org/10.1109/ICRASET59632.2023.10420037","Deep Neural Networks (DNNs) have significantly improved the detection of different diseases affecting plants. The impact of unidentified and untreated plant diseases is to reduce crop yield significantly, as they negatively affect the quality and quantity of horticultural and agricultural products. Therefore, early recognition of plant diseases is essential for improving crop quality and reducing production losses. To this end, a modern framework has been developed that incorporates image acquisition and analysis, utilizing DNN models to calculate various evaluation metrics such as Recall, F1 scaling, accuracy, and precision. By diversifying the results, it becomes possible to differentiate between healthy and bacterial plant leaves. The proposed methodology has been tested on two types of plants - pepper, and potato - and can determine the percentage of infection on plant leaves.","2023-11","2026-01-24 00:34:05","2026-01-24 00:34:05","","1-5","","","","","","","","","","","IEEE","","","","","","","","","","","/home/aalejoz25/Zotero/storage/LP66EZWW/Anusha et al. - 2023 - Intelligent Recognition of Leaf Abnormalities Using Deep Learning Method.pdf","","Classification; Deep Neural Networks (DNNs); Image Acquisition; Pepper Plant Leaf; Plant Leaf; Potato Plant Leaf","","","","","","","","","","","","","","","","","","","","","","","","","","","","","","","","","","","","","","","","","","","","","","",""
"BJLPZF59","conferencePaper","2023","Suthar, Falguni; Padhya, Kuldeep; Joshi, Ritesh; Parikh, Satyen; Panthakkan, Alavikunhu; Mansoor, Wathiq","An Extensive Evaluation of Plant Disease Detection Using Diverse Machine Learning Approaches","2023 6th International Conference on Signal Processing and Information Security, ICSPIS 2023","979-8-3503-2959-9","","10.1109/ICSPIS60075.2023.10343735","http://dx.doi.org/10.1109/ICSPIS60075.2023.10343735","Plant sicknesses fundamentally affect horticultural efficiency and food security. In order to minimize widespread damage and maximize crop yield, it is essential to detect these diseases promptly and accurately. Automating the process of detecting plant diseases has been shown to be a promising application of machine learning techniques in recent years. This study presents a comprehensive analysis of various machine learning techniques applied to the task of plant disease detection. This study investigates the use of different AI procedures for plant illness recognition. Convolutional neural networks (CNNs), support vector machines (SVMs), random forests, and k-nearest neighbors (KNNs) are just a few of the algorithms that are compared in this study. Feature extraction from diseased plant images is the first step in our experiment, followed by model training and validation. The results demonstrate the efficacy of machine learning in accurately identifying plant diseases based on visual symptoms. The findings provide insights into the strengths and limitations of each technique, paving the way for further research in automated and precise plant disease diagnosis to enhance agricultural sustainability.","2023-11","2026-01-24 00:34:05","2026-01-24 00:34:05","","151-155","","","","","","","","","","","IEEE","","","","","","","","","","","/home/aalejoz25/Zotero/storage/TTMJPK7Y/Suthar et al. - 2023 - An Extensive Evaluation of Plant Disease Detection Using Diverse Machine Learning Approaches.pdf","","CNN; SVM; Agriculture; KNN; Machine learning methods; Plant diseases detection","","","","","","","","","","","","","","","","","","","","","","","","","","","","","","","","","","","","","","","","","","","","","","",""
"XIHW3ZZJ","conferencePaper","2024","Gautam, Vinay; Maheshwari, Himani; Tiwari, Raj Gaurang; Agarwal, Ambuj Kumar; Trivedi, Naresh Kumar; Garg, Naveen","Feature Fusion Approach with Inception-RestNet and Canonical Correlation Analysis for Strawberry Leaf Disease Detection","Proceedings - 2nd International Conference on Advancement in Computation and Computer Technologies, InCACCT 2024","979-8-3503-7131-4","","10.1109/InCACCT61598.2024.10551189","http://dx.doi.org/10.1109/InCACCT61598.2024.10551189","Strawberries are one of the most demanding horticulture crops due to their flavor and nutritional value. Therefore, the demand for strawberries growing yearly and production of the same is very low. The prime factor of low production is leaf disease because the crop is susceptible to various types of leaf diseases. This causes huge financial losses every year to the farmers. Therefore, adequate action is needed to save strawberry crops from diseases and effectively manage their spread. Farmers were completely dependent on expert skilled personnel to identify crop diseases that may be the reason for the loss of crop yield. Therefore, this research proposed a novel deep-learning method to recognize plant leaf disease to optimize losses. However, with the invention of this method, it is easy to recognize different disease patterns within the plant leaf. The research proposed a feature fusion-based deep learning model named FFIR (Feature Fusion with Inception-RestNet) for recognizing leaf diseases. The features were extracted with a composition of the Inception-RestNet model. Later, the extracted features are fused in a fusion matrix using canonical correlation analysis (CCA). Afterward, the classification was performed with a Convolution Neural network. The proposed model outperformed with an accuracy of 99.34%.","2024-05","2026-01-24 00:34:05","2026-01-24 00:34:05","","288-292","","","","","","","","","","","IEEE","","","","","","","","","","","/home/aalejoz25/Zotero/storage/HZBZWVF5/Gautam et al. - 2024 - Feature Fusion Approach with Inception-RestNet and Canonical Correlation Analysis for Strawberry Lea.pdf","","deep learning; pre-trained models; Strawberry leaf disease; transformer","","","","","","","","","","","","","","","","","","","","","","","","","","","","","","","","","","","","","","","","","","","","","","",""
"HVC4VTQC","conferencePaper","2019","Luna, Robert G. De; Dadios, Elmer P.; Bandala, Argel A.; Vicerra, Ryan Rhay P.","Tomato Fruit Image Dataset for Deep Transfer Learning-based Defect Detection","Proceedings of the IEEE 2019 9th International Conference on Cybernetics and Intelligent Systems and Robotics, Automation and Mechatronics, CIS and RAM 2019","978-1-7281-3458-1","","10.1109/CIS-RAM47153.2019.9095778","http://dx.doi.org/10.1109/CIS-RAM47153.2019.9095778","Tomato is considered as one of the vegetable crops with highest demand in the Philippines. Job of the farmers does not end after harvesting since the harvested tomatoes needed to be sorted according to its size. Manual sorting is the most widely recognized strategy in sorting but is very dependent on human interpretation and thus, very prone to error. This research proposed a solution that provides sorting of tomato fruit by detection of presence of defect. The study presented the generation of image dataset for a deep learning approach detection of defects based from a single tomato fruit image. Models were implemented using OpenCV libraries and Python programming. A total of 1200 tomato images classified as no defect and with defect are gathered using the improvised image capturing box. These images are used for the training, validation, and testing of the three deep learning models namely; VGG16, InceptionV3, and ResNet50. From this, 240 images are used as testing images to assess independently the performance of the trained models using accuracy and F1-score as performance metrics. Experiment results shown that VGG16 has 95.75-95.92-98.75 training-validation-testing accuracy percentage performance, 56.38-59.24-58.33 for the InceptionV3 model, and 90.58-58.46-64.58 for the ResNet50. Comparative analysis revealed that VGG16 is the best deep learning model to be used in the detection of presence of defect in the tomato fruit based from the dataset gathered.","2019-11","2026-01-24 00:34:05","2026-01-24 00:34:05","","356-361","","","","","","","","","","","IEEE","","","","","","","","","","","/home/aalejoz25/Zotero/storage/HCYIJMTD/Luna et al. - 2019 - Tomato Fruit Image Dataset for Deep Transfer Learning-based Defect Detection.pdf","","image processing; deep transfer learning; solanum lycopersicum; tomato defect detection","","","","","","","","","","","","","","","","","","","","","","","","","","","","","","","","","","","","","","","","","","","","","","",""
"6EFS769B","conferencePaper","2020","Maimaitiyiming, Matthew; Maimaitijiang, Maitiniyazi; Sidike, Paheding; Sagan, Vasit; Migicovsky, Zoe; Chitwood, Daniel H.; Cousins, Peter; Dokoozlian, Nick; Miller, Allison J.; Kwasniewski, Misha","Modeling Early Indicators of Grapevine Physiology Using Hyperspectral Imaging and Partial Least Squares Regression (PLSR)","International Geoscience and Remote Sensing Symposium (IGARSS)","978-1-7281-6374-1","","10.1109/IGARSS39084.2020.9323679","http://dx.doi.org/10.1109/IGARSS39084.2020.9323679","In this contribution, we use field-based hyperspectral imaging (HSI) and partial least squares regression (PLSR) to estimate early indicators of grapevine physiological indicators, and analyze identified significant spectral regions for fast and accurate plant health monitoring. HSI and physiological measurements were carried out at two commercial vineyards in California, USA. The PLSR models were developed between reflectance spectra extracted from hyperspectral images and four vine physiological parameters, including stomatal conductance (Gs) photosynthetic CO2 rate (A), intercellular CO2 concentration (Ci) and transpiration rate (E). The results demonstrate PLSR models to predict physiological parameters (\mathrm{R}^{2}\geq 0.6), and the best model was found for \mathrm{G}-{\mathrm{s}}\ (\mathrm{R}^{2}=0.7). The identified significant spectral regions overlap with most commonly used remote sensing stress indicator, suggesting that HSI coupled with PLSR has great potential for upscaling and broader agricultural applications.","2020-09","2026-01-24 00:34:05","2026-01-24 00:34:05","","1117-1120","","","","","","","","","","","IEEE","","","","","","","","","","","/home/aalejoz25/Zotero/storage/4WF3MKZV/Maimaitiyiming et al. - 2020 - Modeling Early Indicators of Grapevine Physiology Using Hyperspectral Imaging and Partial Least Squa.pdf","","Hyperspectral imaging; Grapevine; Physiology; PLSR; Stress","","","","","","","","","","","","","","","","","","","","","","","","","","","","","","","","","","","","","","","","","","","","","","",""
"LHU27KSH","conferencePaper","2024","Chaudhari, Lalit R.; Tidke, Abhishek V.; Gupta, Pooja S.; Patel, Prashant; Hudnurkar, Shipla","Roses Plant Disease Detection using DenseNet121 Model","2024 International Conference on Intelligent Systems and Advanced Applications (ICISAA)","","","10.1109/icisaa62385.2024.10828973","http://dx.doi.org/10.1109/ICISAA62385.2024.10828973","","2024-10","2026-01-24 00:34:05","2026-01-24 00:34:05","","1-5","","","","","","","","","","","IEEE","","","","","","","","","","","/home/aalejoz25/Zotero/storage/IQAI7DP6/Chaudhari et al. - 2024 - Roses Plant Disease Detection using DenseNet121 Model.pdf","","","","","","","","","","","","","","","","","","","","","","","","","","","","","","","","","","","","","","","","","","","","","","","","",""
"4NC9Q4WD","conferencePaper","2024","Yashu; Kukreja, Vinay; Srivastava, Prateek; Garg, Ashish","Fruitful Fusion: CNN-Random Forest Synergy in Banana Ripeness Detection","2024 IEEE International Conference on Information Technology, Electronics and Intelligent Communication Systems, ICITEICS 2024","979-8-3503-8269-3","","10.1109/ICITEICS61368.2024.10625429","http://dx.doi.org/10.1109/ICITEICS61368.2024.10625429","This research paper introduces a new methodology for detecting the maturity of bananas by combining Convolutional Neural Networks (CNN) with Random Forest. The objective is to tackle the pressing need for automated evaluation of fruit quality in the field of agriculture. The experimental configuration included the use of Windows 11 as the operating system, an i5 processor as the central processing unit, and the Colab platform, which together facilitated efficient testing. The model had a notable overall accuracy rate of 86.97%, indicating its strong categorization skills. Additionally, the F1 score, which is calculated as the harmonic mean of accuracy and recall, exhibited an average value of 87.00, therefore emphasising the model's well-balanced performance. The precision scores showed a range of 81.97% to 91.37%, which signifies the level of accuracy in positive forecasts across various ripeness categories. The use of a hybrid strategy efficiently leveraged the feature extraction capabilities of Convolutional Neural Networks (CNN) and the ensemble learning technique of Random Forest to achieve accurate and dependable classification. The findings indicate a significant development in the precise identification of fruit maturity, showcasing potential implications in enhancing harvest procedures and reducing post-harvest wastage. This research establishes a foundation for the development of enhanced and automated techniques for evaluating the quality of fruits, hence offering potential advantages to the agriculture sector.","2024-06","2026-01-24 00:34:05","2026-01-24 00:34:05","","1-6","","","","","","","","","","","IEEE","","","","","","","","","","","/home/aalejoz25/Zotero/storage/W9I5M5HA/Yashu et al. - 2024 - Fruitful Fusion CNN-Random Forest Synergy in Banana Ripeness Detection.pdf","","Deep Learning; Agriculture; Banana; CNN-Random forest; Crop; Diseases; Fruit; Health","","","","","","","","","","","","","","","","","","","","","","","","","","","","","","","","","","","","","","","","","","","","","","",""
"R3YHQMCG","conferencePaper","2023","Yashu; Kukreja, Vinay; Madan, Karun; Singh, Amitoj; Kumar, Deepak","Advancing Pear Disease Recognition: A Hybrid CNN-Random Forest Approach","2023 3rd International Conference on Smart Generation Computing, Communication and Networking, SMART GENCON 2023","979-8-3503-1912-5","","10.1109/SMARTGENCON60755.2023.10442719","http://dx.doi.org/10.1109/SMARTGENCON60755.2023.10442719","The pear is a key fruit in the horticultural sector, renowned for its adaptability and nutritional value. In recent years, the effects of climate change have increased dramatically. It is influencing all stages of plant production and compelling farmers to adopt new technologies based on data analytics to modify and adapt their crop management practices. Every year, plant diseases are proven to cause significant economic losses. This study introduces a novel method for automating the recognition of pear disease using a synergistic combination of Convolutional Neural Networks (CNN) and Random Forest. A meticulously collected and annotated dataset containing 3,150 high-resolution images of pear leaves in various disease states was compiled. The proposed system's exceptional accuracy of 77.2% signifies a significant advance in agricultural technology. The CNN module is optimised for robust feature extraction, which enables the model to recognise intricate patterns and textures that are characteristic of various pear diseases. Utilising the collective intelligence of a collection of decision trees, a Random Forest classifier is used to refine classification. This study demonstrates the potential of deep learning-based models in the detection and handling of pear disease, which can result in substantial enhancements to pear production and food security.","2023-12","2026-01-24 00:34:05","2026-01-24 00:34:05","","1-5","","","","","","","","","","","IEEE","","","","","","","","","","","/home/aalejoz25/Zotero/storage/ALGHNPW7/Yashu et al. - 2023 - Advancing Pear Disease Recognition A Hybrid CNN-Random Forest Approach.pdf","","CNN; deep learning; random forest; disease recognition; fruit; pear","","","","","","","","","","","","","","","","","","","","","","","","","","","","","","","","","","","","","","","","","","","","","","",""
"WP3CETTV","conferencePaper","2024","Kaur, Arshleen; Kukreja, Vinay; Rana, Deepak Singh; Garg, Ashish; Sharma, Rishabh","Deep Insights into Mango Scab: An AI-Powered Approach for Detection and Classification","2024 4th International Conference on Advances in Electrical, Computing, Communication and Sustainable Technologies, ICAECT 2024","979-8-3503-4367-0","","10.1109/ICAECT60202.2024.10468676","http://dx.doi.org/10.1109/ICAECT60202.2024.10468676","The mango, which comes from the plant genus Mangifera indica L., is a fruit crop that is well-regarded all over the world due to its scrumptious flavor and noteworthy nutritional profile. The illness known as mango scab, which is brought on by the fungus Elsinoe mangiferae, is a serious obstacle for the mango business. This disease causes the mango fruit to develop scaly lesions, which in turn results in decreased market value and yield losses. To effectively manage a disease, timely discovery and correct assessment of the severity of the condition are both essential. This study provides a hybrid deep learning (DL) model that combines a Convolutional Neural Network (CNN) for the detection of disease with a Support Vector Machine (SVM) for the categorization of the severity of the disease. The model was trained and tested using a broad dataset of mango photos that included a range of disease severity levels as well as different varieties of mango. The model's performance in illness detection resulted in an overall accuracy of 95.93%, with scores of best precisions of 97.17% and best recall of 96.28%, respectively. When it came to the classification of severity, the SVM classifier was able to achieve an accuracy of 95.93%. These findings provide evidence that the model is capable of precisely identifying the degree of mango scab illness and demonstrating its usefulness in detecting the condition. To provide mango farmers with a flexible instrument, the hybrid method makes use of the capability of CNNs to extract features as well as the SVM's skill in classifying data. This research provides growers with up-to-date information that enables targeted disease management. As a result, mango crop yields are increased, and economic losses are decreased.","2024-01","2026-01-24 00:34:05","2026-01-24 00:34:05","","1-5","","","","","","","","","","","IEEE","","","","","","","","","","","/home/aalejoz25/Zotero/storage/V2TD8KRK/Kaur et al. - 2024 - Deep Insights into Mango Scab An AI-Powered Approach for Detection and Classification.pdf","","Deep Learning; Agriculture Technology; Image-based recognition; Mango Crop; Mango Scab Disease; Severity Detection","","","","","","","","","","","","","","","","","","","","","","","","","","","","","","","","","","","","","","","","","","","","","","",""
"7PV9LMCG","conferencePaper","2025","Parisae, Veeraswamy; Yushmanth, Divi; Sree, Nallaparaju Mounya; Manyasri, Gokarakonda; Jannu, Chaitanya; Rao, Gudipudi Siva Sankara","Classification and Detection of Apple Leaf Disease Using DenseNet201 and YOLOV8","Proceedings of the 9th International Conference on Inventive Systems and Control, ICISC 2025","979-8-3315-1247-7","","10.1109/ICISC65841.2025.11188291","http://dx.doi.org/10.1109/ICISC65841.2025.11188291","Globally, plant diseases severely reduce crop output, consequently affecting agricultural productivity. Lots of specialist expertise makes it tough to detect those issues. The usage of leaf pictures, deep learning-primarily based models present interesting answers; despite the fact that, problems including the call for more extensive training sets and computational complexity remain unresolved. We propose a convolutional neural network (CNN) with much less layers to address this, consequently lowering computational load. The training set is expanded using augmentation methods along with shift, shear, scaling, zoom, and flipping without gathering fresh snap shots. Since about half of the world's populace relies upon on agriculture, raising production by way of 50-60 % is absolutely crucial, mainly in areas experiencing fast population growth. Apple crop output in India suffers no matter an increasing location of cultivation yield has hardly ever modified. A chief apple-producing state, Himachal Pradesh, suffers significantly in fruit quality from fungal infections. Our work tackles those issues via the use of YOLO series models for effective disease detection in apples and deep learning models together with pre-trained ones to handle timeliness and accuracy of disease diagnosis is guaranteed through using picture processing and artificial intelligence. This era should rework apple plant disease detection, consequently improving food security all round. Brief intervention facilitates farmers protect their plants and guarantee higher yields, there-fore contributing to the general meals security for the rising world population.","2025-08","2026-01-24 00:34:05","2026-01-24 00:34:05","","70-77","","","","","","","","","","","IEEE","","","","","","","","","","","/home/aalejoz25/Zotero/storage/U2CZ8BHH/Parisae et al. - 2025 - Classification and Detection of Apple Leaf Disease Using DenseNet201 and YOLOV8.pdf","","machine learning; image processing; deep learning; classification; Apple diseases; convolutional neu-ral network; disease detection","","","","","","","","","","","","","","","","","","","","","","","","","","","","","","","","","","","","","","","","","","","","","","",""
"IB7P8DAA","conferencePaper","2022","Chougule, Omkar; Katheria, Devansh; Jain, Kshitiz; Shinde, Shraddha","Tomato Blight Classification Using Transfer Learning and Fine Tuning","2022 2nd Asian Conference on Innovation in Technology (ASIANCON)","","","10.1109/asiancon55314.2022.9908820","http://dx.doi.org/10.1109/ASIANCON55314.2022.9908820","","2022-08","2026-01-24 00:34:05","2026-01-24 00:34:05","","1-11","","","","","","","","","","","IEEE","","","","","","","","","","","/home/aalejoz25/Zotero/storage/FEGEHGHI/Chougule et al. - 2022 - Tomato Blight Classification Using Transfer Learning and Fine Tuning.pdf","","","","","","","","","","","","","","","","","","","","","","","","","","","","","","","","","","","","","","","","","","","","","","","","",""
"NZMLUZEL","conferencePaper","2021","Praba, R. Dhivya; Vennila, R.; Rohini, G.; Mithila, S.; Kavitha, K.","Foliar Disease Classification in Apple Trees","2021 International Conference on Advancements in Electrical, Electronics, Communication, Computing and Automation, ICAECA 2021","978-1-6654-2829-3","","10.1109/ICAECA52838.2021.9675529","http://dx.doi.org/10.1109/ICAECA52838.2021.9675529","Apple is commercially the most important temperate fruit and is third among the most widely produced fruits in the world. Jammu and Kashmir are one of the leading apple producers accounting for about 60% of production in our country and Himachal Pradesh apple accounts for about 90% of horticulture production. The diseases like apple scab, apple rust, and brown rot affect apple trees. During wet cool weather between 55- and 75-degrees Fahrenheit in the spring and early summer, the fungal spores are dispersed by wind and rain. Apple scab is the most important disease of apple which results in a 70% yield loss or even more if not managed properly. Currently, crop disease diagnosis mainly relies on farmer scouting, which is time-consuming, expensive, and ineffective due to the difference in diagnosing experience. The proposed method uses Deep Learning algorithms like VGG16, Dense Net121 and ResNetlS to classify images into four classes healthy leaves, apple scab leaves, apple rust leaves, and multiple diseases leaves. Model performance is evaluated by comparing the prediction accuracy and confusion matrix and finds the best model for this classification","2021-10","2026-01-24 00:34:05","2026-01-24 00:34:05","","1-5","","","","","","","","","","","IEEE","","","","","","","","","","","/home/aalejoz25/Zotero/storage/V58S63FN/Praba et al. - 2021 - Foliar Disease Classification in Apple Trees.pdf","","VGG16; Apple rust; Apple scab; Dense Netl21; foliar diseases; Plant disease diagnosis; ResNetl8","","","","","","","","","","","","","","","","","","","","","","","","","","","","","","","","","","","","","","","","","","","","","","",""
"TMDF3VTI","conferencePaper","2018","Pawar, Rashmi; Jadhav, Ambaji","Pomogranite disease detection and classification","IEEE International Conference on Power, Control, Signals and Instrumentation Engineering, ICPCSI 2017","978-1-5386-0813-5","","10.1109/ICPCSI.2017.8392162","http://dx.doi.org/10.1109/ICPCSI.2017.8392162","In country like India, agriculture is the backbone of the overall GDP. Horticulture has become one of the important source of economy for the country and even the farmers. Formers will face much losses because of the not identifying the diseases at early stage. Relying on pure naked-eye observation to detect and classify diseases can be expensive for various plant diseases such as Pomegranate. It poses a great threat to the agricultural sector by reducing the life of the plants. In Agriculture field also image processing plays a very important role in identifying any disease of the plant or in grading of the quality of the fruit. Identification of the plant diseases is the key to preventing the losses in the yield and quantity of the agricultural product. The studies of the plant diseases mean the studies of visually observable patterns seen on the plant. Health monitoring and disease detection on plant is very critical for sustainable agriculture. It is very difficult to monitor the plant diseases manually. In this paper, we have implemented the methods for the detection of Pomegranate plant diseases using the images of the leaves.","2018-09","2026-01-24 00:34:05","2026-01-24 00:34:05","","2475-2479","","","","","","","","","","","IEEE","","","","","","","","","","","/home/aalejoz25/Zotero/storage/GRB3URTD/Pawar and Jadhav - 2018 - Pomogranite disease detection and classification.pdf","","feature extraction; image acquisition; image pre-processing; image segmentation","","","","","","","","","","","","","","","","","","","","","","","","","","","","","","","","","","","","","","","","","","","","","","",""
"A2E6YDUK","journalArticle","2019","Chavan, Madhukar S.","Diagnosis of plant diseases using artificial neural network","International Journal of Innovative Technology and Exploring Engineering","","22783075","10.35940/ijitee.J9802.0981119","http://dx.doi.org/10.35940/ijitee.J9802.0981119","Pomegranate is one of India's most commonly cultivated fruit crops. manual expert observations are being used to detect leaf diseases that take longer time for further prevention. Fruit diseases are causing devastating disadvantages in worldwide agricultural business economic losses in production in this journal, the answer is proposed and valid by experiment for the identification and classification of fruit disorders. The objective of proposed work is to analyze the illness utilizing picture preparing and artificial intelligence techniques on pictures of pomegranate plant leaf. In the proposed framework, pomegranate leaf picture with complex foundation is taken as input. Then pomegranate leaf ailment division is finished utilizing K-means clustering. The infected segment from portioned pictures is recognized. Best results have been seen when neural networks with a RBFN is used for a classification.","2019-09","2026-01-24 00:34:05","2026-01-24 00:34:05","","1464-1467","","11","8","","","","","","","","Blue Eyes Intelligence Engineering and Sciences Engineering and Sciences Publication - BEIESP","","","","","","","","","","","/home/aalejoz25/Zotero/storage/7R66AKR6/Chavan - 2019 - Diagnosis of plant diseases using artificial neural network.pdf","","Image processing; K-means clustering and feature extraction; Segmentation","","","","","","","","","","","","","","","","","","","","","","","","","","","","","","","","","","","","","","","","","","","","","","",""
"9E76W6GT","conferencePaper","2022","Palei, Shantilata; Behera, Santi Kumari; Sethy, Prabira Kumar","A Systematic Review of Citrus Disease Perceptions and Fruit Grading Using Machine Vision","Procedia Computer Science","","18770509","10.1016/j.procs.2023.01.225","http://dx.doi.org/10.1016/j.procs.2023.01.225","Citrus is one of the most commonly farmed and popular fruit crops globally. Citrus fruits are high in vitamins, minerals, and dietary fibre, which are essential for overall health. Oranges are the most widely traded citrus fruit, accounting for more than half of global citrus production. Tangerines, lemons, and mandarins are the next most commonly farmed varieties. Citrus production and export have steadily expanded over the previous three decades, though slower than competing items like mangoes, avocados, and melons. The production of citrus fruit is heavily hampered due to diseases in its growth stages. Again, the diseases not only appear in leaves but also in fruits. So, the quality of fruits is degraded due to the appearance of flaws. The citrus fruits are graded in two ways: first based on their skin tone and second on their size. So, there is a requirement to assess citrus diseases to avoid the degradation of production. Further, there is a need to grade citrus fruit to make easy packaging concerning its quality; so that the proper values of Citrus fruits be generated. This article studied and analysed different methodologies reported for citrus disease prediction and grading of citrus fruit in the postharvest stage based on machine vision between 2010 and 2021. This paper outlines the current achievements, limitations, and suggestions for future research on citrus diseases and their fruit grading.","2022","2026-01-24 00:34:05","2026-01-24 00:34:05","","2504-2519","","","218","","","","","","","","Elsevier BV","","","","","","","","","","","/home/aalejoz25/Zotero/storage/WWIEKCIY/Palei et al. - 2022 - A Systematic Review of Citrus Disease Perceptions and Fruit Grading Using Machine Vision.pdf","","Feature extraction; Classification; Citrus disease detection; Citrus Fruit Grading; Machine vision","","","","","","","","","","","","","","","","","","","","","","","","","","","","","","","","","","","","","","","","","","","","","","",""
"QLRACLUD","bookSection","2021","Kumar, Sandeep; Meena, Ram Swaroop; Sheoran, Seema; Jangir, Chetan Kumar; Jhariya, Manoj Kumar; Banerjee, Arnab; Raj, Abhishek","Remote sensing for agriculture and resource management","Natural Resources Conservation and Advances for Sustainability","978-0-12-822976-7","","10.1016/B978-0-12-822976-7.00012-0","http://dx.doi.org/10.1016/B978-0-12-822976-7.00012-0","Exploitation of the infinitive natural resources is an alarming issue on the plate. Therefore, estimation and swift observation of the natural resources is a need of the hour. Geospatial technological development is playing an important role to collect the information from the targeted objectives. Geospatial technological is helpful to analyze the natural resources viz., land, water, air, energy, nutrients, forest, watershed, etc. for policy and planning toward their conservation in order to achieve food, nutritional, environmental, and economic security. Agriculture is a key sector on the planet for exploitation and interfere the natural resources. For collecting reliable and timely information about the nature, the extent and geographical boundaries, temporal behavior of natural resources is the first step in the way of their monitoring, management and efficient use of them in the agriculture. Remote sensing (RS) has emerged as a powerful geospatial tool for the identification, characterization, and land marking of these resources over a larger surface area in agricultural system. It provides valuable, accurate and timely information in high spatial and spectral resolutions about the agricultural urbanization, crop use patterns, soil, water, watersheds, desertification, agroforestry, rangelands, and climatic variations and their impact on agriculture. In crop production, RS provides the spatial information of crop type and area estimation followed by assessing the yield potential, ecosystem health and proper management of insect-diseases and weeds based on the spectral reflectance of the object by using modeling and vegetative indices. Moreover, RS has a potential to study the soil system like soil characteristics, types, spatial variability, assessment of land suitability, land capability, carbon dynamics, soil moisture, land use/land cover change, soil degradation, erosion identification, and remediation for agriculture applications. RS helps to generate a precise database in short time from the field. Predication for the advance planning, yield estimation of the covering areas, crop sections, drought management help in policymaking for the better production and reduce the risk from the aberrant weather conditions. It helps in proper use and sustainable management of the costly resources in agriculture. This chapter extensively discusses the potential of RS in management of agriculture and natural resources in a sustainable manner. In this context, in India, several programs/projects such as FASAL, CAPE, NNRMS, NADAMS, IMSD, CHAMAN, etc. are effectively running for management of agricultural system in one and another way. In this context, this chapter is useful for the policymaker students, scientists, producers for the agroecosystems management and promote the advance food and environmental security targeted as one of the United National Sustainable Development Goals.","2021","2026-01-24 00:34:05","2026-01-24 00:34:05","","91-135","","","","","","","","","","","Elsevier","","","","","","","","","","","/home/aalejoz25/Zotero/storage/63JARLCR/Kumar et al. - 2021 - Remote sensing for agriculture and resource management.pdf","","Remote sensing; Agriculture; Crop health; Natural resource; Precision management; Satellite; Spectral reflectance","","","","","","","","","","","","","","","","","","","","","","","","","","","","","","","","","","","","","","","","","","","","","","",""
"CW77UJFN","bookSection","2023","Parthiban, Swetha; Moorthy, Sneha; Sabanayagam, Sribalaji; Shanmugasundaram, Shobana; Naganathan, Athishwaran; Annamalai, Mohan; Balasubramanian, Sabitha","Deep Learning Based Recognition of Plant Diseases","Computer Vision and Machine Intelligence Paradigms for SDGs","978-981-19-7169-3","1876-1119","10.1007/978-981-19-7169-3_8","http://dx.doi.org/10.1007/978-981-19-7169-3_8","","2023","2026-01-24 00:34:05","2026-01-24 00:34:05","","83-93","","","","","","","","","","","Springer Nature Singapore","","","","","","","","","","","/home/aalejoz25/Zotero/storage/9LCE7B5Q/Parthiban et al. - 2023 - Deep Learning Based Recognition of Plant Diseases.pdf","","","","","","","","","","","","","","","","","","","","","","","","","","","","","","","","","","","","","","","","","","","","","","","","",""
"NZFN9BLY","journalArticle","2019","Chang, Young K.; Mahmud, Md Sultan; Shin, Jaemyung; Nguyen-Quang, Tri; Price, Gordon W.; Prithiviraj, Balakrishnan","Comparison of Image Texture Based Supervised Learning Classifiers for Strawberry Powdery Mildew Detection","AgriEngineering","","26247402","10.3390/agriengineering1030032","http://dx.doi.org/10.3390/agriengineering1030032","Strawberry is an important fruit crop in Canada but powdery mildew (PM) results in about 30–70% yield loss. Detection of PM through an image texture-based system is beneficial, as it identifies the symptoms at an earlier stage and reduces labour intensive manual monitoring of crop fields. This paper presents an image texture-based disease detection algorithm using supervised classifiers. Three sites were selected to collect the leaf image data in Great Village, Nova Scotia, Canada. Images were taken under an artificial cloud condition with a Digital Single Lens Reflex (DSLR) camera as red-green-blue (RGB) raw data throughout 2017–2018 summer. Three supervised classifiers, including artificial neural networks (ANN), support vector machine (SVM), and k-nearest neighbors (kNN) were evaluated for disease detection. A total of 40 textural features were extracted using a colour co-occurrence matrix (CCM). The collected feature data were normalized, then used for training and internal, external and cross-validations of developed classifiers. Results of this study revealed that the highest overall classification accuracy was 93.81% using the ANN classifier and lowest overall accuracy was 78.80% using the kNN classifier. Results identified the ANN classifier disease detection having a lower Root Mean Square Error (RMSE) = 0.004 and Mean Absolute Error (MAE) = 0.003 values with 99.99% of accuracy during internal validation and 87.41%, 88.95% and 95.04% of accuracies during external validations with three different fields. Overall results demonstrated that an image texture-based ANN classifier was able to classify PM disease more accurately at early stages of disease development.","2019-09","2026-01-24 00:34:05","2026-01-24 00:34:05","","434-452","","3","1","","","","","","","","MDPI AG","","","","","","","","","","","/home/aalejoz25/Zotero/storage/VPFVHP7N/Chang et al. - 2019 - Comparison of Image Texture Based Supervised Learning Classifiers for Strawberry Powdery Mildew Dete.pdf","","image processing; artificial neural network; colour co-occurrence matrix; k-nearest neighbors; support vector machine","","","","","","","","","","","","","","","","","","","","","","","","","","","","","","","","","","","","","","","","","","","","","","",""
"YUCE3VID","journalArticle","2024","Bezabh, Yohannes Agegnehu; Ayalew, Aleka Melese; Abuhayi, Biniyam Mulugeta; Demlie, Tensay Nigussie; Awoke, Eshete Ayenew; Mengistu, Taye Endeshaw","Classification of mango disease using ensemble convolutional neural network","Smart Agricultural Technology","","27723755","10.1016/j.atech.2024.100476","http://dx.doi.org/10.1016/j.atech.2024.100476","Mango is a highly significant fruit crop that thrives in a variety of agro-ecologies around the world. Mangoes are rich in vitamins and minerals. However, its yield is currently severely constrained due to disease and pest infestations. Thus, in order to improve mango fruit quality and productivity, illnesses and insect pests must be detected early on. In this study, we conceived and constructed a mango leaf disease detection mechanism utilizing an ensemble convolutional neural network approach. Healthy and diseased mango leaf images were manually obtained from main producing locations in Amhara Region for Merawi fruit and vegetable research identification. To improve the datasets, several pre-processing procedures (such as image resizing, noise reduction, and image augmentation) were used. To improve classification performance and meet the study's purpose, various segmentation approaches such as k means and Mask R-CNN were applied. Furthermore, following pre-processing and segmentation, features of mango leaf images were retrieved using CNN to obtain important features. The classification model was then constructed using fully-connected layer classifiers on the retrieved features of mango leaf images. The ensemble proposed GoogLeNet and VGG16 based CNN model in the study encompasses various operations, including dataset collection, image preprocessing, noise removal, segmentation, data augmentation, feature extraction, and classification. Upon testing, the model demonstrated impressive performance with 99.87 % training classification accuracy, 99.72 % validation accuracy, and 99.21 % testing accuracy. This indicates the effectiveness of the ensemble approach in achieving high accuracy in image classification tasks.","2024-08","2026-01-24 00:34:05","2026-01-24 00:34:05","","100476","","","8","","","","","","","","Elsevier BV","","","","","","","","","","","/home/aalejoz25/Zotero/storage/YEDNG7KQ/Bezabh et al. - 2024 - Classification of mango disease using ensemble convolutional neural network.pdf","","Classification mango disease; Convolutional neural network model; Digital imaging","","","","","","","","","","","","","","","","","","","","","","","","","","","","","","","","","","","","","","","","","","","","","","",""
"67MTA9KC","document","2025","Szechyńska-Hebda, Magdalena; Hołownicki, Ryszard; Doruchowski, Grzegorz; Sas, Konrad; Puławska, Joanna; Jarecka-Boncela, Anna; Ptaszek, Magdalena; Włodarek, Agnieszka","Application of Hyperspectral Imaging for Early Detection of Pathogen-Induced Stress in Cabbage as Case Study","","","","10.3390/agronomy15071516","http://dx.doi.org/10.3390/agronomy15071516","Cabbage (Brassica oleracea L.) is a globally significant vegetable crop that faces productivity challenges due to fungal and bacterial pathogens. This review highlights the potential of spectral imaging techniques, specifically multispectral and hyperspectral methods, in detecting biotic stress in cabbage, with a particular emphasis on pathogen-induced responses. These non-invasive approaches enable real-time assessment of plant physiological and biochemical changes, providing detailed spectral data to identify pathogens before visible symptoms appear. Hyperspectral imaging, with its high spectral resolution, allows for distinctions among different pathogens and the evaluation of stress responses, whereas multispectral imaging offers broad-scale monitoring suitable for field-level applications. The work synthesizes research in the existing literature while presenting novel experimental findings that validate and extend current knowledge. Significant spectral changes are reported in cabbage leaves infected by Alternaria brassicae and Botrytis cinerea. Early-stage detection was facilitated by alterations in flavonoids (400–450 nm), chlorophyll (430–450, 680–700 nm), carotenoids (470–520 nm), xanthophyll (520–600 nm), anthocyanin (550–560 nm, 700–710 nm, 780–790 nm), phenols/mycotoxins (700–750 nm, 718–722), water/pigments content (800–900 nm), and polyphenols/lignin (900–1000). The findings underscore the importance of targeting specific spectral ranges for early pathogen detection. By integrating these techniques with machine learning, this research demonstrates their applicability in advancing precision agriculture, improving disease management, and promoting sustainable production systems.","2025-06","2026-01-24 00:34:05","2026-01-24 00:34:05","","","","","","","","","","","","","MDPI AG","","","","","","","","","ISSN: 20734395 Issue: 7 Pages: 1516 Publication Title: Agronomy Volume: 15","","/home/aalejoz25/Zotero/storage/XBY6I8J8/Szechyńska-Hebda et al. - 2025 - Application of Hyperspectral Imaging for Early Detection of Pathogen-Induced Stress in Cabbage as Ca.pdf","","biochemical cell components; physiological responses; plant diseases; spectral imaging","","","","","","","","","","","","","","","","","","","","","","","","","","","","","","","","","","","","","","","","","","","","","","",""
"AC23G8AW","journalArticle","2025","Happy, Kenneth; Ban, Yeongjun; Mudondo, Joyce; Haniffadli, Ariranur; Gang, Roggers; Choi, Kyeong O. K.; Rahmat, Endang; Okello, Denis; Komakech, Richard; Kang, Youngmin","SMART-HERBALOMICS: An innovative multi-omics approach to studying medicinal plants grown in controlled systems such as phytotrons","Phytomedicine","","1618095X","10.1016/j.phymed.2025.157303","http://dx.doi.org/10.1016/j.phymed.2025.157303","Background: Traditional medicine has supported human health for centuries. However, its dependence on wild-sourced medicinal plants now poses serious threats to biodiversity, with over 90 % of these species harvested directly from their natural habitat. Overexploitation and increasing global demand have accelerated the depletion of medicinal plant genetic resources, raising concerns about extinction and long-term sustainability. Purpose: This review introduces “Smart-Herbalomics (SH),” a novel interdisciplinary approach that merges traditional herbal knowledge with modern scientific methods. This review aims to ensure a sustainable use and conservation of medicinal plants while enhancing their therapeutic efficacy and safety. SH integrates advanced plant identification, propagation in controlled environments (e.g., phytotron and smart farms), and standardization protocols to maintain genetic integrity and bioactive compound consistency. Additionally, this novel approach incorporates cell-based assays for cytotoxicity and mechanistic evaluation, animal models for preclinical safety and efficacy assessment, and clinical trials for human validation. Additionally, multi-omics tools, including genomics, transcriptomics, metabolomics, and proteomics, help uncover the molecular basis of herbal actions. Method: Data were collected through a comprehensive literature review using electronic databases such as PubMed, Google Scholar, Scopus, AMED, and the Cochrane Library. Key search terms included “Herbalomics,” “Pharmacology,” “Pharmacognosy,” “Multi-Omics,” “Botany,” “Safety and Toxicity,” “Herb Formulation,” and “Medicinal Plant Species.” Conclusion: This article introduces SH for the first time as an integrative approach that offers a comprehensive and sustainable pathway to develop standardized, safe, and evidence-based herbal therapies. It bridges the fields of ethnopharmacology and pharmaceutical innovation, supporting the future of personalized, eco-conscious healthcare.","2025-11","2026-01-24 00:34:05","2026-01-24 00:34:05","","157303","","","148","","","","","","","","Elsevier BV","","","","","","","","","","","/home/aalejoz25/Zotero/storage/XDMAC4M8/Happy et al. - 2025 - SMART-HERBALOMICS An innovative multi-omics approach to studying medicinal plants grown in controll.pdf","","In vitro propagation; Multi-omics; Pharmacology; Phytomedicine; phytotron; Smart-Herbalomics","","","","","","","","","","","","","","","","","","","","","","","","","","","","","","","","","","","","","","","","","","","","","","",""
"59TURL89","document","2021","Ali, Ansar; Imran, Muhammad","Remotely sensed real-time quantification of biophysical and biochemical traits of Citrus (Citrus sinensis L.) fruit orchards – A review","","","","10.1016/j.scienta.2021.110024","http://dx.doi.org/10.1016/j.scienta.2021.110024","Remote sensing provides accurate and cost-effective solution to quantify the biophysical and biochemical traits of citrus fruit orchards. Timely information on these traits can be used to design real-time computerized applications for site-specific orchard management, yield estimation, and scheduling precise and proper application of inputs thus growing net returns and optimizing resource utilization. Retrieval of these traits has been playing an important role during the last 30 years with steady improvement in remote sensing platforms and sensors and the techniques and methods forthwith. However, with dense canopy, variable illumination conditions and saturation effects caused by seasonal dynamics of leaf and canopy pigments combined with high year-round leaf density pose challenges for the accurate and precise inference of biophysical and biochemical traits in citrus fruit orchards. Concerning these challenges in the pursuit of earth observation, the present paper aims to provide a comprehensive and in-depth review of the remotely sensed technologies and applications for real-time and state-of-the-science retrieval of biophysical and biochemical traits of citrus fruit orchards. Establishing a database of citrus traits at leaf, canopy and orchard level is very important for future smart agriculture to help farmers for site-specific orchard management, plan farm management practices, selection of best cultivars, scheduling precise and proper application of inputs in citrus production paradigm; thus growing net returns and optimize resource utilization. Technical methods for different levels of remote sensing acquisition have also been elaborated highlighting the current situation of citrus traits acquired by remote sensing.","2021-05","2026-01-24 00:34:05","2026-01-24 00:34:05","","","","","","","","","","","","","Elsevier BV","","","","","","","","","ISSN: 03044238 Pages: 110024 Publication Title: Scientia Horticulturae Volume: 282","","/home/aalejoz25/Zotero/storage/GV2BCA64/Ali and Imran - 2021 - Remotely sensed real-time quantification of biophysical and biochemical traits of Citrus (Citrus sin.pdf","","Citrus phenotypical traits; Fruit orchards; Leaf and canopy scale; Physiological informatics; Real-time retrieval; Seasonal dynamics","","","","","","","","","","","","","","","","","","","","","","","","","","","","","","","","","","","","","","","","","","","","","","",""
"C33F8JMU","journalArticle","2025","Chen, Dengjie; Lin, Fan; Lu, Caihua; Zhuang, Jun Wei; Su, Hongjie; Zhang, Dehui; He, Jincheng","YOLOv8-MDN-Tiny: A lightweight model for multi-scale disease detection of postharvest golden passion fruit","Postharvest Biology and Technology","","09255214","10.1016/j.postharvbio.2024.113281","http://dx.doi.org/10.1016/j.postharvbio.2024.113281","Passion fruit, a commercially significant fruit crop, is easily infected by anthracnose and scab, which declines it economic value. However, at the present time, passion fruit quality grading is mainly judged by manual assessment, with strong subjectivity, poor efficiency and low accuracy. Intelligent classification of postharvest passion fruit is essential, with skin disease being a critical factor in grading fruit quality. In view of the shortcomings in traditional deep learning model, such as weak multi-scale detection ability and low accuracy, we propose a YOLOv8-MDN-Tiny model to improve the ability of passion fruit small-scale disease detection. The backbone layer is replaced by the self-made MFSO structure to expand the feature pixels of small target information and enrich their feature expression. An improved DyRep module is proposed to realize the interactive fusion of disease features at different scales and depths. NWD loss function is introduced to accurately measure the overlap of two bounding boxes. Finally, Slimming pruning and CWD are used to compress the model. Compared with YOLOv8s, our improved lightweight model achieves more accurate localization of small passion fruit targets. Specifically, the mAP50 is increased by 2.2–94.8 %, the precision and recall are improved by 1.5 % and 6.0 %. Meanwhile, the number of model parameters and memory usage are decreased by 90.1 % and 88.9 %. The results technically support the disease detection in postharvest passion fruit and real-time grading of their quality.","2025-01","2026-01-24 00:34:05","2026-01-24 00:34:05","","113281","","","219","","","","","","","","Elsevier BV","","","","","","","","","","","/home/aalejoz25/Zotero/storage/9NIT75D2/Chen et al. - 2025 - YOLOv8-MDN-Tiny A lightweight model for multi-scale disease detection of postharvest golden passion.pdf","","Disease detection; Model compress; Small-scale; YOLOv8","","","","","","","","","","","","","","","","","","","","","","","","","","","","","","","","","","","","","","","","","","","","","","",""
"W5ESNVB4","document","2022","Murali-Baskaran, Ramasamy Kanagaraj; Mooventhan, Palanisamy; Das, Debanjan; Dixit, Anil; Sharma, Kailash Chander; Senthil-Nathan, Sengottayan; Kaushal, Pankaj; Ghosh, Probir Kumar","The future of plant volatile organic compounds (pVOCs) research: Advances and applications for sustainable agriculture","","","","10.1016/j.envexpbot.2022.104912","http://dx.doi.org/10.1016/j.envexpbot.2022.104912","Volatile organic compounds emitted by plants (pVOCs) protect themselves from abiotic and biotic stresses. Plants are under constant threats from biotic stress especially herbivores which facilitate plants to emit herbivore-induced plant volatiles (HIPVs), an inducible defense in plants against herbivores by communicating to herbivores’ natural enemies and neighboring plants. HIPVs are reported to act as feeding and/or oviposition deterrents to herbivores, belonging to four major groups including terpene/terpenoids, benzenoids and phenylpropanoids, the volatile fatty acid derivatives, and the volatile aminoacid derivatives. However, the plant volatile profiles induced by herbivores have been reported to be altered by silicon (Si)-fertilization, priming of plants with chemical elicitors and climate change which can induce plants to produce and emit novel plant volatiles that are not expressed by plants in response to damage by herbivory. Transgenic crops and/or sentinel crops with enhanced pVOCs emission profiles have been proposed to improve plant resistance, health and yields. Currently several technological advances in devices including field-portable electronic devices (e-Nose) and hand-held smartphone-based biosensors for in situ early detection of pVOCs profiles which are now available and supported by artificial intelligence (AI), to increase detection accuracy of these systems. The present review highlights the multi-dimension approaches emerging in pVOCs research for early and rapid detection of specific VOCs indicators as markers with associated plant biotic stressors.","2022-08","2026-01-24 00:34:05","2026-01-24 00:34:05","","","","","","","","","","","","","Elsevier BV","","","","","","","","","ISSN: 00988472 Pages: 104912 Publication Title: Environmental and Experimental Botany Volume: 200","","/home/aalejoz25/Zotero/storage/2RSK5Z82/Murali-Baskaran et al. - 2022 - The future of plant volatile organic compounds (pVOCs) research Advances and applications for susta.pdf","","E-nose; HIPV; Inducible defense; Priming; Push-pull; pVOC; Smartphone; Soluble silica; Sustainable agriculture; Transgenic","","","","","","","","","","","","","","","","","","","","","","","","","","","","","","","","","","","","","","","","","","","","","","",""
"A9HUK4VM","journalArticle","2021","Sharma, Meenakshi; Kaushik, Prashant; Chawade, Aakash","Frontiers in the Solicitation of Machine Learning Approaches in Vegetable Science Research","Sustainability","","2071-1050","10.3390/su13158600","http://dx.doi.org/10.3390/su13158600","","2021-08","2026-01-24 00:34:05","2026-01-24 00:34:05","","8600","","15","13","","","","","","","","MDPI AG","","","","","","","","","","","/home/aalejoz25/Zotero/storage/W3ZEW6GW/Sharma et al. - 2021 - Frontiers in the Solicitation of Machine Learning Approaches in Vegetable Science Research.pdf","","","","","","","","","","","","","","","","","","","","","","","","","","","","","","","","","","","","","","","","","","","","","","","","",""
"CKW2MQFJ","journalArticle","2025","Cai, Zhaopeng; Farhana, Nadia; Karim, Asif Mahbub; Zhai, Fengyan; Huang, Wenwen; Guo, Meng","IMNM: integrated multi-network model for identifying pepper leaf diseases","Frontiers in Plant Science","","1664462X","10.3389/fpls.2025.1558349","http://dx.doi.org/10.3389/fpls.2025.1558349","As a vegetable crop with high economic value, the yield of pepper is often significantly restricted by leaf diseases, and the spots formed by these diseases on the surface of leaves are highly complex in color and texture characteristics. To overcome the shortcomings of traditional manual identification methods, such as low efficiency, time-consuming, and labor-consuming, an integrated multi-network model (IMNM) was established by combining an improved ResNet, a dynamic convolution network (DCN), and a progressive prototype network (PPN), which was aimed at five typical pepper leaf samples (healthy, virus, leaf blight, brown spot, and phyllosticta). The experimental results show that IMNM achieves 98.55% accuracy in pepper disease identification, which is significantly better than the benchmark models such as Inception-V4, ShuffleNet-V3, and EfficientNet-B7. In the cross-species generalization verification, the average identification accuracy of the model for apple, wheat, and rice leaf diseases increased to 99.81%, and its four core indicators of specificity, precision, sensitivity, and accuracy were all stable over 98%. This demonstrates that IMNM can effectively analyze the color and texture characteristics of highly heterogeneous disease spots and possesses strong cross-crop generalization capabilities. Its technical path lays a theoretical foundation for the development of field mobile disease diagnosis equipment based on deep learning, and is of great value for promoting the engineering application of an intelligent monitoring system for crop diseases and insect pests.","2025-09","2026-01-24 00:34:05","2026-01-24 00:34:05","","","","","16","","","","","","","","Frontiers Media SA","","","","","","","","","","","/home/aalejoz25/Zotero/storage/LQ3Q9LLP/Cai et al. - 2025 - IMNM integrated multi-network model for identifying pepper leaf diseases.pdf","","deep learning; identifying; integrated; multi-network model; pepper leaf diseases","","","","","","","","","","","","","","","","","","","","","","","","","","","","","","","","","","","","","","","","","","","","","","",""
"DCSB4GUW","journalArticle","2023","Krishna, Rajashree; Prema, K. V.","Constructing and Optimizing RNN Models to Predict Fruit Rot Disease Incidence in Areca Nut Crop Based on Weather Parameters","IEEE Access","","21693536","10.1109/ACCESS.2023.3311477","http://dx.doi.org/10.1109/ACCESS.2023.3311477","A farmer faces several challenges associated with fruit rot disease in the areca nut crop. Weather factors, including rainfall and temperature, largely influence the disease severity and spread of infection in crops. Significant growth has been achieved using RNN models for time series forecasting in the past few decades, but these models are not applied to fruit rot disease prediction. This study introduces Vanilla GRU, Stacked GRU, Bidirectional GRU, and Bidirectional LSTM models for the inaugural prediction of fruit rot disease scores using past weather data. The current investigation also involves the mitigation and comparison of forecast inaccuracies by utilising weight optimisation algorithms like Adam, Adagrad, RMSprop, and Genetic algorithms. Meteorological and disease score data are gathered from the Agricultural Research Station in Brahmavar, Karnataka, and CPCRI Kasargod, Kerala. These datasets are combined using a rule-based algorithm to train and evaluate the proposed model. Empirical outcomes reveal that the vanilla GRU model, when fine-Tuned with the Adam algorithm, exhibits a diminished Mean Squared Error (MSE) value of 0.0009, an exceptionally minimal Mean Absolute Error (MAE) value of 0.02, and an elevated R-squared (R2) score of 0.99. Similarly, the Bidirectional LSTM model, optimised through RMSprop, yields an impressively low Root Mean Squared Error (RMSE) value of 0.033. Generally, the optimised Deep Learning (DL) models consistently demonstrate enhanced predictive precision compared to alternative models. In conclusion, the anticipation of areca nut disease, as facilitated by this study, stands to aid farmers in curtailing unnecessary fungicide application and achieving more favourable yields.","2023","2026-01-24 00:34:05","2026-01-24 00:34:05","","110582-110595","","","11","","","","","","","","Institute of Electrical and Electronics Engineers (IEEE)","","","","","","","","","","","/home/aalejoz25/Zotero/storage/WMNMZJIL/Krishna and Prema - 2023 - Constructing and Optimizing RNN Models to Predict Fruit Rot Disease Incidence in Areca Nut Crop Base.pdf","","deep learning; Areca nut; disease prediction; fruit rot disease; gated recurrent unit; genetic algorithm; optimisation; weather","","","","","","","","","","","","","","","","","","","","","","","","","","","","","","","","","","","","","","","","","","","","","","",""
"IVQVWHZD","document","2023","Ece, Emre; Eş, Ismail; Inci, Fatih","Microneedle technology as a new standpoint in agriculture: Treatment and sensing","","","","10.1016/j.mattod.2023.07.002","http://dx.doi.org/10.1016/j.mattod.2023.07.002","Preventing plant loss and improving their health status are essential for agricultural industry. Correspondingly, the deprivation of plants severely impacts our ecological system. As such, global efforts have been intensely made to promote the development of advanced sensing and treatment platforms to forestall plant loss. Existing technologies mainly encounter a number of challenges in providing results in a non-invasive, rapid turnaround, and affordable fashions. Accordingly, notable progressions in innovative approaches—particularly biosensing and delivery platforms, are vastly required for agriculture realm. In this regard, microneedles have emerged as a pivotal technological tool that plays multifaceted roles in biosensing and delivery systems, with attention of growing towards agriculture. Simply put, microneedles offer several advantages over conventional methods for being less invasive, rapid, and highly precise. In this review, recent advancements in microneedle technologies including their implementations in agriculture are highlighted coherently. In particular, extracting DNA from plant leaves and expressing transient genes using microneedles are elaborated in details. Microneedle-based sensing platforms for detecting essential compounds and secondary metabolites are discussed as well. Recent advances focusing the delivery of agrochemicals and nanotherapeutics via microneedles are elaborated. By this means, this review aims to bridge the existing gaps between microneedles and agriculture precisely.","2023-09","2026-01-24 00:34:05","2026-01-24 00:34:05","","","","","","","","","","","","","Elsevier BV","","","","","","","","","ISSN: 18734103 Pages: 275-297 Publication Title: Materials Today Volume: 68","","","","Agricultural products; Biosensors; Crop diseases; Drug delivery; Microneedles","","","","","","","","","","","","","","","","","","","","","","","","","","","","","","","","","","","","","","","","","","","","","","",""
"TT6EIRHU","document","2025","Law, Cheng Xue; Hashim, Norhashila; Ismail, Siti Izera; Jahari, Mahirah; Riza, Dimas Firmanda Al","A review on anthracnose disease caused by Colletotrichum spp. in fruits and advances in control strategies","","","","10.1016/j.ijfoodmicro.2025.111397","http://dx.doi.org/10.1016/j.ijfoodmicro.2025.111397","Fruits are a vital source of essential vitamins, minerals, and antioxidants necessary for human health and well-being. However, fruit production is often hampered by diseases that cause substantial yield losses and compromise fruit quality. Among these, anthracnose caused by various species of the Colletotrichum genus stands out as a particularly destructive disease, affecting a wide range of fruit crops and resulting in significant preharvest and postharvest losses worldwide. This review explores the impact of anthracnose across diverse fruit categories, including temperate fruits, berries, citrus, and tropical fruits. Furthermore, it provides a comprehensive overview of the life cycle and pathogenic mechanisms of Colletotrichum spp., emphasizing their remarkable adaptability to different host fruits. Advances in management strategies are also explored, emphasizing the need for sustainable approaches. While chemical fungicides remain widely used, their overuse has led to resistance development and environmental concerns. Promising alternatives include biological control agents and natural compounds like essential oils and chitosan-based coatings, and physical treatments, such as heat and UV-C irradiation, are also discussed. Future trends are also highlighted. This review provides a new insight of anthracnose across fruit categories, integrating current knowledge on pathogen biology, host-pathogen interactions, and innovative control measures. Future research should prioritize the development of integrated management strategies tailored to specific fruit categories, ensuring sustainable production, enhanced fruit quality, and reduced postharvest losses.","2025-11","2026-01-24 00:34:05","2026-01-24 00:34:05","","","","","","","","","","","","","Elsevier BV","","","","","","","","","ISSN: 18793460 Pages: 111397 Publication Title: International Journal of Food Microbiology Volume: 442 PMID: 40848631","","","","Fruits; Colletotrichum; Anthracnose; Fungal pathogen; Plant disease; Postharvest","","","","","","","","","","","","","","","","","","","","","","","","","","","","","","","","","","","","","","","","","","","","","","",""
"TNJZV986","document","2023","Zhang, Moran; Xu, Shengyong; Han, Yutong; Li, Dongping; Yang, Shuo; Huang, Yuan","High-throughput horticultural phenomics: The history, recent advances and new prospects","","","","10.1016/j.compag.2023.108265","http://dx.doi.org/10.1016/j.compag.2023.108265","With the development of advanced sensors, artificial intelligence, and computer vision, horticultural phenomics has made great progress in recent years. However, there is a lack of systematic reviews to discuss the horticultural phenomics and its applications at present. In this paper, we aim to fill this gap by providing a comprehensive review of the past developments, recent advances and existing challenges. Furthermore, we propose conception and give our prospects of high-throughput horticultural phenomics. We envision that horticultural phenomics will evolve towards multiscale, multidimension, multiperiod approach in the near future. This transformation will enable researchers to better realize the physiological processes, understand the genetic composition and develop new cultivars of horticultural plants that are better adapted to specific environments. Consequently, it will greatly promote the omics research in horticultural plants. In addition to advancing scientific research, high-throughput horticultural phenomics can also assist growers in efficient crop management, leading to improved yield and quality of horticultural products. However, it is important to acknowledge the challenges that need to be overcome. Once these challenges are addressed, high-throughput horticultural phenomics will become increasingly important in the fight against climate changes and maximizing profits.","2023-10","2026-01-24 00:34:05","2026-01-24 00:34:05","","","","","","","","","","","","","Elsevier BV","","","","","","","","","ISSN: 01681699 Pages: 108265 Publication Title: Computers and Electronics in Agriculture Volume: 213","","","","Develop new cultivars; Genetic composition; Horticultural phenomics; Omics research; Physiological processes","","","","","","","","","","","","","","","","","","","","","","","","","","","","","","","","","","","","","","","","","","","","","","",""
"MX4R7KSC","journalArticle","2022","Paul, Kenny; Chatterjee, Sandeep S.; Pai, Puja; Varshney, Alok; Juikar, Siddhi; Prasad, Venkatesh; Bhadra, Bhaskar; Dasgupta, Santanu","Viable smart sensors and their application in data driven agriculture","Computers and Electronics in Agriculture","","01681699","10.1016/j.compag.2022.107096","http://dx.doi.org/10.1016/j.compag.2022.107096","Smart sensors are useful in professional farming approach by which one can use the digital technology to monitor, visualize, generate digital data, to control the application of resources, to improve quality and productivity of agriculture produce. Novel sensors add value in soil-less farming through automation and IoT (Internet of Things) based operation management digital tools. Data-driven technologies by using smart sensors can find a solution to many glitches in agriculture practices and it could improve new efficiencies. The principles of smart sensors as well as the most viable sensors that are used for monitoring soil and plant physicochemical parameters in field cultivation processes, greenhouse and indoor hydroponics are being discussed. Digital technologies in precision farming, automation in agro machinery, Precision Livestock Farming (PLF), TV White Spaces (TVWS) remote connectivity, Unmanned Aerial Vehicles (UAVs) based imagery, application of IoTs can help farming communities to use resources accurately based on real-time farm data acquired and improve crop yield without any wastage. Smart sensors helps the entire food value chain, the precision to productivity quest of growers and could enable new business models. This article provides a wide understanding of novel smart sensors, wireless sensor network architectures, and applications of these sensors to inculcate sustainable farming practices, value chain traceability and create secured income.","2022-07","2026-01-24 00:34:05","2026-01-24 00:34:05","","107096","","","198","","","","","","","","Elsevier BV","","","","","","","","","","","","","Automation; Data driven agriculture; Digital farming; Smart sensors","","","","","","","","","","","","","","","","","","","","","","","","","","","","","","","","","","","","","","","","","","","","","","",""
"BL5LFX5H","journalArticle","2025","Faqeerzada, Mohammad Akbar; Park, Eunsoo; Lim, Jinsu; Kim, Kihyun; Sathasivam, Ramaraj; Park, Sang Un; Kim, Hangi; Cho, Byoung Kwan","Development of multi-sensing technologies for high-throughput morphological, physiological, and biochemical phenotyping of drought-stressed watermelon plants","Plant Physiology and Biochemistry","","09819428","10.1016/j.plaphy.2025.110577","http://dx.doi.org/10.1016/j.plaphy.2025.110577","High-throughput plant phenotyping (HTPP) technologies are rapidly transforming plant science by enabling real-time, non-invasive, and large-scale monitoring of complex morphological, physiological, and biochemical traits. However, existing platforms often lack integration across sensing modalities and analytical depth necessary for early and comprehensive phenotypic trait analysis. In this study, we developed a fully automated, multimodal HTPP system combining RGB, shortwave infrared (SWIR) hyperspectral, multispectral fluorescence imaging (MSFI), and thermal imaging to characterize drought-stressed watermelon (Citrullus lanatus) plants. RGB imaging facilitated detailed morphological analysis by extracting color-based traits, quantifying plant height and canopy area, and accurately distinguishing growth stages. SWIR hyperspectral imaging (HSI) enabled non-invasive biochemical assessment by detecting drought-responsive compounds, such as flavonoids, phenolics, and antioxidant activities, while also supporting the classification of stress severity. This spectral profiling revealed key biochemical alterations triggered by water deficit. MSFI liquid crystal tunable filter (LCTF-based) measured chlorophyll a (Chl-a), chlorophyll b (Chl-b), and total chlorophyll (t-Chl) levels, providing critical insights into photosynthetic performance under drought stress. Thermal imaging further enhanced drought assessment by capturing canopy temperature variations, which were used to derive thermal indices for indirect estimation of soil volumetric water content (SVWC). By integrating complementary imaging modalities, the proposed system captured comprehensive phenotypic responses with high predictive accuracy for early detection of drought stress and assessment of plant health. Advanced machine learning (ML) and deep learning (DL) models further enhanced trait extraction and classification, enabling robust analysis of complex, high-dimensional data. This automated, multimodal platform offers scalable, non-invasive crop monitoring, providing precise insights to support drought resilience and precision agriculture.","2025-12","2026-01-24 00:34:05","2026-01-24 00:34:05","","110577","","","229","","","","","","","","Elsevier BV","","","","","","","","","","","","","Deep learning; Machine learning; Drought stress; Multimodal imaging; Phenotyping; Stress severity level","","","","","","","","","","","","","","","","","","","","","","","","","","","","","","","","","","","","","","","","","","","","","","",""
"2Q8VDA9S","document","2023","Prakash, Chander; Singh, Lakhwinder Pal; Gupta, Ajay; Lohan, Shiv Kumar","Advancements in smart farming: A comprehensive review of IoT, wireless communication, sensors, and hardware for agricultural automation","","","","10.1016/j.sna.2023.114605","http://dx.doi.org/10.1016/j.sna.2023.114605","Agriculture automation is a primary issue and a rapidly developing field for the nation. The global population is growing swiftly, so there is a severe need to fulfill food demand. Traditional farming methods are insufficient to meet the rising demand, so they pressure using fertilizers to increase crop productivity. That fall impacts agricultural activity; sometimes, land stays barren and lacks fertility. This paper is focused on the deep analysis of smart farming-related components such as the Internet of Things (IoT), wireless communication technology, sensors, and hardware. There is serious concern about selecting technology, sensors, and hardware in the different agriculture practices. This may result in an increase in mechanization among various agricultural practices in an easy way. This paper provides a systematic extensive review of the implication of automation in agriculture. And addressed how agricultural operations may benefit from modern sensors, wireless communication technologies, and hardware. Although, major challenges and components have been discussed. Moreover, future applications for crop health, human health, and machine health are also addressed in this study.","2023-11","2026-01-24 00:34:05","2026-01-24 00:34:05","","","","","","","","","","","","","Elsevier BV","","","","","","","","","ISSN: 09244247 Pages: 114605 Publication Title: Sensors and Actuators A: Physical Volume: 362","","","","Control systems; Internet of things; Mechanization; PRISMA; Smart farming","","","","","","","","","","","","","","","","","","","","","","","","","","","","","","","","","","","","","","","","","","","","","","",""
"SY6VGMMT","document","2023","Gackstetter, David; Bloh, Malte von; Hannus, Veronika; Meyer, Sebastian T.; Weisser, Wolfgang; Luksch, Claudia; Asseng, Senthold","Autonomous field management – An enabler of sustainable future in agriculture","","","","10.1016/j.agsy.2023.103607","http://dx.doi.org/10.1016/j.agsy.2023.103607","CONTEXT: Technological innovations in agriculture are mainly driven by the maxim: increase productivity at any costs. Today, in the face of climate change and an unprecedented loss of biodiversity, this approach is reaching its limits. Meeting global nutrition needs while achieving sustainability is one of the greatest challenges for modern agriculture. OBJECTIVE: Autonomous field management represents the next evolutionary step in agricultural technology. It is characterized by an end-to-end automation of agricultural production processes and by that – for the first time in history - independence from labor constraints. Although literature has provided solutions for individual components of these new technological systems, integrating those components into a common, fully autonomous process has not yet been achieved. METHODS: We analyzed the technological, agronomic, environmental, and related, interdisciplinary literature in the context of automated, and digital field crop management. RESULTS AND CONCLUSION: The review shows the disruptive potential of fully autonomous, labor-independent crop management systems to guarantee the required food security by simultaneously allowing sustainable factors to be equally incorporated into the agricultural decision-making process. The integration of multifaceted objectives into a common decision-making process poses a great challenge to human farmers and their capacities. Liberated from labor constraints, autonomous systems have the potential to align decisions with the complex requirements of multiple − even contradicting – goals more easily, and to execute them accordingly without exhaustion. We show barriers that explain, why fully autonomous crop management is not yet present in today's agricultural practice, despite the fact that the majority of technological sub-components has reached a maturity stage beyond the proof of concept. Substantial technological progress will still be required with respect to the robustness in varying application settings and the standardization of interfaces to integrate diverse subsystems. For the adoption of autonomous cropping systems, societal engagement will be required including extensive research and discussion on public acceptance, legal frameworks, and the human farmers' future role as crucial success factors. SIGNIFICANCE: Aligning autonomous cropping systems to domain-overarching objectives can make these technological solutions not only another, next stage of more efficiently producing technologies, but a game changer for new, environmentally sustainable cropping systems. Field management practice can leave the currently persisting, oversimplified management strategies, characterized by large-scale, and standardized field arrangements, toward more complex approaches with small-scale, diversely structured fields, which consider local particularities and the heterogeneity of the natural landscape.","2023-03","2026-01-24 00:34:05","2026-01-24 00:34:05","","","","","","","","","","","","","Elsevier BV","","","","","","","","","ISSN: 0308521X Pages: 103607 Publication Title: Agricultural Systems Volume: 206","","","","Smart farming; Agriculture 5.0; Autonomous farming; Autonomous fields; New farming systems; Sustainability","","","","","","","","","","","","","","","","","","","","","","","","","","","","","","","","","","","","","","","","","","","","","","",""
"3WQLLP9A","journalArticle","2024","Kumar, Sanjeev; Wani, Ab Waheed; Kaushik, Rupesh; Kaur, Harjinder; Djajadi, Djajadi; Khamidah, Aniswatul; Saidah; Alasbali, Nada; Alreshidi, Maha Awjan; Alam, Mir Waqas; Yadav, Krishna Kumar; Wani, Atif Khurshid","Navigating the landscape of precision horticulture: Sustainable agriculture in the digital Age","Scientia Horticulturae","","03044238","10.1016/j.scienta.2024.113688","http://dx.doi.org/10.1016/j.scienta.2024.113688","Automation, autonomy, and precision play vital roles in modern technology and procedures, especially in response to the rising global population and the need for improved fruit production technologies. The quality criteria for fruit yield are becoming increasingly complex, necessitating fundamental upgrades. Sensor-based technologies pave the way for more rational and efficient soil usage. Precision farming, an advanced agricultural approach, employs software technologies and principles to optimize various aspects of horticultural production. Its goal is to enhance crop yields and promote environmental sustainability by managing spatial and temporal variations. Precision horticulture, a cutting-edge farming method, focuses on increasing crop yields and quality while minimizing environmental impact. This approach leverages advanced technology and data-driven decision-making. By utilizing sensors, robots, drones, and other innovative tools for yield mapping, irrigation control, robotic harvesting, nutrient and pesticide application, soil sensing, and crop growth analysis, growers can monitor plant growth and health, identify potential issues, and make informed crop management decisions. Tailoring practices to specific plant needs can lead to higher yields, improved product quality, and reduced environmental impact. Overall, precision horticulture holds significant promise for promoting sustainable agricultural practices while meeting the increasing demand for food production.","2024-12","2026-01-24 00:34:05","2026-01-24 00:34:05","","113688","","","338","","","","","","","","Elsevier BV","","","","","","","","","","","","","Remote sensing; Agriculture; Sustainability; Precision horticulture; Sensors","","","","","","","","","","","","","","","","","","","","","","","","","","","","","","","","","","","","","","","","","","","","","","",""
"9C93ZCRT","document","2025","Pooja; Chauhan, Prashant; Kumar, Ankit; Rithesh, Lellapalli; Kumar, Abhishek","Recent insights into potato dry rot an emerging Disease: Focusing on pathogen diversity, host-pathogen interactions, and management strategies","","","","10.1016/j.micpath.2025.107866","http://dx.doi.org/10.1016/j.micpath.2025.107866","Nowadays, global food safety and security are major concerns to mitigate global hunger. As, the world's population rising at an alarming rate and is expected to reach 10 billion by 2050, agriculturists have great responsibilities to grow more food from limited land. Crops are affected by several biotic and abiotic stresses in the field as well as during storage, this situation is drastic in developing countries. Potato belongs to the Solanaceae family, is considered a promising staple vegetable crop. To address the major issue of food safety and security, potatoes can be considered as a crucial non cereal food crop to combat this problem, as they can be grown under field conditions, and soilless medium (hydroponically, and aeroponically). The potato crop is also affected by various biotic stresses in both field and post-harvest conditions, significantly deteriorating its qualitative and quantitative yield. Among the biotic stresses, Fusarium dry rot (FDR) incited by the Fusarium species complex is considered a major problem in the present scenario. Dry rot of potato causes drastic quality and yield loss in cold stores. Moreover, Fusarium spp., producing mycotoxins like trichothecenes that contribute to the disease development. Fusarium spp. utilizes enzymes like pectinases and cellulases to break down plant cell walls, facilitating invasion and colonization. Therefore, implement crop rotation, use disease-resistant potato varieties, practice good sanitation, and employ fungicides to manage potato dry rot disease would be beneficial. Therefore, there is an urgent need to study the fungal species involved, pathogenicity, and to find the best management strategies for sustainable potato production. Although some reports on FDR of potato have been published previously, many recent studies have since offered new insights into diagnostic techniques, mycotoxin detection and quantification, and management strategies. Therefore, this review aims to integrate these recent findings, offering an updated outlook on FDR considering emerging research. Our objective is to provide a timely synthesis of the latest research developments that were not covered in previous reviews, making this article a valuable and necessary contribution to the agricultural field.","2025-10","2026-01-24 00:34:06","2026-01-24 00:34:06","","","","","","","","","","","","","Elsevier BV","","","","","","","","","ISSN: 10961208 Pages: 107866 Publication Title: Microbial Pathogenesis Volume: 207 PMID: 40645351","","","","Biotic stress; Food security; Fusarium dry rot; Global hunger; Potato","","","","","","","","","","","","","","","","","","","","","","","","","","","","","","","","","","","","","","","","","","","","","","",""
"L9YZSEGG","conferencePaper","2020","Hemming, J.","Current developments in greenhouse robotics and challenges for the future","Acta Horticulturae","","24066168","10.17660/ActaHortic.2020.1296.124","http://dx.doi.org/10.17660/ActaHortic.2020.1296.124","Horticultural production faces a growing demand for mechanization, automation and robotics as labour costs are increasing and the availability of skilled labour is decreasing. The modern consumer demands guaranteed and constant quality. Moreover, there are intensified hygiene, food safety and traceability demands. Automated production and quality assessment systems can contribute to fulfil these demands. Many highly automated systems are already applied in commercial high-tech greenhouses. This includes logistics and autonomous transport of plants and harvested product from the greenhouse to the sorting and packing facilities, spraying robots, machine vision based sorting systems for pot-plants and cut-flowers and robotic cutting, planting and grafting machines. Current research focus on automated crop scouting (e.g., insect and disease detection), phenotyping (e.g., monitoring and predicting fruit setting) and postharvest quality assessment. Many research activities are currently carried out on robotic systems that are capable to autonomously harvest crops and to conduct other repetitive and labour intensive operations. In most of these applications the success rate and cycle time are currently still too low to allow implementation in commercial practice. Human-robot collaboration and “human in the loop” applications are important stepping-stones towards full automation. These applications must also include the key issues of user safety and user acceptance. From the plant side, breeding crops with novel phenotypes and plant architectures, such as fruits which are easy to see and reach by robots, will simplify and accelerate the application of robotics in the horticultural field. Challenges involve the complex integration of multiple disciplines and technologies (e.g., navigation, safe operation, grasping, manipulation, perception, learning and adaptation). Current developments are supported by the worldwide rapid improvements in computing and sensor hardware, software and artificial intelligence.","2020-11","2026-01-24 00:34:06","2026-01-24 00:34:06","","975-985","","1296","1296","","","","","","","","International Society for Horticultural Science (ISHS)","","","","","","","","","","","","","Deep learning; Automation; Phenotyping; Autonomous navigation; Crop-scouting; Harvesting; Image analysis; Quality assessment","","","","","","","","","","","","","","","","","","","","","","","","","","","","","","","","","","","","","","","","","","","","","","",""
"PSS2MLPG","conferencePaper","2025","Ajagalla, Mahadev; Pandey, Manish; Choudhary, Jaytrilok; Kumar, Lalit","Root Vegetable Crop Recommendation System Based on Soil Properties and Environmental Factors","Lecture Notes in Electrical Engineering","978-981-97-8030-3","18761119","10.1007/978-981-97-8031-0_10","http://dx.doi.org/10.1007/978-981-97-8031-0_10","Traditional Agriculture has always involved the use of data. However, modern data challenges have become increasingly complex. As a result, data mining processes are now employed to construct machine learning models that analyze and extract valuable insights from this data. In the context of agriculture, data mining plays a crucial role in predicting crop yields, forecasting climate patterns and rainfall, optimizing seed and soil selections, and enhancing overall crop production efficiency. Agriculture serves as a cornerstone of India’s economic framework. Looking ahead to the next generation, the global population is projected to continue its growth. By 2050, the Earth will be home to an additional 9 billion people. Consequently, there is a pressing need to increase food production by 70%, all while utilizing less land. A common issue faced by numerous farmers is the challenge of selecting the appropriate crops based on their soil composition and local environment. This predicament leads to crop diseases, elevated production costs, and significant declines in productivity. Precision agriculture has emerged as a solution to this problem. Precision agriculture, rooted in traditional farming practices, leverages soil analysis, climate conditions, and temperature data to offer refined guidance on crop selection. This approach empowers farmers to enhance their output and productivity. In the context of this paper, we proposed a solution to address this challenge: the implementation of a recommendation system using a Random Forest classifier, which falls under the umbrella of Ensemble techniques. Additionally, the model is further refined by training it using Artificial Neural Network (ANN), employing the K-Fold Cross-validation technique through Keras. This strategy aims to augment the accuracy of model training, resulting in improved recommendations and outcomes.","2025-10","2026-01-24 00:34:06","2026-01-24 00:34:06","","86-98","","","1273 LNEE","","","","","","","","Springer Nature Singapore","","","","","","","","","","","","","Precision agriculture; Artificial neural network (ANN); Bagging technique; Ensemble model; K-Fold Cross-validation technique with Keras; Random Forest classifier; Recommendation system","","","","","","","","","","","","","","","","","","","","","","","","","","","","","","","","","","","","","","","","","","","","","","",""
"SID6CEBW","bookSection","2025","Chowdary, V. M.; Chakraborty, Abhishek; Sahay, Bhavana; Choudhary, Karun Kumar; Biswal, Anima; Srikanth, P.; Kumari, Mamta; Laxman, B.; Pandey, Varun; Raju, Parichay S.; Sreenivas, K.; Chauhan, Prakash","Geospatial applications for crop assessment","Sustainable Development Perspectives in Earth Observation","978-0-443-14072-3","","10.1016/B978-0-443-14072-3.00017-4","http://dx.doi.org/10.1016/B978-0-443-14072-3.00017-4","With the ever-increasing global population and limited arable land for cultivation, sustainable management of the existing farming land become critical for future food security. Geospatial technologies, which combines satellite, aerial, ground-based mobile spatial/aspatial data involving advanced data processing techniques, can play an important role in the current aspect. This chapter provides a snapshot of these geospatial applications for crop assessment that includes spectral reflectance of crop and its relation with leaf and canopy parameters, and spectral separability of the crops and crop mapping. Popular spectral vegetation indices and its role in monitoring the crop health/condition are also discussed. Techniques to retrieve crop biophysical/biochemical parameters using satellite observations and different valued added products like crop phenology and cropping intensity were also presented. The chapter also deals with the crop yield modeling using different approaches like empirical, semiempirical (light use efficiency), and process-based simulation models. The critical geospatial inputs for crop insurance solutions such as climatic risk-based zonation, rate making, prevented sowing, mid-season adversity, crop damage due to weather extremes, objective crop cutting experiment through smart sampling, crop yield assessment, and timely claim settlement are presented in brief. Adoption of these technologies in crop management will be critical for sustainable growth under future climatic scenarios.","2025","2026-01-24 00:34:06","2026-01-24 00:34:06","","9-43","","","","","","","","","","","Elsevier","","","","","","","","","","","","","Remote sensing; crop; crop condition; crop parameter retrieval; crop yield; indices; LSWI; NDVI; SAR; vegetation","","","","","","","","","","","","","","","","","","","","","","","","","","","","","","","","","","","","","","","","","","","","","","",""
"PWW7AX2S","bookSection","2025","Kumar, Reetesh; Chaurasiya, Dilip Kumar; Singh, Sarvesh","Advanced technological innovations for mitigating biotic stresses in horticulture: From remote sensing to AI-Driven solutions","Biotic Stress Tolerance in Horticultural Crops: Challenges and Mitigation Strategies","978-0-443-27324-7","","10.1016/B978-0-443-27324-7.00014-8","http://dx.doi.org/10.1016/B978-0-443-27324-7.00014-8","Climate change and population expansion are posing a growing challenge to global food security, which calls for creative and sustainable farming methods to boost crop yields. Horticultural yields and quality are greatly impacted by biotic stressors, including as pests, diseases, and weeds, which are typically controlled using chemical inputs like pesticides and herbicides. However, over usage of these pesticides has resulted in negative impacts on non-target organisms, environmental deterioration, and pesticide resistance. Advanced technical advancements like drone-based monitoring, hyperspectral imaging, and remote sensing are transforming biotic stress management in order to meet these problems. Real-time, high-resolution crop monitoring is made possible by these state-of-the-art instruments, which also make it easier to identify biotic hazards early and implement focused, accurate responses. Furthermore, combining machine learning and artificial intelligence (AI) improves decision-making and predictive modeling, maximizing resource utilization while reducing environmental effect. The potential of emerging technologies to enhance sustainability, efficiency, and resilience in agricultural systems is highlighted in this chapter, which examines their function in horticulture's mitigation of biotic stress.","2025","2026-01-24 00:34:06","2026-01-24 00:34:06","","231-242","","","","","","","","","","","Elsevier","","","","","","","","","","","","","Horticulture; Hyperspectral imaging; Artificial intelligence; Remote sensing; Precision agriculture; Sustainable agriculture; Biotic stress; Crop protection; Drone-based Monitoring; Pest management","","","","","","","","","","","","","","","","","","","","","","","","","","","","","","","","","","","","","","","","","","","","","","",""
"2MH27QZT","bookSection","2025","Jha, G.; Dey, Sourajit; Deshpande, Prasad","Operational and analytical frameworks of Unoccupied Aerial Vehicles (UAV) for precision agriculture applications","Advances in Agronomy","","00652113","10.1016/bs.agron.2025.10.005","https://doi.org/10.1016/bs.agron.2025.10.005","","2025","2026-01-24 00:34:06","2026-01-24 00:34:06","","","","","","","","","","","","","Academic Press (Elsevier)","","","","","","","","","","","","","","","","","","","","","","","","","","","","","","","","","","","","","","","","","","","","","","","","","","","","","","","","","","","",""
"8EZLKYD6","journalArticle","2024","Ceasovschih, Alexandr; Șorodoc, Victorița; Covantsev, Serghei; Balta, Anastasia; Uzokov, Jamol; Kaiser, Sergio; Almaghraby, Abdallah; Lionte, Cătălina; Stătescu, Cristian; Sascău, Radu; Onofrei, Viviana; Haliga, Raluca Ecaterina; Stoica, Alexandra; Bologa, Cristina; Ailoaei, Ștefan; Şener, Yusuf Ziya; Kounis, Nicholas; Șorodoc, Laurențiu","Electrocardiogram Features in Non-Cardiac Diseases: From Mechanisms to Practical Aspects","Journal of Multidisciplinary Healthcare","","1178-2390","10.2147/JMDH.S445549","https://www.dovepress.com/electrocardiogram-features-in-non-cardiac-diseases-from-mechanisms-to--peer-reviewed-fulltext-article-JMDH","","2024-04","2026-01-24 00:34:06","2026-01-24 00:34:06","","1695-1719","","","Volume 17","","","","","","","","","","","","","","","","","","","/home/aalejoz25/Zotero/storage/PGEI9WSX/Ceasovschih et al. - 2024 - Electrocardiogram Features in Non-Cardiac Diseases From Mechanisms to Practical Aspects.pdf","","","","","","","","","","","","","","","","","","","","","","","","","","","","","","","","","","","","","","","","","","","","","","","","",""
"EG2HJNCZ","journalArticle","2022","Singh, Rajat; Singh, Rajesh; Gehlot, Anita; Akram, Shaik Vaseem; Priyadarshi, Neeraj; Twala, Bhekisipho","Horticulture 4.0: Adoption of Industry 4.0 Technologies in Horticulture for Meeting Sustainable Farming","Applied Sciences","","2076-3417","10.3390/app122412557","https://www.mdpi.com/2076-3417/12/24/12557","The United Nations emphasized a significant agenda on reducing hunger and protein malnutrition as well as micronutrient (vitamins and minerals) malnutrition, which is estimated to affect the health of up to two billion people. The UN also recognized this need through Sustainable Development Goals (SDG 2 and SDG 12) to end hunger and foster sustainable agriculture by enhancing the production and consumption of fruits and vegetables. Previous studies only stressed the various issues in horticulture with regard to industries, but they did not emphasize the centrality of Industry 4.0 technologies for confronting the diverse issues in horticulture, from production to marketing in the context of sustainability. The current study addresses the significance and application of Industry 4.0 technologies such as the Internet of Things, cloud computing, artificial intelligence, blockchain, and big data for horticulture in enhancing traditional practices for disease detection, irrigation management, fertilizer management, maturity identification, marketing, and supply chain, soil fertility, and weather patterns at pre-harvest, harvest, and post-harvest. On the basis of analysis, the article identifies challenges and suggests a few vital recommendations for future work. In horticulture settings, robotics, drones with vision technology and AI for the detection of pests, weeds, plant diseases, and malnutrition, and edge-computing portable devices that can be developed with IoT and AI for predicting and estimating crop diseases are vital recommendations suggested in the study.","2022-12","2026-01-24 00:34:06","2026-01-24 00:34:06","","12557","","24","12","","","","","","","","","","","","","","","","","","","/home/aalejoz25/Zotero/storage/CYJWP7YQ/Singh et al. - 2022 - Horticulture 4.0 Adoption of Industry 4.0 Technologies in Horticulture for Meeting Sustainable Farm.pdf","","","","","","","","","","","","","","","","","","","","","","","","","","","","","","","","","","","","","","","","","","","","","","","","",""
"TDBQ8UH7","bookSection","2026","Hayat, Khizar; Ahmad, Shehzad; Wahid, Nazima; Karishma; Ali, Amjad; Kaplan, Alevcan; Khan, Muhammad Nauman; Fahad, Shah; Iqbal, Majid","New frontiers in soil chemistry research innovations and discoveries","Sustainable Soil Chemistry and Plant Nutrition","","","10.1016/B978-0-443-40584-6.00005-X","https://linkinghub.elsevier.com/retrieve/pii/B978044340584600005X","Soil chemistry is critical to the long-term viability of agriculture, the environment, and ecosystems. Recent advances in soil chemistry research have revealed new boundaries, owing to technical developments, multidisciplinary methods, and a better knowledge of soil dynamics. This chapter investigates developing trends, such as nanotechnology applications for soil remediation, biochar and organic additions to improve soil fertility, and the importance of molecular spectroscopy in soil nutrient analysis. Furthermore, advances in soil microbial interactions, carbon sequestration processes, and sustainable land management options are discussed. The merging of artificial intelligence and big data analytics is changing soil chemistry research by allowing more accurate soil health evaluations and predictive modeling. These advances not only enhance soil management methods but also help to ensure global food security and mitigate climate change. This chapter covers significant findings and future perspectives in soil chemistry, highlighting the necessity for ongoing study and long-term uses in agriculture and environmental protection.","2026","2026-01-24 00:34:06","2026-01-25 02:56:18","","379-414","","","","","","","","","","","Elsevier","","","","","","","","","","","","","","","","","","","","","","","","","","","","","","","","","","","","","","","","","","","","","","","","","","","","","","","","","","","",""
"ZATTGBAC","conferencePaper","2024","Malarvizhi, N.; Bajait, Vaishali","Optimization based hybrid approach for grape leaf disease classification and pesticide detection","","","","10.1063/5.0189928","https://pubs.aip.org/aip/acp/article-lookup/doi/10.1063/5.0189928","","2024","2026-01-24 00:34:06","2026-01-24 00:34:06","","050004","","","","","","","","","","","","","","","","","","","","","","","","","","","","","","","","","","","","","","","","","","","","","","","","","","","","","","","","","","","","","","","","","","","","","","",""
"VPZNUMBF","bookSection","2024","Lu, Chungui; Grundy, Steven; Mohmed, Gadelhag; Hardy, Katherine","Urban Agriculture and Vertical Farming","Encyclopedia of Sustainable Technologies","","","10.1016/B978-0-323-90386-8.00139-X","https://linkinghub.elsevier.com/retrieve/pii/B978032390386800139X","","2024","2026-01-24 00:34:06","2026-01-24 00:34:06","","521-533","","","","","","","","","","","Elsevier","","","","","","","","","","","","","","","","","","","","","","","","","","","","","","","","","","","","","","","","","","","","","","","","","","","","","","","","","","","",""
"94AZMHQ2","bookSection","2025","Upadhyay, Priti; Vishwakarma, Manish Kumar","Genomic assisted breeding approaches for biotic stress tolerance in horticultural crops","Biotic Stress Tolerance in Horticultural Crops","","","10.1016/B978-0-443-27324-7.00007-0","https://linkinghub.elsevier.com/retrieve/pii/B9780443273247000070","","2025","2026-01-24 00:34:06","2026-01-24 00:34:06","","101-118","","","","","","","","","","","Elsevier","","","","","","","","","","","","","","","","","","","","","","","","","","","","","","","","","","","","","","","","","","","","","","","","","","","","","","","","","","","",""