title,Authors,Author Affiliations,source_title,Date Added To Xplore,year,volume,Issue,page_start,page_end,abstract,ISSN,ISBNs,DOI,Funding Information,PDF Link,author_keywords,index_keywords,Mesh_Terms,Article Citation Count,Patent Citation Count,Reference Count,License,Online Date,Issue Date,Meeting Date,Publisher,Document Identifier
Deep Learning Based Fruit Crop Disease Classification Using Plants Leaf Imagery,A. Joshi; A. Badola; R. Saini,"Computer Science & Engineering, G.B.Pant Institute of Engineering & Technology, Pauri Garhwal, India; Computer Science & Engineering, G.B.Pant Institute of Engineering & Technology, Pauri Garhwal, India; Computer Science & Engineering, G.B.Pant Institute of Engineering & Technology, Pauri Garhwal, India","2024 First International Conference on Electronics, Communication and Signal Processing (ICECSP)",8 Oct 2024,2024,,,1,6,"Agriculture plays an important role in the economy, providing nutrition, food, and livelihoods to billions of people in this world. Fruits are a vital component of a balanced diet, acting as a rich source of antioxidants, vitamins, minerals, and fibres. To ensure its proper supply to the market, early diagnosis and treatment of fruit crop disease can play a significant role. In order to make this process quicker and more accurate, Deep learning (DL) techniques can be of immense help. In the proposed study, the implementation of four DL models: Visual Geometry Group VGG16, VGG19, EfficientNet-B0, and MobileNet is done on a subset of the Plant Village database, constituting 7,233 leaf images of apples and grapes divided into 8 different classes. Evaluation is done through various metrics, namely Precision, Recall, F1-score and Specificity. All the DL models performed well by attaining accuracy above 95%. MobileNet performed best among all DL models by achieving an accuracy of 99.38%, while VGG16, VGG19, and EfficientNet-B0 achieved an accuracy of 96.75%, 98.69% and 98.76% respectively.",,979-8-3503-6459-0,10.1109/ICECSP61809.2024.10698492,,https://ieeexplore.ieee.org/stamp/stamp.jsp?arnumber=10698492,Crop Disease;Deep Learning;Convolutional Neural Network (CNN);classification;VGG16;VGG19;EfficientNet-B0;MobileNet,Deep learning;Training;Visualization;Accuracy;Biological system modeling;Pipelines;Crops;Visual databases;Tuning;Diseases,,1,,18,IEEE,8 Oct 2024,8-10 Aug. 2024,8-10 Aug. 2024,IEEE,IEEE Conferences
Identification and classification of fungal disease affected on agriculture/horticulture crops using image processing techniques,J. D. Pujari; R. Yakkundimath; A. S. Byadgi,"S.D.M.C.E.T, Dharwar, INDIA; KLE.I.T, Hubli, INDIA; University of Agricultural Sciences, Dharwar, INDIA",2014 IEEE International Conference on Computational Intelligence and Computing Research,7 Sep 2015,2014,,,1,4,"This paper presents a study on the image processing techniques used to identify and classify fungal disease symptoms affected on different agriculture/horticulture crops. Many diseases exhibit general symptoms that are be caused by different pathogens produced by leaves, roots etc. Images Often do not possess sufficient details to assist in diagnosis, resulting in waste of time, misshaping the diagnostician to arrive at incorrect diagnosis. Farmers experience great difficulties and also in changing from one disease control policy to another i.e. intensive use of pesticides. Farmers are also concerned about the huge costs involved in these activities and severe loss. The cost intensity, automatic correct identification and classification of diseases based on their particular symptoms is very useful to farmers and also agriculture scientists. Early detection of diseases is a major challenge in horticulture / agriculture science. Development of proper methodology, certainly of use in these areas. Plant diseases are caused by bacteria, fungi, virus, nematodes, etc., of which fungi is the main disease causing organism. The present study has been focused on early detection and classification of fungal disease and its related symptoms.",,978-1-4799-3975-6,10.1109/ICCIC.2014.7238283,,https://ieeexplore.ieee.org/stamp/stamp.jsp?arnumber=7238283,fungal disease;agriculture crops;horticulture crops;pattern recognition,Diseases;Agriculture;Accuracy;Feature extraction;Image color analysis;Plants (biology),,37,,20,IEEE,7 Sep 2015,18-20 Dec. 2014,18-20 Dec. 2014,IEEE,IEEE Conferences
An Organized Examination of Image Processing for Detection and Diagnosis of Plant Diseases,M. Naveenkumar; M. Akila,"Department of Computer Science and Engineering, KPR Institute of Engineering and Technology, Coimbatore, India; Department of Computer Science and Engineering, KPR Institute of Engineering and Technology, Coimbatore, India",2023 7th International Conference on Intelligent Computing and Control Systems (ICICCS),8 Jun 2023,2023,,,1288,1299,"Agriculture is one of the most important and necessary sources of national wealth. Plant and crop diseases are one of the major factors that affect output quality and quantity. Lack of quality and quantity in food production creates a negative impact on the economy as well. Hence, it is crucial to identify plant diseases. Studies reveal a wide range of plant diseases occurring in different parts of the world. Various components of plants exhibit symptoms of plant diseases especially, the leaves. Extensive research is conducted across the globe and many horticulture specialists in liaison with technological experts apply computer vision and soft computing methods to automatically detect plant diseases from leaf photos. This article provides a summary of several aspects of such studies, along with their benefits and drawbacks. The authors addresses common infections as well as the state of such detection systems’ research at various stages. The current feature extraction methods are examined in order to determine which one seems to function best across a variety of crop categories. This study will aid researchers in their understanding of the use of computer vision for identifying and categorizing plant diseases.",2768-5330,979-8-3503-9725-3,10.1109/ICICCS56967.2023.10142319,,https://ieeexplore.ieee.org/stamp/stamp.jsp?arnumber=10142319,Phytopathology;Pathogens;Disease Identification;Machine Learning;Computer Vision,Plant diseases;Computer vision;Horticulture;Crops;Production;Feature extraction;Control systems,,1,,61,IEEE,8 Jun 2023,17-19 May 2023,17-19 May 2023,IEEE,IEEE Conferences
Detection of plant diseases and nutritional deficiencies from unhealthy plant leaves using machine learning techniques,D. Nath; P. K. Dutta; A. K. Bhattacharya,"Amity School of Engineering and Technology, Amity University Kolkata; Amity School of Engineering and Technology, Amity University Kolkata; Division of Post Harvest Management, ICAR-Central Institute for Subtropical HorticultureRehmankhera, P.O. Kakori, Lucknow- 226101, UP",4th Smart Cities Symposium (SCS 2021),9 May 2022,2021,2021,,351,356,"In countries like India, which are majorly dependent on an agricultural economy, detection of crop-disease and classification has immense significance. To support agriculture, automatic disease detection and classification of plant/crop disease has become an important aspect today. Manual disease detection requires enormous amount of labour and involves too much processing-time. Therefore, image-processing plays important role for the detection of crop/plant disease from images of diseased leaves. The proposed method is based on the automatic segmentation and classification of different diseased regions of leaf from the plant/crop images, which works in three steps: In the first step, pre-processing is applied to the captured leaf image that is subjected to median filters and contrast stretching in order to remove the digitization noise and enhance the contrast of the image, respectively. In the second step, K-means clustering algorithm is employed on L*a*b* colour model of leaf image that segments pixels into uniform sets. These segments then are converted into HSV colour model and the segment that has maximum hue value among other segments are extracted as a disease segment. Finally, to the extracted diseased segment we will apply machine learning, i.e., Multi SVM classifier to classify crop image into various categorises of diseases. The same methodology is used to predict the Chlorophyll-Nitrogen content of the leaf and use the SVM classifier to show whether there is an ‘efficiency’ or ‘deficiency’ of nutrients in the crop.",,978-1-83953-658-8,10.1049/icp.2022.0368,,https://ieeexplore.ieee.org/stamp/stamp.jsp?arnumber=9770610,,,,2,,,,9 May 2022,21-23 Nov. 2021,21-23 Nov. 2021,IET,IET Conferences
Identification of Paddy Leaf Disease using Machine Learning Methods,N. K. S; S. P; R. R,"Department. of Electronics and Comm. Engg., P.A. College of Engineering and Technology, Tamil Nadu, India; Department. of Electronics and Comm. Engg., P.A. College of Engineering and Technology, Tamil Nadu, India; Department. of Electronics and Comm. Engg., P.A. College of Engineering and Technology, Tamil Nadu, India","2024 IEEE International Conference on Signal Processing, Informatics, Communication and Energy Systems (SPICES)",13 Dec 2024,2024,,,1,6,"The skill of growing fruits and vegetables is known as horticulture, and it is the foundation of both business and well-being. Crop observation and disease detection have even taken precedence over conventional methods of modern farming, despite those techniques being rendered outdated by ignorance of plant illnesses, which can result in financial losses. Plant disease detection and treatment strategies are becoming more sophisticated as horticulture moves toward the Industrial Internet of things (IIoT) 5.0. This effort focuses on creating a model that can precisely diagnose rice leaf disease by examining the leaves of rice plants in order to accomplish this aim. Utilizing a logistic regression classification algorithm, the ResNet50 model based on R-CNN has been evaluated with a dataset of plant leaf image information. 97% accuracy is attained with the Resnet-50 model when compared with other models namely, DenseNet-161 and Inception Net V3 +RCNN.",,979-8-3503-7613-5,10.1109/SPICES62143.2024.10779961,,https://ieeexplore.ieee.org/stamp/stamp.jsp?arnumber=10779961,Image processing;Rice leaf disease;Computer vision;Plant leaf disease diagnosis deep learning,Plant diseases;Machine learning algorithms;Accuracy;Plants (biology);Horticulture;Laboratories;Crops;Transforms;Agriculture;Industrial Internet of Things,,,,20,IEEE,13 Dec 2024,20-22 Sept. 2024,20-22 Sept. 2024,IEEE,IEEE Conferences
Disease Detection in Plants Using KNN Algorithm,S. Garg; D. Dixit; S. S. Yadav,Galgotias University; Galgotias University; Galgotias University,"2022 4th International Conference on Advances in Computing, Communication Control and Networking (ICAC3N)",28 Mar 2023,2022,,,938,943,"India is widely acknowledged as the world's fundamental producer of spices, grains, rice harvests etc. The characteristics of theyield, that defined by the plants growth and harvest. As a result, disease identification in plants is critical in the sector of cultivation. Plants are highly prone to infections, that disturb the plant's progress &, as a result, disrupt the natural balance of the agronomist. The need for an automatic disease detection process is advantageous in identifying a plant disease at an early stage.Pre-processing, feature extraction, segmentation, and classification are all steps in plant disease detection algorithms.The performance of the KNN classifier is examined, and it is discovered that the KNN classifier has higher accuracy and less fault detection than other techniques.",,978-1-6654-7436-8,10.1109/ICAC3N56670.2022.10074491,,https://ieeexplore.ieee.org/stamp/stamp.jsp?arnumber=10074491,GLCM;KNN;K-means;Plant Disease Detection,Fault diagnosis;Plant diseases;Machine learning algorithms;Rendering (computer graphics);Prediction algorithms;Genetics;Feature extraction,,6,,9,IEEE,28 Mar 2023,16-17 Dec. 2022,16-17 Dec. 2022,IEEE,IEEE Conferences
A Mango Disease Prediction for Smart Agiculture using Machine Learning Algorithms,L. K; A. Packialatha,"Department of Computer Science and Engineering, Vels Institute of Science Technology & Advanced Studies, Chennai, Tamilnadu, India; Department of Computer Science and Engineering, Vels Institute of Science Technology & Advanced Studies, Chennai, Tamilnadu, India","2024 8th International Conference on I-SMAC (IoT in Social, Mobile, Analytics and Cloud) (I-SMAC)",23 Oct 2024,2024,,,1530,1537,"The country's economy relies heavily on agriculture, and the health of the crops is essential to its success. Crop diseases that go undetected can cost the agriculture industry. Thus early detection and identification are crucial. It is possible to avoid crop diseases from destroying the harvest if they are accurately diagnosed and detected. Because healthy and diseased plants appear identical in their early stages, farmers cannot distinguish between the two by watching the crop leaf. India exports vast mangoes, making it an economically and environmentally significant fruit. About 1500 mango species are grown in India, with over 1000 commercial types. There are a lot of diseases that harm mangoes, affecting their look, taste, and economy. The ""Prediction of Disease in Mango Fruit Crops"" A complex warning system that uses machine learning and IoT. One of the main objectives is to develop a system that can forecast disease outbreaks on mango fruit harvests using historical weather information and crop yield Mango trees in India are plagued by a fungus called Anthracnose, which is the most frequent disease of its kind. Anthracnose, a highly contagious fungus, requires a quick and accurate method of diagnosis. As a result, an in-depth examination of the plants is essential before initiating any control measures. This study examines machine learning(ML) and deep learning (DL) strategies for detecting and classifying mango plant diseases. The performance of ML and DL-based classification models for mango crops and their datasets and feature extraction approachesare examined in this work. Finally, a variety of issues involved in plant disease identification are explored.",2768-0673,979-8-3503-7642-5,10.1109/I-SMAC61858.2024.10714657,,https://ieeexplore.ieee.org/stamp/stamp.jsp?arnumber=10714657,"Internet of Things;Temparature,Disease Detection;Machine Learning;Precision Farming;deep learning",Support vector machines;Deep learning;Plant diseases;Accuracy;Costs;Biological system modeling;Crops;Data models;Agriculture;Internet of Things,,1,,15,IEEE,23 Oct 2024,3-5 Oct. 2024,3-5 Oct. 2024,IEEE,IEEE Conferences
Machine Learning for Accurate and Efficient Pomegranate Fruit Disease Detection: A Novel Approach to Improve Crop Yield and Quality,P. Wakhare; S. Neduncheliyan; P. B. Mane,"Bharath Institute of Higher Education and Research, Tamil Nadu, India; Bharath Institute of Higher Education and Research, Tamil Nadu, India; AISSMS Institute of Information Technology, Pune, Maharashtra","2023 7th International Conference On Computing, Communication, Control And Automation (ICCUBEA)",22 Jan 2024,2023,,,1,5,"This paper presents a web-based tool for identifying diseases in fruit crops to address the negative impact of climate change on agriculture. With the increase in population, there is a growing demand for more food production, which puts pressure on farmers to increase crop yields. However, climate change is causing uneven weather conditions, leading to decreased crop yields. This paper proposes a solution that allows farmers to upload an image of a fruit to a system that has a trained dataset of fruit images. The system uses several image processing steps, including feature extraction based on parameters such as color, morphology, and CCV, followed by clustering using CNN Algorithm and classification using SVM to determine if the fruit is infected or not. An intent search technique is used to find the user intention from the features extracted. The experimental evaluation of the approach shows that it is effective, with a 98.38% accuracy rate in identifying diseases in fruit crops. The proposed tool can be used to identify the diseases that affect fruit crops and provide farmers with timely and accurate information, enabling them to take preventive measures to protect their crops, improve crop yields, and contribute to the overall agricultural economy. The recommendations for the application of the developed machine learning model for pomegranate fruit disease detection include using high-quality data, regularly updating the model, integrating with other detection methods, providing an easy-to-use interface, and providing technical support to growers.",2771-1358,979-8-3503-0426-8,10.1109/ICCUBEA58933.2023.10391966,,https://ieeexplore.ieee.org/stamp/stamp.jsp?arnumber=10391966,Pomegranate;fruit Disease Detection;Machine Learning Algorithms;Crop Yield;Agricultural Productivity;Deep Learning,Support vector machines;Climate change;Sociology;Machine learning;Production;Feature extraction;Data models,,9,,15,IEEE,22 Jan 2024,18-19 Aug. 2023,18-19 Aug. 2023,IEEE,IEEE Conferences
Identification of Tomato Plant Diseases by Leaf Image Using Squeezenet Model,A. Hidayatuloh; M. Nursalman; E. Nugraha,"Program Studi Ilmu Komputer, Universitas Pendidikan Indonesia, Bandung, Indonesia; Program Studi Ilmu Komputer, Universitas Pendidikan Indonesia, Bandung, Indonesia; Program Studi Ilmu Komputer, Universitas Pendidikan Indonesia, Bandung, Indonesia",2018 International Conference on Information Technology Systems and Innovation (ICITSI),25 Apr 2019,2018,,,199,204,"One of the problems in the field of agriculture is regarding plant diseases. Plant diseases can cause a decrease in agricultural production. Therefore, early detection and diagnosis of plant diseases is very important. Plant diseases often appear on the leaves, and the characteristics of the affected leaves can be varied and difficult to distinguish. This makes it difficult to identify the disease automatically. Increased smartphone usage and advances in the field of computer vision through deep learning have made it possible to connect smartphones as a tool in diagnosing diseases. Plants used as case studies in this study were tomato plants. The method used is Convolutional Neural Network (CNN). This CNN method has many types based on the architecture it builds, one of which is squeezenet architecture. Squeezenet architecture can produce a model with a relatively small size, so that the model can be implemented on smartphone devices, server computing, and microcontroller devices. This research will focus on building a model based on squeezenet architecture to classify seven types of tomato plant diseases on the leaves including healthy leaves. The model is built using the help of Keras deep learning frameworks. The data used in this study is the image of tomato plant leaves obtained from the Vegetable Crops Research Institute (Balitsa) in Lembang, West Java. With 200 classes for each class. This study has successfully detected tomato plant disease through its leaf image automatically with an average accuracy of identification of 86.92%.",,978-1-5386-5693-8,10.1109/ICITSI.2018.8696087,,https://ieeexplore.ieee.org/stamp/stamp.jsp?arnumber=8696087,tomato plant diseases;convolutional neural network;squeezenet architecture;deep learning;computer vision;balitsa;keras,Diseases;Computer architecture;Training;Data models;Deep learning;Plants (biology);Computational modeling,,54,,6,IEEE,25 Apr 2019,22-26 Oct. 2018,22-26 Oct. 2018,IEEE,IEEE Conferences
Deep Learning Approach for Recognition and Classification of Tomato Fruit Diseases,A. S. Nagesh; G. N. Balaji,"Department of Information Technology, CVR College of Engineering, Ibrahimpattnam; School of Computer Science and Engineering, Vellore Institute of Technology, Vellore","2022 International Conference on Data Science, Agents & Artificial Intelligence (ICDSAAI)",2 Feb 2023,2022,1,,1,6,"Diseases devastate food crops, causing significant losses for farmers and jeopardising food security, resulting in a low production rate. Health monitoring and disease detection are critical for sustainable agriculture. Monitoring the fruit diseases manually is extremely difficult. It necessitates a significant amount of work, knowledge of fruit diseases, and an extended processing time. Hence, deep learning is used to detect fruit diseases with high accuracy. This paper proposes the method to detect the tomato fruit diseases in color images. In the proposed method, convolutional neural network is used for extracting the features and classification. Further, the augmentation strategy is applied on existing samples to create the dataset with large number of samples. The convolutional neural network method based on VGG16 will be used to train augmented data for recognition and classification of tomato diseases. The results of the CNN after testing affirms that the tomato disease can be predicted efficiently, and it can be utilised for early detection purpose.",,979-8-3503-3384-8,10.1109/ICDSAAI55433.2022.10028790,,https://ieeexplore.ieee.org/stamp/stamp.jsp?arnumber=10028790,Convolutional Neural Network;Deep Learning;Disease detection;VGG16,Deep learning;Measurement;Production;Feature extraction;Market research;Agriculture;Convolutional neural networks,,6,,19,IEEE,2 Feb 2023,8-10 Dec. 2022,8-10 Dec. 2022,IEEE,IEEE Conferences
Image Processing in Crop Quality Assessment and Disease Detection of Okra Using CNN with U- NET,P. Rawat; K. Gupta,"CSE, UIE, Chandigarh University, Mohali, Punjab, India; CSE, UIE, Chandigarh University, Mohali, Punjab, India","2025 International Conference on Sustainability, Innovation & Technology (ICSIT)",19 Dec 2025,2025,,,1,5,"Okra (Lady finger), an important vegetable crop in India, is frequently plagued by leaf diseases, which reduce yield and affect crop quality. Manual testimony of such diseases is time-taking and inclined to human error, particularly in rural locations where specialist resources are scarce. To solve this issue, this study presents a Custom CNN with U-Net for detecting and classifying okra leaf disease in high-resolution RGB images. A dataset of 1,500 images covering six classes, including healthy leaves and five major disease kinds, was used. The methodology covers data preparation, augmentation, and classification with custom CNN. The classifier achieved 0.99% AUC with overall test accuracy of 88%, with strong class-wise performance as evidenced by the confusion matrix and classification report. ROC analysis also revealed good separability across all classes, indicating the model's resilience. In addition to classification, a U-Net architecture was developed for segmentation and estimating future severity levels. Visualization of predictions revealed a close match between expected and real labels, confirming the model's reliability. This study emphasizes the utility of CNN and U-Net techniques. Future research will look into real-time deployment on edge devices and the integration of severity grading using lesion segmentation to better crop health management.",,979-8-3315-3549-0,10.1109/ICSIT65336.2025.11293878,,https://ieeexplore.ieee.org/stamp/stamp.jsp?arnumber=11293878,CNN;classification;U-Net;Image segementation;Okra;Crop Quality,Accuracy;Image edge detection;Crops;Predictive models;Real-time systems;Quality assessment;Convolutional neural networks;Diseases;Synthetic data;Resilience,,,,16,IEEE,19 Dec 2025,22-23 Aug. 2025,22-23 Aug. 2025,IEEE,IEEE Conferences
Branching Out: A Simple 5-Level Classification of Magnolia Scale Diseases Using a Combination of CNN and DT Models,R. Sharma; M. Nagpal,"Centre for Research Impact & Outcome, Chitkara University Institute of Engineering and Technology, Chitkara University, Rajpura, Punjab, India; Chitkara Centre for Research and Development, Chitkara University, Himachal Pradesh, India",2024 5th IEEE Global Conference for Advancement in Technology (GCAT),20 Mar 2025,2024,,,1,5,"Checking and sorting Magnolia Scale diseases is very important for keeping plants healthy and making sure they get the best crop output in farming. In this work, introduce a new mix using Convolutional Neural Networks (CNN) and Decision Trees (DT). It helps to sort Magnolia Scale diseases into five agreed severity levels. The mix of CNN and DT models does well. It gets 96 out of 100 right at guessing how bad the infestation with the Magnolia Scale is. Using what’s known as transfer learning, the CNN part takes important features from an existing deep learning system. Then it adjusts these learned features to special traits of a set of Magnolia Scale images for disease identification after fine-tuning. After that, adding the results from a process called CNN into a group of choices helps make the model better. It also makes it strong and gives exact levels for how serious something is. Accuracy measurements such as precision, recall, and F1-scores above 90% across all disease severity levels show that the model is dependable and accurate in spotting different stages of illnesses. The research shows that the mixed model can be very important in disease control plans for gardening. It provides accurate and sure evaluation skills needed to find diseases early on so action can be taken quickly. This study sets the building blocks for improving ways of checking diseases and it looks promising to change disease control methods in plants outside Magnolia. This could improve plant health and make farming more sustainable without just thinking about Magnolia flowers.",,979-8-3503-7668-5,10.1109/GCAT62922.2024.10923907,,https://ieeexplore.ieee.org/stamp/stamp.jsp?arnumber=10923907,Magnolia Scale;Disease severity classification;Convolutional Neural Networks;Hybrid models;Horticulture;Plant disease assessment,Plant diseases;Accuracy;Transfer learning;Medical services;Real-time systems;Convolutional neural networks;Reliability;Diseases;Farming;Sorting,,,,16,IEEE,20 Mar 2025,4-6 Oct. 2024,4-6 Oct. 2024,IEEE,IEEE Conferences
Classification and Detection of Apple Leaf Disease Using DenseNet201 and YOLOV8,V. Parisae; D. Yushmanth; N. M. Sree; G. Manyasri; C. Jannu; G. S. S. Rao,"Department of CSE-Data Science, NRI Institute of Technology, Agiripalli, AP, India; Department of CSE-Data Science, NRI Institute of Technology, Agiripalli, AP, India; Department of CSE-Data Science, NRI Institute of Technology, Agiripalli, AP, India; Department of CSE-Data Science, NRI Institute of Technology, Agiripalli, AP, India; Department of CSE-Data Science, NRI Institute of Technology, Agiripalli, AP, India; Department of CSE-Data Science, NRI Institute of Technology, Agiripalli, AP, India",2025 9th International Conference on Inventive Systems and Control (ICISC),13 Oct 2025,2025,,,70,77,"Globally, plant diseases severely reduce crop output, consequently affecting agricultural productivity. Lots of specialist expertise makes it tough to detect those issues. The usage of leaf pictures, deep learning-primarily based models present interesting answers; despite the fact that, problems including the call for more extensive training sets and computational complexity remain unresolved. We propose a convolutional neural network (CNN) with much less layers to address this, consequently lowering computational load. The training set is expanded using augmentation methods along with shift, shear, scaling, zoom, and flipping without gathering fresh snap shots. Since about half of the world's populace relies upon on agriculture, raising production by way of 50–60 % is absolutely crucial, mainly in areas experiencing fast population growth. Apple crop output in India suffers no matter an increasing location of cultivation yield has hardly ever modified. A chief apple-producing state, Himachal Pradesh, suffers significantly in fruit quality from fungal infections. Our work tackles those issues via the use of YOLO series models for effective disease detection in apples and deep learning models together with pre-trained ones to handle timeliness and accuracy of disease diagnosis is guaranteed through using picture processing and artificial intelligence. This era should rework apple plant disease detection, consequently improving food security all round. Brief intervention facilitates farmers protect their plants and guarantee higher yields, there-fore contributing to the general meals security for the rising world population.",,979-8-3315-1247-7,10.1109/ICISC65841.2025.11188291,,https://ieeexplore.ieee.org/stamp/stamp.jsp?arnumber=11188291,Apple diseases;classification;convolutional neu-ral network;deep learning;disease detection;image processing;machine learning,Deep learning;Training;YOLO;Plant diseases;Image processing;Food security;Crops;Agriculture;Real-time systems;Convolutional neural networks,,,,30,IEEE,13 Oct 2025,12-13 Aug. 2025,12-13 Aug. 2025,IEEE,IEEE Conferences
AI-Driven Gardening Assistant: Intelligent Plant Care and Disease Detection Using AI,K. Sumithra Devi; M. Santhosh,"Department of Computer Science and Engineering, KCG College of Technology, KCG College Rd, Karapakkam, Chennai, India; Department of Computer Science and Engineering, KCG College of Technology, KCG College Rd, Karapakkam, Chennai, India","2025 8th International Conference on Circuit, Power & Computing Technologies (ICCPCT)",9 Oct 2025,2025,,,1158,1162,"The popularity of terrace and backyard gardening heightened the demand for smart, AI-enabled plant care and disease control. Here is presented the AI-Driven Gardening Assistant, an end-to-end solution that leverages computer vision and deep learning techniques for plant species identification, disease identification, and personalized care instructions. The assistant uses the YOLO algorithm, which is trained on a very large, augmented dataset covering multiple crop species, to ensure high-accuracy detection in diverse environmental conditions. A Retrieval-Augmented Generation (RAG) engine also powers an interactive chatbot through which users can ask expert, context-specific gardening advice from a highly curated knowledge base. Other than disease treatment, the assistant gives advice on terrace gardening methods and prevention. System implementation, deployment, and testing results are stated, and they indicate how the system can be applied to optimize terrace gardening using available AI-based assistance.",,979-8-3315-4317-4,10.1109/ICCPCT65132.2025.11176616,,https://ieeexplore.ieee.org/stamp/stamp.jsp?arnumber=11176616,Terrace gardening;Deep Learning;Computer vision;YOLO;Retrieval-Augmented Generation (RAG),YOLO;Deep learning;Computer vision;Accuracy;Retrieval augmented generation;Chatbots;Real-time systems;System implementation;Diseases;Testing,,,,15,IEEE,9 Oct 2025,7-8 Aug. 2025,7-8 Aug. 2025,IEEE,IEEE Conferences
Roses Plant Disease Detection using DenseNet121 Model,L. R. Chaudhari; A. V. Tidke; P. S. Gupta; P. Patel; S. Hudnurkar,"Instrumentation Engineering, Dr. D.YPatil Institute of Technology, Savitribai Phule Pune University; Instrumentation Engineering, Dr. D.YPatil Institute of Technology, Savitribai Phule Pune University; Instrumentation Engineering, Dr. D.YPatil Institute of Technology, Savitribai Phule Pune University; Instrumentation Engineering, Dr. D.YPatil Institute of Technology, Savitribai Phule Pune University; Symbiosis Institute of Technology, Symbiosis International (Deemed University) Ganesh Khind University Pune University Campus, Pune, Maharashtra, India",2024 International Conference on Intelligent Systems and Advanced Applications (ICISAA),15 Jan 2025,2024,,,1,5,"Roses diseases pose a significant threat to horticultural productivity, necessitating early detection and intervention for effective management. This research proposes the development of a web-based application leveraging Deep Learning (DL) methodologies to facilitate rapid and accurate disease identification in roses. The application will employ a pre-trained Convolutional Neural Network (CNN) model, DenseNet121, fine-tuned on a curated dataset of rose disease images through transfer learning. Users will be able to upload images of their plants via the web interface, which will then be analyzed by the DenseNet121 model to identify potential diseases. This DL-powered tool aims to empower gardeners and horticulturists with a user-friendly platform for early disease detection and proactive management, ultimately contributing to healthier rose cultivation practices. The research will investigate the effectiveness of DenseNet121 for detecting rose diseases, assess the accuracy of the web application across various disease types, and explore the practical implications of integrating such a tool into real-world horticultural settings.",,979-8-3315-3994-8,10.1109/ICISAA62385.2024.10828973,,https://ieeexplore.ieee.org/stamp/stamp.jsp?arnumber=10828973,Deep Learning;DenseNet121;CNN;Agriculture;Web Application;Streamlit,Deep learning;Productivity;Plant diseases;Accuracy;Scalability;Transfer learning;Real-time systems;Robustness;Convolutional neural networks;Intelligent systems,,2,,10,IEEE,15 Jan 2025,25-26 Oct. 2024,25-26 Oct. 2024,IEEE,IEEE Conferences
An Extensive Evaluation of Plant Disease Detection Using Diverse Machine Learning Approaches,F. Suthar; K. Padhya; R. Joshi; S. Parikh; A. Panthakkan; W. Mansoor,"A.M.Patel Institute of Computer, Ganpat University Mehsana, India; A.M.Patel Institute of Computer, Ganpat University Mehsana, India; A.M.Patel Institute of Computer, Ganpat University Mehsana, India; A.M.Patel Institute of Computer, Ganpat University Mehsana, India; University of Dubai, Dubai, United Arab Emirates; University of Dubai, Dubai, United Arab Emirates",2023 6th International Conference on Signal Processing and Information Security (ICSPIS),12 Dec 2023,2023,,,151,155,"Plant sicknesses fundamentally affect horticultural efficiency and food security. In order to minimize widespread damage and maximize crop yield, it is essential to detect these diseases promptly and accurately. Automating the process of detecting plant diseases has been shown to be a promising application of machine learning techniques in recent years. This study presents a comprehensive analysis of various machine learning techniques applied to the task of plant disease detection. This study investigates the use of different AI procedures for plant illness recognition. Convolutional neural networks (CNNs), support vector machines (SVMs), random forests, and k-nearest neighbors (KNNs) are just a few of the algorithms that are compared in this study. Feature extraction from diseased plant images is the first step in our experiment, followed by model training and validation. The results demonstrate the efficacy of machine learning in accurately identifying plant diseases based on visual symptoms. The findings provide insights into the strengths and limitations of each technique, paving the way for further research in automated and precise plant disease diagnosis to enhance agricultural sustainability.",2831-3844,979-8-3503-2959-9,10.1109/ICSPIS60075.2023.10343735,,https://ieeexplore.ieee.org/stamp/stamp.jsp?arnumber=10343735,Agriculture;Plant diseases detection;Machine learning methods;CNN;KNN;SVM,Support vector machines;Training;Productivity;Plant diseases;Visualization;Signal processing;Real-time systems,,1,,22,IEEE,12 Dec 2023,8-9 Nov. 2023,8-9 Nov. 2023,IEEE,IEEE Conferences
Literature Review of Disease Detection in Tomato Leaf using Deep Learning Techniques,H. E. David; K. Ramalakshmi; H. Gunasekaran; R. Venkatesan,"Department of Computer Science Engineering, Karunya Institute of Technology and Sciences, Coimbatore, India; Department of Computer Science Engineering, Alliance University, Bangalore, India; IT Department, University of Technology and Applied Sciences, Oman; Department of Computer Science and Engineering, Karunya Institute of Technology and Sciences, Coimbatore, India",2021 7th International Conference on Advanced Computing and Communication Systems (ICACCS),3 Jun 2021,2021,1,,274,278,"Tomatoes are the most common vegetable crop widely cultivated in the agricultural fields in India. The tropical climate is ideal for its growth, however certain climatic conditions and various other factors affect the normal growth of tomato plants. Apart from these climatic conditions and natural disasters, plant disease is a major crisis in crop production and results in economic loss. The traditional disease detection methods for tomato crops could not produce the expected outcome and the detection period for diseases was slow. The early detection of diseases can give better results than the existing detection models. Thus, computer vision-based technology deep learning techniques could be implemented for earlier disease detection. This paper introduces a comprehensive analysis of the disease classification and detection techniques implied for tomato leaf disease identification. This paper also reviews the merits and drawbacks of the methodologies proposed. This paper finally proposes the early disease detection technique to identify tomato leaf disease using hybrid deep-learning architecture.",2575-7288,978-1-6654-0521-8,10.1109/ICACCS51430.2021.9441714,,https://ieeexplore.ieee.org/stamp/stamp.jsp?arnumber=9441714,Tomato Leaf Disease;Leaf Disease Detection;Machine Learning;Deep Learning;CNN;Hybrid CNN-RNN,Deep learning;Biological system modeling;Computational modeling;Computer architecture;Production;Agriculture;Real-time systems,,31,,31,IEEE,3 Jun 2021,19-20 March 2021,19-20 March 2021,IEEE,IEEE Conferences
Fusion classification technique used to detect downy and Powdery Mildew grape leaf diseases,P. B. Padol; S. D. Sawant,"Dept. of Electronics & Telecommunication, Smt. Kashibai Navale College of Engineering, Pune, India; National Research Center for Grapes, Pune, India","2016 International Conference on Global Trends in Signal Processing, Information Computing and Communication (ICGTSPICC)",26 Jun 2017,2016,,,298,301,"Grape constitutes one of the most widely grown fruit crop in the India. Manual observation of experts is used in practice for detection of leaf diseases, which takes more time for further control action. Without accurate disease diagnosis, proper control actions cannot be taken at appropriate time. This is where modern agriculture technique is required to detect and prevent the leaf from different diseases. This paper aims to introduce a new approach for detection of grape leaf diseases using image processing, which will minimize the loss and increase its profit due to automation. In this system, classification is done using Support Vector Machine (SVM) and Artificial Neural Network (ANN) classifies separately. A new classifier is proposed using fusion classification technique which ensembles classifiers from SVM and ANN to regenerate base classifier for grape leaf disease detection. Based on detection of disease the proper mixture of fungicides will be provided to the grape farmers.",,978-1-5090-0467-6,10.1109/ICGTSPICC.2016.7955315,,https://ieeexplore.ieee.org/stamp/stamp.jsp?arnumber=7955315,Image Processing;Leaf diseases detection;K-means clustering;Support Vector Machine (SVM);Artificial Neural Network (ANN);Fusion Classification Technique,Diseases;Pipelines;Support vector machines;Image color analysis;Feature extraction;Image segmentation;Artificial neural networks,,27,,10,IEEE,26 Jun 2017,22-24 Dec. 2016,22-24 Dec. 2016,IEEE,IEEE Conferences
An Overall Disease Analysis of Mango Using Neural Network with Hybrid Feature model,J. Kaur; A. K. Sharma; M. Kaushal; A. Badhoutiya; N. Reddy; A. Alkhayyat,"Department of ECE, Chandigarh Engineering College, Jhanjeri, Mohali, India; Department of Applied Sciences, Chandigarh Engineering College, Jhanjeri, Mohali, India; Dean Professional Studies and Dean Corporate Affairs, Gulzar Group of Institutes, Khanna, Punjab, India; Department of Electrical Engineering, GLA University, Mathura, India; Department of Computer Science & Engineering, IES College of Technology, Bhopal, IES University, Bhopal, India; College of Technical Engineering, The Islamic University, Najaf, Iraq",2023 IEEE World Conference on Applied Intelligence and Computing (AIC),2 Oct 2023,2023,,,119,124,"Mango is a highly valued fruit crop, with arable land covering about 36% of the total fruit area. With roughly 23% of the total area under mango, Uttar Pradesh and Andhra Pradesh lead the way, followed by Tamil Nadu, Karnataka, Gujarat, and Bihar. Global food security is affected a lot due to crop plant diseases. These diseases directly affect the quality of food, fruits, etc., resulting in a fall in agricultural productivity. Farmers must assess the leaf, fruit, or tree through visual interpretation to determine whether any fruit crop part is contaminated or blooming properly. But this traditional technique has its limitations; it is inconsistent, unreliable, and prone to mistakes. Researchers have proposed a variety of techniques for resolving the above-stated issues. Most of them preferred the modelling of convolutional neural network models according to problem areas by giving low-resolution images as input, resulting in low disease detection accuracy. In this work, we use an artificial neural network (ANN) technique with the objective of early detection of disease in any part of the fruit crop with tiny disease blobs that can only be seen with better resolution images. All the contaminated blobs are segmented for the entire dataset after a pre-processing phase using a contrast enhancement approach.",,979-8-3503-1006-1,10.1109/AIC57670.2023.10263945,,https://ieeexplore.ieee.org/stamp/stamp.jsp?arnumber=10263945,convolutional neural network;enhancement;resolution;image classification;feature selection,Productivity;Visualization;Image segmentation;Plant diseases;Image resolution;Crops;Pattern recognition,,,,16,IEEE,2 Oct 2023,29-30 July 2023,29-30 July 2023,IEEE,IEEE Conferences
Intelligent Recognition of Leaf Abnormalities Using Deep Learning Method,A. M N; P. P S; P. K; D. R H; Kiran; S. C N,"Dept. of Electronics & Communication, BGS Institute of Technology, Mandya, India; Dept. of Electronics & Communication, BGS Institute of Technology, Mandya, India; Dept. of Electronics & Communication, BGS Institute of Technology, Mandya, India; Dept. of Electronics & Communication, BGS Institute of Technology, Mandya, India; Dept. of Electronics & Communication, Vidyavardhaka College of Engineering, Mysuru, India; Dept. of Electronics & Communication, BGS Institute of Technology, Mandya, India",2023 International Conference on Recent Advances in Science and Engineering Technology (ICRASET),8 Feb 2024,2023,,,1,5,"Deep Neural Networks (DNNs) have significantly improved the detection of different diseases affecting plants. The impact of unidentified and untreated plant diseases is to reduce crop yield significantly, as they negatively affect the quality and quantity of horticultural and agricultural products. Therefore, early recognition of plant diseases is essential for improving crop quality and reducing production losses. To this end, a modern framework has been developed that incorporates image acquisition and analysis, utilizing DNN models to calculate various evaluation metrics such as Recall, F1 scaling, accuracy, and precision. By diversifying the results, it becomes possible to differentiate between healthy and bacterial plant leaves. The proposed methodology has been tested on two types of plants - pepper, and potato - and can determine the percentage of infection on plant leaves.",,979-8-3503-0692-7,10.1109/ICRASET59632.2023.10420037,,https://ieeexplore.ieee.org/stamp/stamp.jsp?arnumber=10420037,Deep Neural Networks (DNNs);Plant Leaf;Potato Plant Leaf;Pepper Plant Leaf;Image Acquisition;Classification,Deep learning;Plant diseases;Microorganisms;Insects;Artificial neural networks;Production;Soil,,4,,20,IEEE,8 Feb 2024,23-24 Nov. 2023,23-24 Nov. 2023,IEEE,IEEE Conferences
Optimizing Vegetable Yield Forecasting with Machine Learning Using Soil and Weather Data,S. Chavan; D. R. Ingle,"Department of Computer Engineering, Bharati Vidyapeeth College of Engineering, Navi Mumbai, India; Department of Computer Engineering, Bharati Vidyapeeth College of Engineering, Navi Mumbai, India",2024 International Conference on Artificial Intelligence and Quantum Computation-Based Sensor Application (ICAIQSA),21 Feb 2025,2024,,,1,6,"The majority of people in India depend mostly on agriculture for their livelihood, which also contributes substantially to the country's economy. However, there is still room for improvement and expansion in the agricultural sector's use of technology. Because they can handle huge datasets, recognize patterns, and make predictions or classifications without being specifically trained for each circumstance, machine learning and deep learning have transformed research in numerous domains Accurate and helpful information on many topics is also crucial in farming, in addition to improvements in agricultural apparatus and technology. Remote sensors, satellite photos, and surveys are used to gather this data. Vegetable farming plays a crucial role in meeting the growing global demand for nutritious food. However, unpredictable weather patterns and suboptimal soil conditions can often hinder crop yields, posing significant challenges for farmers. This study aims to address this issue by using machine learning techniques to analyze soil properties, weather patterns, and crop data to provide tailored suggestions for crop selection, which can ultimately increase vegetable yields and promote sustainable farming practices. The research methodology involved collecting extensive data from diverse vegetable farms, including soil samples, weather records, and crop performance metrics over multiple seasons. Using machine learning algorithms, this dataset was processed to develop predictive models that assess the impact of various soil characteristics and weather factors on crop growth and productivity. The developed models were validated on a separate dataset, and the results demonstrated their high accuracy and reliability. The findings of this study suggest that machine learning can be a valuable tool for vegetable farmers to make informed decisions about crop management, leading to increased yields and improved sustainability.",,979-8-3315-1795-3,10.1109/ICAIQSA64000.2024.10882354,,https://ieeexplore.ieee.org/stamp/stamp.jsp?arnumber=10882354,SVM;KNN;Logistic Regression;random forest;Prediction;Machine learning,Support vector machines;Accuracy;Machine learning algorithms;Crops;Predictive models;Prediction algorithms;Forecasting;Random forests;Crop yield;Farming,,,,19,IEEE,21 Feb 2025,20-21 Dec. 2024,20-21 Dec. 2024,IEEE,IEEE Conferences
Wheat Fusarium Head Blight Disease Severity Estimation using UAS Multispectral Imagery and Machine Learning,U. u. R. Janjua; M. Maimaitijiang; B. Millett; D. Yabwalo; K. Dilmurat; M. M. Billah; S. N. Khan; M. Shires; S. K. Sehgal; S. Ali,"Department of Geography and Geospatial Sciences, South Dakota State University, Brookings, SD, USA; Department of Geography and Geospatial Sciences, South Dakota State University, Brookings, SD, USA; Department of Geography and Geospatial Sciences, South Dakota State University, Brookings, SD, USA; Department of Agronomy, Horticulture, and Plant Science, South Dakota State University, Brookings, SD, USA; Department of Civil and Environmental Engineering, University of California, Merced, USA; Department of Geography and Geospatial Sciences, South Dakota State University, Brookings, SD, USA; Department of Geography and the Environment, University of Alabama, Tuscaloosa, USA; Department of Agronomy, Horticulture, and Plant Science, South Dakota State University, Brookings, SD, USA; Department of Agronomy, Horticulture, and Plant Science, South Dakota State University, Brookings, SD, USA; Department of Agronomy, Horticulture, and Plant Science, South Dakota State University, Brookings, SD, USA",2024 International Conference on Frontiers of Information Technology (FIT),17 Jan 2025,2024,,,1,6,"Wheat is an important primary crop that feeds billions of people worldwide. Wheat diseases, particularly Fusarium Head Blight (FHB), often have severe effects on yield quality and the health of humans and livestock. Traditional field-based methods for monitoring wheat diseases are time-consuming and inefficient. Remote sensing approach, particularly the use of aerial imaging via Uncrewed Aircraft Systems (UAS) has become an essential tool for fine-scale and rapid field scouting and crop disease monitoring in recent years. This study investigates the potential of combining high-resolution UAS multispectral imagery with machine learning (ML) methods to detect FHB disease severity. Two experimental wheat fields were set up in Brookings, South Dakota, USA, in 2022. The severity of FHB disease was assessed periodically through visual observation, with synchronous UAS flights collecting multispectral imagery. UAS-based canopy spectral and texture features were derived and used as input variables to develop ML-based classification and regression models to estimate FHB disease severity. Conventional ML methods such as Support Vector Machine (SVM) and Random Forest (RF), along with deep learning models like Deep Neural Network (DNN) and One-Dimensional Convolutional Neural Network (1D-CNN), were employed. SVM demonstrated superior performance in both classification and regression analyses for predicting FHB disease severity levels, achieving an overall accuracy of 0.80 using texture features in classification and an R2 of 0.73 using spectral features in regression. The results show that both spectral and texture features are important features for estimating wheat FHB disease severity. UAS remote sensing, coupled with ML-based approaches, provides a rapid and accurate method to assess FHB disease severity at a fine scale over large areas.",2473-7569,979-8-3315-1050-3,10.1109/FIT63703.2024.10838453,,https://ieeexplore.ieee.org/stamp/stamp.jsp?arnumber=10838453,Uncrewed Aircraft Systems (UAS);Fusarium Head Blight (FHB);spectral features;texture features;machine learning,Support vector machines;Training;Visualization;Accuracy;Crops;Autonomous aerial vehicles;Magnetic heads;Remote sensing;Monitoring;Diseases,,,,27,IEEE,17 Jan 2025,9-10 Dec. 2024,9-10 Dec. 2024,IEEE,IEEE Conferences
Multi-Class Classification of Plant Leaf Diseases Using Feature Fusion of Deep Convolutional Neural Network and Local Binary Pattern,K. M. Hosny; W. M. El-Hady; F. M. Samy; E. Vrochidou; G. A. Papakostas,"Department of Information Technology, Faculty of Computers and Informatics, Zagazig University, Zagazig, Egypt; Department of Information Technology, Faculty of Computers and Informatics, Zagazig University, Zagazig, Egypt; Department of Horticulture, Faculty of Agriculture, Zagazig University, Zagazig, Egypt; Department of Computer Science, MLV Research Group, International Hellenic University, Kavala, Greece; Department of Computer Science, MLV Research Group, International Hellenic University, Kavala, Greece",IEEE Access,23 Jun 2023,2023,11,,62307,62317,"Plant diseases are one of the primary causes of decreased agricultural production quality and quantity. With ongoing changes in plant structure and cultivation techniques, new diseases are constantly arising on plant leaves. Thus, accurate classification and detection of plant leaf diseases in their early stages will limit the spread of the infection and support the healthy development of plant production. This work proposes a novel lightweight deep convolutional neural network (CNN) model for obtaining high-level hidden feature representations. The deep features are then fused with traditional handcrafted local binary pattern (LBP) features to capture local texture information in plant leaf images. The proposed model is trained and tested on three publicly available datasets (Apple Leaf, Tomato Leaf, and Grape Leaf). On the three datasets, the proposed approach achieves 99%, 96.6%, and 98.5% validation accuracies, respectively, and 98.8%, 96.5%, and 98.3% test accuracies, respectively. The results of the experiments show that the proposed approach can provide a better control solution for plant diseases.",2169-3536,,10.1109/ACCESS.2023.3286730,Hellenic Academic Libraries Link (HEAL-Link) Greece; ,https://ieeexplore.ieee.org/stamp/stamp.jsp?arnumber=10153610,Convolutional neural network (CNN);feature fusion;local binary pattern (LBP);multi-class classification;plant leaf diseases;precision agriculture;computer vision,Feature extraction;Convolutional neural networks;Plant diseases;Plants;Agriculture;Plant diseases;Computer vision;Precision engineering,,110,,49,CCBYNCND,15 Jun 2023,2023,,IEEE,IEEE Journals
Deep Learning Based Classification and Prediction on Vegetable Crop Leaf,P. Pushpa; P. M; S. C. S; E. Venitha; S. J; T. A. Mohanaprakash,"Department of CSE (Cyber Security), Easwari Engineering College, Chennai, India; Department of CSE, SOET, CMR university, Bangaluru, India; Department of CSE, Sri Sairam Institute of Technology, Chennai, India; Department of CSE, Rajalakshmi Institute of Technology, Chennai, India; Department of Artificial Intelligence and Data Science, Velammal Engineering College, Chennai, India; Department of CSE, SOET, CMR university, Bangaluru, India",2024 4th International Conference on Mobile Networks and Wireless Communications (ICMNWC),20 Feb 2025,2024,,,1,7,"Globally speaking, India is a country that is growing quickly. Crop diseases pose a severe danger to food security, yet they are still hard to identify. Due to their reliance on a manually created feature extraction process, these systems' accuracy has reached its peak. This approach classification method needs to incorporate CNN to surpass grading accuracy for tomato leaf pestilence. To properly describe and categorize tomato infections, the Deep Learning algorithm is used. Using a sample of 3000 frames of tomato leaves with nine various pestilences and a better and healthier leaf, the full simulation was carried out using Google Colab. The targeted area of the input photographs is first segregated from the genuine snaps after preprocessing the input images. Second, the frames are further processed using various CNN model hyper-parameters. CNN also extracts additional qualities from frames, such as colours, borders, and textures. The results reveal that the predictions made by the demonstrated replica are 98.49% precise.",,979-8-3315-2834-8,10.1109/ICMNWC63764.2024.10872206,,https://ieeexplore.ieee.org/stamp/stamp.jsp?arnumber=10872206,deep learning;decision tree;convolution neural network;tomato crop leaf,Deep learning;Wireless communication;Analytical models;Pathogens;Accuracy;Image color analysis;Biological system modeling;Crops;Prototypes;Pins,,,,27,IEEE,20 Feb 2025,4-5 Dec. 2024,4-5 Dec. 2024,IEEE,IEEE Conferences
Smart Environment and Plant Disease Monitoring with Analysis System in Agricultural Field,M. Kavitha; S. Senthilkumar; K. Kalaivani; E. Saranya; P. Arunkumar; V. Malu,"Department of Electronics and Communication Engineering, E.G.S. Pillay Engineering College, Nagapattinam, Tamilnadu, India; Department of Electronics and Communication Engineering, E.G.S. Pillay Engineering College, Nagapattinam, Tamilnadu, India; School of Computer Science and Engineering, Vellore Institute of Technology, Vellore, Tamilnadu, India; Department of Computer Science and Engineering, E.G.S. Pillay Engineering College, Nagapattinam, Tamilnadu, India; Department of Electronics and Communication Engineering, Sir Issac Newton College of Engineering and Technology, Nagapattinam, Tamilnadu, India; Department of Information Technology, iNurture Nagindas Khandwala College, Malad West, Mumbai",2023 IEEE International Conference on ICT in Business Industry & Government (ICTBIG),19 Mar 2024,2023,,,1,6,"Agriculture is deemed to be the most significant segment in India. The main objective of this research work is to monitor plant diseases and analyze the system using a smartphone. The remote monitoring framework, including temperature, stickiness and soil humidity sensors, a microcontroller, an ultrasonic sensor, a camera, and a GSM module is validated for effective environment observation. The technology could offer a fresh method for farming to obtain information related to agriculture. In this monitoring system of agricultural diseases, the main aim is to achieve disease monitoring information and collections of the results are detected by Android application through GSM. ARM processor is used for analog to digital converter (ADC) and sends the gathered information to portable through GSM. An IP web camera is occasionally empowered to catch the plant leaf picture for disease checking and an ultrasonic sensor is utilized with the end goal of plant development checking. It uses a soil battery to drive the temperature sensor to foster plant development checking framework and plant infection observation, likewise adaptive android application to screen such circumstances by utilizing this innovation to accomplish a green hardware framework.",,979-8-3503-4327-4,10.1109/ICTBIG59752.2023.10456200,,https://ieeexplore.ieee.org/stamp/stamp.jsp?arnumber=10456200,Smart agriculture;Plant disease monitoring;GSM;Wireless sensor networks,Temperature sensors;GSM;Temperature measurement;Plant diseases;Technological innovation;Soil;Cameras,,2,,16,IEEE,19 Mar 2024,8-9 Dec. 2023,8-9 Dec. 2023,IEEE,IEEE Conferences
Deep learning-based pesticides prescription system for leaf diseases of home garden crops in Sri Lanka,S. Sangeevan,"Faculty of Science, Software Engineering Teaching Unit, University of Kelaniya, Sri Lanka",2021 International Research Conference on Smart Computing and Systems Engineering (SCSE),25 Oct 2021,2021,4,,94,98,"The study proposes a deep learning-based pesticides prescription system for leaf diseases of home garden crops in Sri Lanka. It is an intelligent system to get suitable pesticides prescriptions for plant leaf diseases. Home gardening has become popular and is rapid because of the current pandemic situation. However, plant diseases are a major problem in gardening activities, even in a home garden or in a commercial garden. Identifying and finding a solution for the plant disease is a big challenge for home gardeners rather than commercial farmers. The proposed system of deep learning-based pesticides prescription system for leaf diseases of home garden crops in Sri Lanka will be the best solution for identifying and finding a solution to the plant diseases. The system is using a trained model for prescribing pesticides. The model was built using the deep learning method and trained in the supervised learning process. The convolutional neural network algorithm was used in the model. Transfer learning with AlexN et pre-trained model was used to increase the performance in the proposed solution and the best accuracy of 88.64 % was achieved in the experiments.",2613-8662,978-1-6654-0965-0,10.1109/SCSE53661.2021.9568308,,https://ieeexplore.ieee.org/stamp/stamp.jsp?arnumber=9568308,convolutional neural network;leaf diseases;Machine Learning;pesticides,Deep learning;Pandemics;Computational modeling;Transfer learning;Supervised learning;Crops;Convolutional neural networks,,3,,10,IEEE,25 Oct 2021,16-16 Sept. 2021,16-16 Sept. 2021,IEEE,IEEE Conferences
Effect of Hyperparameter Tuning to Fruit Quality Detection Using Convolutional Neural Network,M. H. Z. Ariffin; M. Harun; H. H. Amizi; R. A. Rashid,"Faculty of Electrical Engineering, Universiti Teknologi Malaysia, Johor Bahru, Malaysia; Faculty of Electrical Engineering, Universiti Teknologi Malaysia, Johor Bahru, Malaysia; Faculty of Electrical Engineering, Universiti Teknologi Malaysia, Johor Bahru, Malaysia; Faculty of Electrical Engineering, Universiti Teknologi Malaysia, Johor Bahru, Malaysia",2024 IEEE International Conference on Advanced Telecommunication and Networking Technologies (ATNT),23 Oct 2024,2024,1,,1,4,"Malaysia's agricultural sector plays a crucial role in the nation's economy and food security. One of the most pressing issues is the difficulty in identifying and addressing fruit damage early in the production cycle. Current manual inspection methods are labor-intensive, time-consuming, and prone to human error. Convolutional Neural Network (CNN) is a useful tool that help in automatically learning and recognizing pattern in image and to determine the quality of the fruit in agriculture industry. This project is focusing on building CNN machine learning for image classification and detection of fruit quality. The CNN model is being trained with 3 different data sets which are apple, damage apple and potato. The model is trained for two-class-set (apple, damage_apple) and three-class-set (apple, damage_apple and potato) with 1000 and 1500 images consecutively. The experimental results in this study demonstrate that the hyperparameter adjustment of machine learning algorithms has varying effects on fruit quality detection.",,979-8-3503-5350-1,10.1109/ATNT61688.2024.10719249,,https://ieeexplore.ieee.org/stamp/stamp.jsp?arnumber=10719249,Hyperparameter tuning;Convolutional Neural Network (CNN);Machine Learning;Fruit detection,Training;Accuracy;Machine learning;Production;Pressing;Feature extraction;Robustness;Pattern recognition;Convolutional neural networks;Tuning,,,,10,IEEE,23 Oct 2024,9-10 Sept. 2024,9-10 Sept. 2024,IEEE,IEEE Conferences
Hyperspectral Detection of Fusarium Wilt in Tomato Plants Using Machine Learning-Based Approaches,Sivaganesh; C. H; M. K. C. V. S. S.; M. Kaushik; R. G. Sharathchandra; R. Rao Nidamanuri,"Indian Institute of Space Science and Technology, Thiruvananthapuram, India; Tumkur University, Tumkur, Karnataka, India; Indian Institute of Space Science and Technology, Thiruvananthapuram, India; Indian Institute of Space Science and Technology, Thiruvananthapuram, India; Tumkur University, Tumkur, Karnataka, India; Indian Institute of Space Science and Technology, Thiruvananthapuram, India",IGARSS 2023 - 2023 IEEE International Geoscience and Remote Sensing Symposium,20 Oct 2023,2023,,,7583,7585,"Crop health is vital in agricultural nations like India. One of India's most important crops, tomato, is farmed and consumed globally. Bacteria, viruses, and fungi may damage tomato plants and other food and vegetable crops. Fusarium wilt is a seed-borne fungal infection that causes severe damage in the growth and yield of tomato crop. The objective of this research is the assessment of spectral discriminability and classification of health and Fusarium wilt diseased-tomato plants using hyperspectral data. In-situ reflectance measurements of healthy and infected plants over a tomato growing region (Tumkur, Karnataka, India) have been collected, processed, and analyzed to spectrally differentiate diseased and healthy plants. Various statistical and machine-learning approaches have been applied for assessing the spectral discrimination of diseased plants with sensitivity to five different levels of disease severity. Results suggest the existence of stable spectral features which differentiate healthy and diseases plants at distinct levels of disease severity. The discrimination has substantial variance with the method used. Amongst the methods used, Linear Discriminant Analysis (LDA), Gradient Boosting, and XGBoost methods offer spectral discrimination of about 80% accuracy.",2153-7003,979-8-3503-2010-7,10.1109/IGARSS52108.2023.10282890,,https://ieeexplore.ieee.org/stamp/stamp.jsp?arnumber=10282890,,Reflectivity;Fungi;Pathogens;Sensitivity;Costs;Crops;Linear discriminant analysis,,1,,10,IEEE,20 Oct 2023,16-21 July 2023,16-21 July 2023,IEEE,IEEE Conferences
Hybrid Model of K-Means Clustering and SVM to Detect Ailments in Vegetables,J. J. Amarnath; V. V; S. M. D,"Department of CSE, Sri Sairam Engineering College, Chennai, India; Computer Science Engineering, Sri Sairam Engineering College, Chennai, India; Computer Science Engineering, Sri Sairam Engineering College, Chennai, India",2022 1st International Conference on Computational Science and Technology (ICCST),14 Feb 2023,2022,,,716,720,"Agriculture is the backbone of Indian Economy, which is true because 70% of India's population are engaged in agriculture and raw material for industrial sectors like food processing. As the population increased, the demand for food also increased. However, disease infection of agricultural goods such as vegetables leads in a decrease in both quality and quantity. Farmers' livelihoods and public health are directly impacted as a result of this. Because of this, early diagnosis of illnesses in vegetable crops reduces the loss of productivity and product quality. Viral and microbial infections as well as environmental stressors are the primary causes of most vegetable-related disorders. Image processing techniques such as K-means clustering and Support Vector Machines (SVM) will be used to identify and diagnose vegetable illnesses, according to the suggested model (SVM). For categorization, it uses supervised leaning. In this paradigm, there are many steps involved in acquiring and processing images, including image segmentation, feature extraction, classification, and illness classification. Alerts are sent via a buzzer if a sickness has been detected. Farmers would have been able to avoid the problem if they had been alerted early. In other words, if breakouts are caught early and dealt with quickly, the farmer stands to lose very little money.",,978-1-6654-7655-3,10.1109/ICCST55948.2022.10040394,,https://ieeexplore.ieee.org/stamp/stamp.jsp?arnumber=10040394,Image Preprocessing;Features extraction;K-means Clustering;Support Vector Machine,Support vector machines;Sociology;Clustering algorithms;Spraying;Mathematical models;Agriculture;Classification algorithms,,,,12,IEEE,14 Feb 2023,9-10 Nov. 2022,9-10 Nov. 2022,IEEE,IEEE Conferences
SVM classifier based grape leaf disease detection,P. B. Padol; A. A. Yadav,"Dept. of Electronics & Telecommunication, STE'S, Pune, India; Dept. of Electronics & Telecommunication, STE'S, Pune, India",2016 Conference on Advances in Signal Processing (CASP),17 Nov 2016,2016,,,175,179,"Grape constitutes one of the most widely grown fruit crops in the India. Productivity of grape decreases due to infections caused by various types of diseases on its fruit, stem and leaf. Leaf diseases are mainly caused by bacteria, fungi, virus etc. Diseases are a major factor limiting fruit production and diseases are often difficult to control. Without accurate disease diagnosis, proper control actions cannot be used at the appropriate time. Image Processing is one of the widely used technique is adopted for the plant leaf diseases detection and classification. This paper is intended to aid in the detection and classification leaf diseases of grape using SVM classification technique. First the diseased region is found using segmentation by K-means clustering, then both color and texture features are extracted. Finally classification technique is used to detect the type of leaf disease. The proposed system can successfully detect and classify the examined disease with accuracy of 88.89%.",,978-1-5090-0849-0,10.1109/CASP.2016.7746160,,https://ieeexplore.ieee.org/stamp/stamp.jsp?arnumber=7746160,Image Processing;Leaf diseases detection;K-means clustering;feature extraction;SVM Classification,Diseases;Feature extraction;Image color analysis;Pipelines;Support vector machines;Image segmentation;Agriculture,,259,,10,IEEE,17 Nov 2016,9-11 June 2016,9-11 June 2016,IEEE,IEEE Conferences
Disease Detection in Tomato Plants Using CNN,K. S. Rekha; H. D. Phaneendra; B. C. S. Gandha; H. Rohan; B. N. S. Niranjan; C. Badrinat,"Computer Science & Engineering The National Institute of Engineering, Mysore, India; Computer Science & Engineering The National Institute of Engineering, Mysore, India; Computer Science & Engineering The National Institute of Engineering, Mysore, India; Computer Science & Engineering The National Institute of Engineering, Mysore, India; Computer Science & Engineering The National Institute of Engineering, Mysore, India; Computer Science & Engineering The National Institute of Engineering, Mysore, India",2022 IEEE 3rd Global Conference for Advancement in Technology (GCAT),12 Dec 2022,2022,,,1,6,"Tomato is one of the highest yield cash crops in the World and is produced in large quantity to fulfil the huge market demand. In India tomato season prevails throughout the year and has high commercial value, it is harvested four times a year based on the geo location. Diseases indirectly affect the quality and yield of the crops. In this regard always prevention is better than cure is the best way to go, so early diseases detection plays a crucial role for high quality yielding and plays a crucial role in scientific agricultural practice with proper pesticides for specific category of disease. The objective of the study is to categorise tomato diseases using deep hidden layers of Convolution Neural Network (CNN),for the identification and classifying 8different classes of diseases in tomato leaf with an accuracy around 94.17%, our model which uses CNN allows the farmers to get an accurate disease prediction based on the photo uploaded by them and remedies for the diseases is suggested, the processing of image is done by using feature extraction methods where feature such as shape, colour, and texture are taken in consideration.",,978-1-6654-6855-8,10.1109/GCAT55367.2022.9972186,,https://ieeexplore.ieee.org/stamp/stamp.jsp?arnumber=9972186,Convolution Neural Network (CNN),Convolution;Shape;Image color analysis;Neural networks;Crops;Predictive models;Feature extraction,,5,,14,IEEE,12 Dec 2022,7-9 Oct. 2022,7-9 Oct. 2022,IEEE,IEEE Conferences
Foliar Disease Classification in Apple Trees,R. Dhivya Praba.; R. Vennila.; G. Rohini.; S. Mithila.; K. Kavitha,"ECE, Kumaraguru College of Technology, Coimbatore, India; ECE, Kumaraguru College of Technology, Coimbatore, India; ECE, Kumaraguru College of Technology, Coimbatore, India; ECE, Kumaraguru College of Technology, Coimbatore, India; ECE, Kumaraguru College of Technology, Coimbatore, India","2021 International Conference on Advancements in Electrical, Electronics, Communication, Computing and Automation (ICAECA)",18 Jan 2022,2021,,,1,5,"Apple is commercially the most important temperate fruit and is third among the most widely produced fruits in the world. Jammu and Kashmir are one of the leading apple producers accounting for about 60% of production in our country and Himachal Pradesh apple accounts for about 90% of horticulture production. The diseases like apple scab, apple rust, and brown rot affect apple trees. During wet cool weather between 55- and 75-degrees Fahrenheit in the spring and early summer, the fungal spores are dispersed by wind and rain. Apple scab is the most important disease of apple which results in a 70% yield loss or even more if not managed properly. Currently, crop disease diagnosis mainly relies on farmer scouting, which is time-consuming, expensive, and ineffective due to the difference in diagnosing experience. The proposed method uses Deep Learning algorithms like VGG16, Dense Net121 and ResNetlS to classify images into four classes healthy leaves, apple scab leaves, apple rust leaves, and multiple diseases leaves. Model performance is evaluated by comparing the prediction accuracy and confusion matrix and finds the best model for this classification",,978-1-6654-2829-3,10.1109/ICAECA52838.2021.9675529,,https://ieeexplore.ieee.org/stamp/stamp.jsp?arnumber=9675529,Plant disease diagnosis;foliar diseases;Apple scab;Apple rust;VGG16;Dense Netl21;ResNetl8,Wind;Rain;Computational modeling;Predictive models;Prediction algorithms;Telecommunication computing;Medical diagnosis,,4,,13,IEEE,18 Jan 2022,8-9 Oct. 2021,8-9 Oct. 2021,IEEE,IEEE Conferences
Pomogranite disease detection and classification,R. Pawar; A. Jadhav,"Dept. of E&E, B.L.D.E's Dr.P.G.H.College engg.& Tech., Bijapur, Karnataka, India; Dept. of E&C, B.L.D.E's Dr.P.G.H.College engg.& Tech, Bijapur, Karnataka, India","2017 IEEE International Conference on Power, Control, Signals and Instrumentation Engineering (ICPCSI)",21 Jun 2018,2017,,,2475,2479,"In country like India, agriculture is the backbone of the overall GDP. Horticulture has become one of the important source of economy for the country and even the farmers. Formers will face much losses because of the not identifying the diseases at early stage. Relying on pure naked-eye observation to detect and classify diseases can be expensive for various plant diseases such as Pomegranate. It poses a great threat to the agricultural sector by reducing the life of the plants. In Agriculture field also image processing plays a very important role in identifying any disease of the plant or in grading of the quality of the fruit. Identification of the plant diseases is the key to preventing the losses in the yield and quantity of the agricultural product. The studies of the plant diseases mean the studies of visually observable patterns seen on the plant. Health monitoring and disease detection on plant is very critical for sustainable agriculture. It is very difficult to monitor the plant diseases manually. In this paper, we have implemented the methods for the detection of Pomegranate plant diseases using the images of the leaves.",,978-1-5386-0814-2,10.1109/ICPCSI.2017.8392162,,https://ieeexplore.ieee.org/stamp/stamp.jsp?arnumber=8392162,image acquisition;image pre-processing;image segmentation;feature extraction,Diseases;Feature extraction;Image color analysis;Agriculture;Image segmentation;Software,,25,,7,IEEE,21 Jun 2018,21-22 Sept. 2017,21-22 Sept. 2017,IEEE,IEEE Conferences
Prediction and Early Warning Method for Flea Beetle Based on Semi-supervised Learning Algorithm,T. Li; J. Yang; X. Peng; Z. Chen; C. Luo,"Zhongshan Torch Polytechnic, Zhongshan, China; South China Agricultural University, Guangzhou, China; Tianfu College of Southwestern University of Finance and Economics, Mianyang, China; South China Agricultural University, Guangzhou, China; Chung Tak Lighting Control Systems (Guangzhou) Limited, Guangzhou, China",2008 Fourth International Conference on Natural Computation,7 Nov 2008,2008,4,,217,221,"The prediction and early warning for vegetable crop diseases and insect pests commonly based on expertspsila knowledge of plant protection while math modeling methods are used to analyze the associated data quantitatively scarcely. This paper takes advantage of labeled historical data to extract association rules as the supervised information, and combining with the use of the unsupervised learning method iterative self- organizing data analysis techniques algorithm (ISODATA) to establish the model semi-supervised learning algorithm for predicting and early warning vegetable pest flea beetle. Semi-supervised learning algorithm not only obtains a high accuracy of supervised learning method, but also takes advantage of the flexibility of unsupervised learning method, which is significative for both research and practice. The experimental results of Guangdong vegetable pest flea beetle show the prediction and early warning accuracy of semi-supervised learning method provides a higher accuracy rate than that of k-mean clustering, support vector machine and RBF neural network in the same condition.",2157-9563,978-0-7695-3304-9,10.1109/ICNC.2008.371,,https://ieeexplore.ieee.org/stamp/stamp.jsp?arnumber=4667278,Prediction and Early Warning;Flea Beetle;Semi-supervised Learning;Association Rules;ISODATA,Semisupervised learning;Iterative algorithms;Predictive models;Data analysis;Unsupervised learning;Crops;Diseases;Insects;Protection;Data mining,,3,,12,IEEE,7 Nov 2008,18-20 Oct. 2008,18-20 Oct. 2008,IEEE,IEEE Conferences
Early Blight and Late Blight Disease Prediction using CNN for Potato Leaves,K. S. Krishna; G. V. S. Narayana,"GIET University, Gunupur; GIET University, Gunupur","2022 Second International Conference on Computer Science, Engineering and Applications (ICCSEA)",7 Nov 2022,2022,,,1,6,"A well-known vegetable crop farmed all throughout the world is the potato. The possibility of a large number of diseases, however, could also impair the harvest. In order to quickly deal with the crop, it is vital for the planter to recognise the type of contamination. It had been determined that the leaves were a simple indicator of many diseases. Many Machine Learning (ML) techniques as well as Convolution Neural Network (CNN) models are superior in the literature for the detection of tomato crop diseases. CNN models rely on deep learning and neural networks, which are superior than traditional machine learning methods like decision trees and kNN. Although well before CNN creates beautiful artwork, the wide range of subjects they cover renders them operationally intensive. This painting suggests a less complex CNN model with eight convolution layer At the publicly accessible dataset PlantVillage, the recommended compact model performs better than the standard machine learning techniques and pre-trained fashions with an accuracy of 98.4%. The PlantVillage dataset includes 39 classes of different crops, including tomato diseases. These crops include apple, potato, maize, grapes, and more. In comparison to VGG16, which has an amazing accuracy of 93% 5% in pretrained patterns, k-NN has the absolute best accuracy of 94% in conventional ML approaches. After image augmentation, picture pre-processing was used to improve the suggested CNN's overall performance by having the ability to modify the brightness of the image using the knowledge of a prospective variable involving a randomized width of the image. The suggested model, which has a 98% accuracy rate, is also incredibly effective with datasets other than PlantVillage.",,978-1-6654-5834-4,10.1109/ICCSEA54677.2022.9936100,,https://ieeexplore.ieee.org/stamp/stamp.jsp?arnumber=9936100,Deep learning;convolutional networks;and image pre-processing.,Convolution;Neural networks;Pipelines;Crops;Predictive models;Convolutional neural networks;Contamination,,5,,15,IEEE,7 Nov 2022,8-8 Sept. 2022,8-8 Sept. 2022,IEEE,IEEE Conferences
Performance Analysis of Machine and Deep Learning Techniques for Pomegranate Fruit Disease Detection and Classification,D. V. Narayana; B. Pakruddin; Y. V. Reddy; A. Chikmurge; R. Mayur; T. Lokesh,"Presidency School of Computer Science & Engineering and Information Science, Presidency University, Bengaluru, India; Presidency School of Computer Science & Engineering and Information Science, Presidency University, Bengaluru, India; Presidency School of Computer Science & Engineering and Information Science, Presidency University, Bengaluru, India; Presidency School of Computer Science & Engineering and Information Science, Presidency University, Bengaluru, India; Presidency School of Computer Science & Engineering and Information Science, Presidency University, Bengaluru, India; Presidency School of Computer Science & Engineering and Information Science, Presidency University, Bengaluru, India",2025 International Conference on Next Generation Communication & Information Processing (INCIP),9 Jun 2025,2025,,,628,633,"Pomegranate (Punica granatum) is a fruit crop with great nutritional and economic values; it has been touted in various parts of the world, especially the Mediterranean, Middle East, and South Asia, for health benefits. However, with more intense effort to increase yield and production, the production of the pomegranate crop is threatened by many diseases caused by pathogens such as fungi, bacteria, and viruses. Traditional diagnosis methodologies are based on the visual inspection of farmers and experts in agriculture, which takes a longer time and also rely on human judgment and may lead to some mistakes. To overcome these challenges this research utilizes the ML and DL methods like SVM, KNN, and CNN for the automatic identification and classification of diseases related to pomegranate. Dataset contains five classes such as Healthy, Anthracnose, Bacterial Blight, Cercospora, and Alternaria. We performed many task in this research like pre-processing, feature extraction to improve the model performance. Each model is trained and tested for detection and classification. KNN got 82% accuracy, which is pretty good but struggles a bit with similar disease traits. SVM performed the best and outwitted KNN with an outstanding accuracy of 93%. The SVM model classified the diseases efficaciously with high sensitivity and specificity in the ROC curve. The CNN model achieved about 98% after it had passed over 10–50 epochs, which had improved incrementally with every epoch. The results confirm that DL is a promising solution for pomegranate disease detection, offering more efficiency and reliability than traditional methods. It supports early disease identification, aiding farmers and experts in better crop management and productivity.",,979-8-3315-2814-0,10.1109/INCIP64058.2025.11020033,,https://ieeexplore.ieee.org/stamp/stamp.jsp?arnumber=11020033,Disease detection;Classification;Pomegranate Fruit;Deep learning;Machine learning,Support vector machines;Economics;Deep learning;Training;Visualization;Accuracy;Nearest neighbor methods;Feature extraction;Diseases;Testing,,,,17,IEEE,9 Jun 2025,23-24 Jan. 2025,23-24 Jan. 2025,IEEE,IEEE Conferences
Application of discrete orthonormal Stockwell transform and local neighborhood patterns for leaf disease classification in banana,D. Mathew; C. S. Kumar; K. A. Cherian,"Dept. of ECE, Rajiv Gandhi Institute of Technology, Kottayam, India; Dept. of ECE, Government Engineering College, Idukki, India; Dept. of Plant Pathology, College of Horticulture KAU, Thrissur, India","2021 International Conference on Communication, Control and Information Sciences (ICCISc)",20 Jul 2021,2021,1,,1,5,"Among fruit crops, banana is a significant fruit in agricultural production and trade. However, global banana production is severely affected by diseases, leading to substantial declination in the yield. Hence, timely detection and control of these diseases is necessary. Diagnosis of diseases by manual inspection of initial symptoms is quite challenging for farmers. This paper demonstrates a novel machine learning approach towards classification of three major foliar fungal diseases, Sigatoka, Deightoneilla and Cordana, using discoloration patterns appearing on the leaf blade. The images, after pre-processing and segmentation, are transformed to frequency domain using discrete orthonormal Stockwell transform (DOST). Feature vectors based on local neighborhood patterns such as local binary pattern (LBP), elliptic LBP (ELBP) and its variants, are extracted from DOST transformed images and classified using five prominent image classifiers. A comparative analysis of performance metrics through a ten-fold cross validation procedure is done. Classification accuracy of 95.9% is obtained for ELBP features when classified with artificial neural network classifier (ANN). The technique of integrating DOST with LBP based features has achieved significant accuracy compared to contemporary methods of disease classification in plants.",,978-1-6654-0295-8,10.1109/ICCISc52257.2021.9484860,,https://ieeexplore.ieee.org/stamp/stamp.jsp?arnumber=9484860,Leaf diseases;Musa;local binary pattern;textural features;image transforms,Measurement;Visualization;Shape;Transforms;Production;Artificial neural networks;Inspection,,7,,24,IEEE,20 Jul 2021,16-18 June 2021,16-18 June 2021,IEEE,IEEE Conferences
Detection of unhealthy plant leaves using image processing and genetic algorithm with Arduino,M. S. Arya; K. Anjali; D. Unni,"Vidya Academy of Science and Technology, Thrissur, Kerala, IN; ECE Department Vidya Academy of Science & Technology, Thrissur, India; ECE Department, Vidya Academy of Science & Technology, Thrissur, India","2018 International Conference on Power, Signals, Control and Computation (EPSCICON)",14 Jun 2018,2018,,,1,5,"India is an agricultural country and about seventy percent of our population depends on agriculture. One-third of our national income comes from agriculture. So the disease detection of plants plays an important role in the agricultural field. Majority of the plant diseases are caused by the attack of bacteria, fungi, virus etc. If proper care is not taken in this area, it may lead to serious effects on plants and adversely affects the productivity and quality. To detect, the plant diseases we need a fast automatic way. The main approach adopted in practice for detection and identification of plant diseases is naked eye observation through experts. The decision making capability of an expert also depends on his/her physical condition, such as fatigue and eye sight, work pressure, climate etc. So this method is time consuming and less efficient. Here, a project is proposed with an idea of detecting plant diseases using image processing. Image processing toolbox of Matlab is used for measuring affected area of disease and to determine the difference in the color of the disease affected area. This concept can be extended to detect the symptoms of any type of plant diseases that is affected on different horticulture crops. The algorithm can be used to classify the leaves and the classified outcomes are separated using Arduino based conveyor belt system. This reduces an important task of monitoring of farms crops at very early stage itself to detect the symptom of diseases appear on plant leaves.",,978-1-5386-4208-5,10.1109/EPSCICON.2018.8379584,,https://ieeexplore.ieee.org/stamp/stamp.jsp?arnumber=8379584,Image processing;Genetic algorithm;Matlab;Arduino;Conveyor belt,Diseases;Image color analysis;Image segmentation;Genetic algorithms;Sociology;Statistics;Agriculture,,36,,12,IEEE,14 Jun 2018,6-10 Jan. 2018,6-10 Jan. 2018,IEEE,IEEE Conferences
Detection of Begomovirus Disease for Identification of Disease Severity Level in Tomato Leaves Using Convolutional Neural Network (CNN),I. Mubarokah; P. Laksono; Cepy; R. Safitri; I. Idris,"Microelectronics Engineering, School of Electrical Engineering and Informatics Institut Teknologi Bandung, Bandung, Indonesia; Department of Electrical Engineering, University of Muhammadiyah Bandung, Bandung, Indonesia; Research and Development Division PT East West Seed Indonesia, Purwakarta, Indonesia; Research and Development Division PT East West Seed Indonesia, Purwakarta, Indonesia; Department of Electrical Engineering, School of Electrical Engineering and Informatics Institut Teknologi Bandung, Bandung, Indonesia",2022 International Symposium on Electronics and Smart Devices (ISESD),19 Dec 2022,2022,,,1,6,"Tomato is one of the horticultural crops that have high demand in the community, which demands continuous increase in production and quality. On the other hand, cultivating and caring for tomato are not simple. The challenge frequently encountered by tomato farmers is the prevalence of diseases on tomato leave caused by bacteria, viruses, and fungus. If the diseases are not treated appropriately, these diseases will cause a decrease in production due to the poor quality of tomatoes. In this study, the optimized Convolutional Neural Network (CNN) model for classification and detection Begomovirus disease in tomato leave is proposed. The optimized model is obtained from the comparison of three types architectures: SSD Mobilenet V1 FPN, EfficientDet D1 and SSD Resnet 50 V1 FPN. For the purpose of this research, a dataset consisted of tomato leaves contracted with various stages of begomovirus has been collected and prepared to be used as training and validation. The dataset is grouped into 4 classes based on the severity level of the disease according to the scale of symptoms that occur in tomato leave. The Experimental results shows that the mAP value of SSD Mobilenet V1 FPN, SSD Resnet 50 V1 FPN and EfficientDet D1 model are 56.17%, 61.58% and 66.03%, respectively. The EfficientDet D1 model resulted in the highest mean Average Precision (mAP) value due to this model produced the lowest loss value of 0.1 compared to the other 2 models. The proposed model uses BiFPN method for feature extraction which resulted in higher accuracy compared to previous models which only used FPN. This performance was able to be achieved with much less number of layers.",,979-8-3503-9660-7,10.1109/ISESD56103.2022.9980675,,https://ieeexplore.ieee.org/stamp/stamp.jsp?arnumber=9980675,Tomato;Begomovirus;Disease Detection;Convolutional Neural Network (CNN);mean Average Precission (mAP),Training;Microorganisms;Neural networks;Crops;Production;Machine learning;Feature extraction,,3,,20,IEEE,19 Dec 2022,8-9 Nov. 2022,8-9 Nov. 2022,IEEE,IEEE Conferences
Disease Detection In Pomegranate Plant Using Image Processing Techniques,Sahebgouda; M. Sumana,"Dept. of Computer Science and Engineering, B.L.D.E.AsV.P.Dr.P.G.Halakatti College of Engineering and Technology, Vijayapur, INDIA; Dept. of Information Science and Engineering, MSRIT, Bangalore, INDIA","2023 IEEE International Conference on Electronics, Computing and Communication Technologies (CONECCT)",4 Sep 2023,2023,,,1,6,"The majority of the people in India is dependent on agriculture. Every crop the farmers cultivate has some sort of illness. The most successfully adopted subtropical fruit crop in India is the pomegranate. Pomegranates have the highest economic value of all the fruits. Pomegranate has very little immunity to infection during cultivation, especially in the early stages. As a result, it is particularly susceptible to the sickness. The detection of plant diseases is a beneficial use of image processing. Picture acquisition, picture pre-processing, Image segmentation, feature extraction, object recognition, and classification are all steps within the infection discovery handle.",2766-2101,979-8-3503-3439-5,10.1109/CONECCT57959.2023.10234771,,https://ieeexplore.ieee.org/stamp/stamp.jsp?arnumber=10234771,Pomegranate;Picture processing;Picture acquisition;Image pre-processing;Image segmentation.,Plant diseases;Image segmentation;Visualization;Costs;Image edge detection;Crops;Reliability engineering,,1,,11,IEEE,4 Sep 2023,14-16 July 2023,14-16 July 2023,IEEE,IEEE Conferences
Classification of leaf spot diseases in banana using pre-trained convolutional neural networks,D. Mathew; C. S. Kumar; K. Anita Cherian,"Dept. of ECE, Rajiv Gandhi Institute of Technology (APJ Abdul Kalam Technological University), Kottayam, India; Rajiv Gandhi Institute of Technology, Kottayam, India; Dept. of Plant Pathology, College of Agriculture, KAU Thrissur, India","2023 International Conference on Control, Communication and Computing (ICCC)",4 Jul 2023,2023,,,1,5,"Banana is a leading fruit crop in the global market and is grown all over the world. However, its production and trade are severely affected by the diseases caused by fungi, bacte- ria and viruses. Early diagnosis and management of such diseases are essential to avoid the yield loss. This paper demonstrates a deep learning based automated algorithm for the classification of three important leaf spot diseases in banana namely, Sigatoka, Cordana and Deightoneilla. Images of banana leaves infected with these diseases have been applied to four augmented pre-trained convolutional neural networks and their performance in disease classification is compared. An accuracy of 91.7% is achieved on the model with DenseNet 121 backbone.",,979-8-3503-3412-8,10.1109/ICCC57789.2023.10165629,,https://ieeexplore.ieee.org/stamp/stamp.jsp?arnumber=10165629,Leaf diseases;Musa;pre-trained convolutional neural networks;transfer-learning models;DenseNet,Fungi;Deep learning;Computational modeling;Globalization;Crops;Production;Classification algorithms,,7,,21,IEEE,4 Jul 2023,19-21 May 2023,19-21 May 2023,IEEE,IEEE Conferences
Advancing Pear Disease Recognition: A Hybrid CNN-Random Forest Approach,Yashu; V. Kukreja; K. Madan; A. Singh; D. Kumar,"Chitkara University Institute of Engineering and Technology, Chitkara University, Punjab, India; Chitkara University Institute of Engineering and Technology, Chitkara University, Punjab, India; MTSM College for Women, Ludhiana, Punjab, India; Jagat Guru Nanak Dev Punjab State Open University, Punjab, India; Chitkara University Institute of Engineering and Technology, Chitkara University, Punjab, India","2023 3rd International Conference on Smart Generation Computing, Communication and Networking (SMART GENCON)",28 Feb 2024,2023,,,1,5,"The pear is a key fruit in the horticultural sector, renowned for its adaptability and nutritional value. In recent years, the effects of climate change have increased dramatically. It is influencing all stages of plant production and compelling farmers to adopt new technologies based on data analytics to modify and adapt their crop management practices. Every year, plant diseases are proven to cause significant economic losses. This study introduces a novel method for automating the recognition of pear disease using a synergistic combination of Convolutional Neural Networks (CNN) and Random Forest. A meticulously collected and annotated dataset containing 3,150 high-resolution images of pear leaves in various disease states was compiled. The proposed system's exceptional accuracy of 77.2% signifies a significant advance in agricultural technology. The CNN module is optimised for robust feature extraction, which enables the model to recognise intricate patterns and textures that are characteristic of various pear diseases. Utilising the collective intelligence of a collection of decision trees, a Random Forest classifier is used to refine classification. This study demonstrates the potential of deep learning-based models in the detection and handling of pear disease, which can result in substantial enhancements to pear production and food security.",,979-8-3503-1912-5,10.1109/SMARTGENCON60755.2023.10442719,,https://ieeexplore.ieee.org/stamp/stamp.jsp?arnumber=10442719,pear;deep learning;disease recognition;CNN;random forest;fruit,Plant diseases;Food security;Production;Forestry;Hybrid power systems;Convolutional neural networks;Random forests,,1,,15,IEEE,28 Feb 2024,29-31 Dec. 2023,29-31 Dec. 2023,IEEE,IEEE Conferences
Machine Learning (ML) and Deep Learning (DL) Based Detection of Bacterial Heart Rot (BHR) in Pineapple Leaves,Z. Zaludin; N. S. Khalid; N. D. B. N. Danial; M. N. Ayob; M. Z. Hasan; I. I. Ibrahim,"Faculty of Electrical Engineering and Technology, Universiti Malaysia Perlis, Perlis, Malaysia; Faculty of Electrical Engineering and Technology, Universiti Malaysia Perlis, Perlis, Malaysia; Pest and Disease Management Program, Horticultural Research Centre, Malaysian Agricultural Research and Development Institute (MARDI), Kedah, Malaysia; Faculty of Electrical Engineering and Technology, Universiti Malaysia Perlis, Perlis, Malaysia; Faculty of Electrical Engineering and Technology, Universiti Malaysia Perlis, Perlis, Malaysia; Faculty of Electrical Engineering and Technology, Universiti Malaysia Perlis, Perlis, Malaysia",2025 IEEE 15th International Conference on System Engineering and Technology (ICSET),16 Dec 2025,2025,,,318,323,"Bacterial Heart Rot (BHR) is a major disease affecting pineapple (Ananas comosus) cultivation, with detrimental impacts on agricultural sustainability and productivity. Conventional or traditional detection methods are often hindered by inconsistency and subjectivity. BHR infected fruits, even when harvested, exhibit accelerated spoilage, reduced shelf life, and increased post-harvest losses. Consequently, growers and farmers experience significant economic losses due to decreased marketable yield and the necessity for additional disease management interventions. Hence, this study investigates the possibility using Artificial Intelligence (AI) techniques for the detection and classification of BHR severity in pineapple leaves. A comparative analysis is conducted between a deep learning model utilizing Convolutional Neural Networks (CNN) and a traditional machine learning algorithm employing K-Nearest Neighbors (KNN). Both models are trained and tested on image-based datasets and evaluated using standard performance metrics, including accuracy, precision, recall, and confusion matrices. Experimental results indicate that while both models demonstrate reasonable classification performance, the CNN-based approach achieves superior accuracy and generalization capability. These findings proved the potential of AI-driven systems in supporting precision agriculture by facilitating timely, scalable, and reliable disease detection in crop management practices.",2470-640X,979-8-3315-3906-1,10.1109/ICSET65917.2025.11283911,,https://ieeexplore.ieee.org/stamp/stamp.jsp?arnumber=11283911,Bacterial Heart Rot (BHR);Plant Disease Detection;KNN;CNN;Image Classifications,Heart;Precision agriculture;Economics;Accuracy;Microorganisms;Nearest neighbor methods;Performance metrics;Convolutional neural networks;Reliability;Standards,,,,19,IEEE,16 Dec 2025,4-4 Oct. 2025,4-4 Oct. 2025,IEEE,IEEE Conferences
Cayenne based Plant Monitoring Control System,K. Kolvekar; S. Lotlikar; M. Naik; A. Faldesai; Y. Muttu; M. Colaco,"Department of Electronics and Telecommunication, Don Bosco College of Engineering, Fatorda, Goa; Department of Electronics and Telecommunication, Don Bosco College of Engineering, Fatorda, Goa; Department of Electronics and Telecommunication, Don Bosco College of Engineering, Fatorda, Goa; Department of Electronics and Telecommunication, Don Bosco College of Engineering, Fatorda, Goa; Department of Electronics and Telecommunication, Don Bosco College of Engineering, Fatorda, Goa; Department of Electronics and Telecommunication, Don Bosco College of Engineering, Fatorda, Goa",2020 IEEE Bombay Section Signature Conference (IBSSC),28 Jan 2021,2020,,,237,242,"India is the world's major producer of various agricultural materials like fruits, vegetables, pulses, etc. Tomato is the most widely cultivated crop in India making it the most profitable agribusiness. Until industrial revolution, almost two-third of the human residents depends only on farming. For major development & solidification of India's agriculture, research and extension system is one of the most vital needs for agricultural development. If agriculture is to be safe, healthy & sustainable, it is essential to have healthy crops as they play an important role in generating sufficient quantities of healthy foods & contribute to the quality of life. Hence, for the increased production, suitable evaluation of crop disease in the field is very critical. Tomato horticulture farmers face lots of problems out of which leaf disease is of major concern because it happens at the earlier stage of the plant growth and if not treated on time it can destroy the full cultivation. This paper focuses on monitoring the tomato crop plantation and tomato leaf disease classification using image processing techniques and artificial neural networks. With this system farmer will now be able to view his farm and will be able to take control actions based on the measured parameters stored onto the cloud making the system very efficient.",,978-1-7281-8993-2,10.1109/IBSSC51096.2020.9332186,,https://ieeexplore.ieee.org/stamp/stamp.jsp?arnumber=9332186,Irrigation system;Internet of things (IoT);Sensors;RF module;XCT;Disease classification;Image processing;Artificial neural network,Irrigation;Cloud computing;Image processing;Process control;Control systems;Monitoring;Diseases,,1,,19,IEEE,28 Jan 2021,4-6 Dec. 2020,4-6 Dec. 2020,IEEE,IEEE Conferences
A Review: Citrus Disease Detection Using Machine Learning Approach,S. C. Raut; N. N. Kasat,"K. J. Somaiya College of Engineering, Mumbai, India; Sipna College of Engineering and Technology, Amravati, India","2024 2nd DMIHER International Conference on Artificial Intelligence in Healthcare, Education and Industry (IDICAIEI)",20 Jan 2025,2024,,,1,5,"Citrus is an important fruit crops worldwide, and diseases are one of the major constraints affecting their production and quality. An early stage detection and precise classification of citrus diseases are very important for the disease management, effectively. Diseases can affect Leaves, Fruits and stem of citrus plant. Traditional methods for disease detection and classification are time-consuming and expensive. Various techniques are proposed for the classification and detection of citrus crop diseases. Use of Machine Learning algorithms like SVM, ANN, Fuzzy C-Means Classifier, KNN, and CNN classifier are proposed by many researchers worldwide after the investigation and validation of results. This work includes the study of various citrus crop diseases and the review of literature on automatic detection and identification of the diseases using machine learning and Deep learning approaches. It also includes the brief overview of the techniques in order to improve the detection accuracy using Data Augmentation and Transfer Learning.",,979-8-3315-2871-3,10.1109/IDICAIEI61867.2024.10842864,,https://ieeexplore.ieee.org/stamp/stamp.jsp?arnumber=10842864,Citrus diseases;Deep learnings(DL);Data Augmentation;Machine Learning(ML);Timely detection;Transfer Learning,Deep learning;Support vector machines;Machine learning algorithms;Accuracy;Reviews;Computational modeling;Transfer learning;Crops;Data augmentation;Diseases,,,,42,IEEE,20 Jan 2025,29-30 Nov. 2024,29-30 Nov. 2024,IEEE,IEEE Conferences
Deep Learning-based Mango Leaf Disease Detection using Yolov8,G. O. S; P. Perugu; J. S; R. Mahajan; J. G. M. A; R. Sheeja; AhilanAppathurai; Aarti,"Information Technology, Government College of Technology, Coimbatore, India; Department of Computer Science Engineering, Sri Venkateswara College of Engineering, Tirupathi, India; Department of Computer Science and Information Technology, Kalasalingam Academy of Research and Education, Krishnankoil, Tamil Nadu, India; Manav Rachna International Institute of Research and Studies, Faridabad, India; Department of Electrical and Electronics Engineering, PSN College of Engineering and Technology, Tirunelveli, India; Artificial Intelligence and Data Science, R.M.K Engineering College Gummidipoondi, Kavaraipettai, Tamil Nadu, India; Department of Electronics and Communication Engineering, PSN College of Engineering and Technology, Tirunelveli, Tamilnadu, India; School of Computer Science and Engineering, Geeta University, Panipat",2025 3rd International Conference on Advancement in Computation & Computer Technologies (InCACCT),28 May 2025,2025,,,881,885,"The mango holds a significant position in India's fruit crop rotation and plays a major part in the nation's economy. The best strategy to avoid losing money and time is to recognize diseases in crops earlier. Obtaining a comprehensive dataset can be challenging and time-consuming. Additionally, deep learning models may struggle with detecting early-stage symptoms of diseases. In this work, a novel deep learning-based model is proposed for the early detection of mango leaf disease (MLD). An adaptive unsharp mask-guided (AUG) filter is used as a pre-processing step to improve the input pictures from the collected dataset. The enhanced images are fed into the YOLOV8 model for detecting mango leaf disease (MLD) and classifying the different kinds of disease. According to the experimental result, the proposed model attains a 99.29% success rate for the classification of disease in mango leaf. The proposed approach is compared to DL methods such as SSD, Mask RCNN, and YOLO v8. The detection accuracy is improved by the YOLO network over SSD, Mask R-CNN, and Yolo v8 by 7.57%, 4.89%, and 2.36%, respectively. In comparison to SVM, ANN, and CNN-HOG, the proposed approach advances the overall accuracy range by 4.72%, 0.73%, 13.18%, and 5.44%, respectively.",,979-8-3315-4389-1,10.1109/InCACCT65424.2025.11011320,,https://ieeexplore.ieee.org/stamp/stamp.jsp?arnumber=11011320,Mango leaf;you only look once (YOLOV8);deep learning;adaptive unsharp mask guided filter;leaf disease;conventional neural network,YOLO;Support vector machines;Deep learning;Adaptation models;Accuracy;Biological system modeling;Neural networks;Crops;Convolutional neural networks;Diseases,,,,18,IEEE,28 May 2025,17-18 April 2025,17-18 April 2025,IEEE,IEEE Conferences
PlantMed - An Automated App for Monitoring the Tasks of Farmers,S. B; M. S; A. R,"Department of Computer Science and Engineering, Chennai Institute of Technology, Chennai, India; Center for Advanced Wireless Integrated Technology, Chennai Institute of Technology, Chennai, India; Department of Computer Science and Business Systems, Chennai Institute of Technology, Chennai, India",2024 International Conference on Smart Technologies for Sustainable Development Goals (ICSTSDG),17 Jun 2025,2024,,,1,8,"Farmers and terrace gardeners use PlantMed, a sophisticated mobile application, to track ailments and monitor plant health through the use of machine learning and computer vision. The API focuses on various plants, and users can upload pictures of their plants to diagnose diseases quickly using K-means and CNN network (KNN) algorithms. The application utilizes an open API (Application Programming Interface) for well-being and a linear regression model to forecast production figures for various climatic conditions, including rainfall, temperature, humidity, and wind, while also integrating current weather information. The application offers suggestions for managing agro-health care, such as using pesticides, linking GP (Gram Panchayat) outage measures with government schemes, and registering the soil condition in their vicinity using the Google Maps API. Eva, the integrated multilingual Chabot, encourages users across languages by teaching them how to grow plants, prevent them from diseases, and use the app. Additionally, the application provides educational content in the form of articles, videos, and news about current agricultural trends. Some upcoming enhancements include the incorporation of market demand, the implementation of growing crops where there is a demand for them, and the ability to search nearby locations for agricultural equipment and supplies, thereby transforming plant medicine into a remedy for enhancing crop productivity.",,979-8-3315-1628-4,10.1109/ICSTSDG61998.2024.11026485,,https://ieeexplore.ieee.org/stamp/stamp.jsp?arnumber=11026485,PlantMed;agro health care;linear regression model;K-means and CNN Chabot;soil condition,Temperature measurement;Web services;Linear regression;Crops;Soil;Wind forecasting;Monitoring;Application programming interfaces;Diseases;Videos,,,,21,IEEE,17 Jun 2025,6-8 Nov. 2024,6-8 Nov. 2024,IEEE,IEEE Conferences
A Novel Attention Mechanism for Disease Detection in Potatoes,S. A; K. S. Tamilselvan; M. R; D. P. E L; N. Gomathi; V. V R,"Dept of ECE, Bannari Amman Institute of Technology, Erode, India; Dept of ECE, KPR Institute of Engineering and Technology, Coimbatore, India; Dept of ECE, KPR Institute of Engineering and Technology, Coimbatore, India; Dept of ECE, Erode Sengunthar Engineering College, Erode, India; Dept of BME, Erode Sengunthar Engineering College, Erode, India; Dept of Mathematics, Bannari Amman Institute of Technology, Erode, India",2025 6th International Conference on Inventive Research in Computing Applications (ICIRCA),31 Jul 2025,2025,,,1019,1025,"The potato plant is amongst the most significant vegetable crops farmed worldwide. It is rich in vitamin B12, considered to be the best ever compensation of vitamin B12 for vegetarians as it is abundantly present in non-veg foods. Potato is the most preferred vegetable to consume from kids to adults. The potato crop is prone to numerous infections like bacterial, fungal, and viral infections in its growing stages. The production is immensely affected by the diseases that occur in its sprout development stage. Diseases that occur in crops hinder the economy of agriculture as they lead to huge demands. The predominant devastating diseases influencing the growth and production of potatoes are late and early blight diseases. Detecting the diseases, especially the diseases that occurred in its initial stages, assists in preventing the loss in production and to improve the yield. A decrease in production results in increasing cost and demand. The proposed work incorporating the modified AttDenseNet architecture with the layers of Convolutional neural network layers proceeded by self-attention and co-attention mechanisms assist in predicting the disease in its earlier stages, proffers accuracy of 98.7 percent in detecting the diseases in potatoes in a maximum number of epochs.",,979-8-3315-2142-4,10.1109/ICIRCA65293.2025.11089838,,https://ieeexplore.ieee.org/stamp/stamp.jsp?arnumber=11089838,Disease detection;potatoes;Self-attention;co-attention;CNN;late and early blight;accuracy,Accuracy;Attention mechanisms;Crops;Production;Computer architecture;Agriculture;Robustness;Convolutional neural networks;Monitoring;Diseases,,,,16,IEEE,31 Jul 2025,25-27 June 2025,25-27 June 2025,IEEE,IEEE Conferences
Deep learning based Automatic Indoor Plant Management System using Arduino,S. Prasad; K. Umme Haniya; S. Zeenathunnisa; M. Tahir; M. Sulaiman,"Dept. of Electronics and Communication Engineering, HKBK College of Engineering, Bengaluru, India; Dept. of Electronics and Communication Engineering, HKBK College of Engineering, Bengaluru, India; Dept. of Electronics and Communication Engineering, HKBK College of Engineering, Bengaluru, India; Department of Electronics and Communication Engineering, HKBK College of Engineering, Bengaluru, India; Dept. of Electronics and Communication Engineering, HKBK College of Engineering, Bengaluru, India",2023 4th IEEE Global Conference for Advancement in Technology (GCAT),19 Dec 2023,2023,,,1,5,"Normal plant management systems relies majorly on human monitoring and care. Some of the disadvantages are uneven watering, inadequate nutrition supply to the plants, time consuming, lack in precision of plant health parameters, not having real time visibility, inefficient resource usage of water and energy. In order to overcome these drawbacks, a deep learning-based Plant management system is proposed in this work. By automating the system, there are several advantages. In this project, an Arduino Based Plant Automation System that waters plants automatically based on the amount of soil moisture detected by the sensors is designed. The device provide fertilizer based on detecting plant diseases through image processing software. Some advantages of the proposed system include Accurate Monitoring of plants health parameters. Automated watering, fertilizing, providing real time alerts and notifications, improved plant health and growth, energy and resource efficiency, remote access and control etc. Some areas where this system can be deployed are Smart homes, Indoor gardening, Horticulture research, Sustainable Agriculture and Vertical Farming.",,979-8-3503-0525-8,10.1109/GCAT59970.2023.10353399,,https://ieeexplore.ieee.org/stamp/stamp.jsp?arnumber=10353399,Smart Agriculture;Plant Management System;Arduino;Deep learning,Automation;Plants (biology);Moisture;Real-time systems;Sensor systems;Water pumps;Monitoring,,3,,13,IEEE,19 Dec 2023,6-8 Oct. 2023,6-8 Oct. 2023,IEEE,IEEE Conferences
Tomato Fruit Image Dataset for Deep Transfer Learning-based Defect Detection,R. G. de Luna; E. P. Dadios; A. A. Bandala; R. R. P. Vicerra,"Gokongwei College of Engineering, De La Salle University Manila, Philippines; Gokongwei College of Engineering, De La Salle University Manila, Philippines; Gokongwei College of Engineering, De La Salle University Manila, Philippines; Gokongwei College of Engineering, De La Salle University Manila, Philippines","2019 IEEE International Conference on Cybernetics and Intelligent Systems (CIS) and IEEE Conference on Robotics, Automation and Mechatronics (RAM)",19 May 2020,2019,,,356,361,"Tomato is considered as one of the vegetable crops with highest demand in the Philippines. Job of the farmers does not end after harvesting since the harvested tomatoes needed to be sorted according to its size. Manual sorting is the most widely recognized strategy in sorting but is very dependent on human interpretation and thus, very prone to error. This research proposed a solution that provides sorting of tomato fruit by detection of presence of defect. The study presented the generation of image dataset for a deep learning approach detection of defects based from a single tomato fruit image. Models were implemented using OpenCV libraries and Python programming. A total of 1200 tomato images classified as no defect and with defect are gathered using the improvised image capturing box. These images are used for the training, validation, and testing of the three deep learning models namely; VGG16, InceptionV3, and ResNet50. From this, 240 images are used as testing images to assess independently the performance of the trained models using accuracy and F1-score as performance metrics. Experiment results shown that VGG16 has 95.75-95.92-98.75 training-validation-testing accuracy percentage performance, 56.38-59.24-58.33 for the InceptionV3 model, and 90.58-58.46-64.58 for the ResNet50. Comparative analysis revealed that VGG16 is the best deep learning model to be used in the detection of presence of defect in the tomato fruit based from the dataset gathered.",2326-8239,978-1-7281-3458-1,10.1109/CIS-RAM47153.2019.9095778,,https://ieeexplore.ieee.org/stamp/stamp.jsp?arnumber=9095778,tomato defect detection;deep transfer learning;image processing;solanum lycopersicum,Machine learning;Training;Diseases;Image color analysis;Image segmentation;Feature extraction,,15,,23,IEEE,19 May 2020,18-20 Nov. 2019,18-20 Nov. 2019,IEEE,IEEE Conferences
Feature Fusion Approach with Inception-RestNet and Canonical Correlation Analysis for Strawberry Leaf Disease Detection,V. Gautam; H. Maheshwari; R. G. Tiwari; A. K. Agarwal; N. K. Trivedi; N. Garg,"Chitkara University Institute of Engineering and Technology, Chitkara University, Punjab, India; School of Computing, Graphic Era Hill University, Dehradun, Uttrakhand, India; Chitkara University Institute of Engineering and Technology, Chitkara University, Punjab, India; Department of Computer Science and Engineering, Sharda School of Engineering and Technology, Sharda University, Greater Noida, India; Chitkara University Institute of Engineering and Technology, Chitkara University, Punjab, India; Department of Computer Science and Engineering, Graphic Era Deemed to be University, Dehradun, Uttrakhand, India",2024 2nd International Conference on Advancement in Computation & Computer Technologies (InCACCT),11 Jun 2024,2024,,,288,292,"Strawberries are one of the most demanding horticulture crops due to their flavor and nutritional value. Therefore, the demand for strawberries growing yearly and production of the same is very low. The prime factor of low production is leaf disease because the crop is susceptible to various types of leaf diseases. This causes huge financial losses every year to the farmers. Therefore, adequate action is needed to save strawberry crops from diseases and effectively manage their spread. Farmers were completely dependent on expert skilled personnel to identify crop diseases that may be the reason for the loss of crop yield. Therefore, this research proposed a novel deep-learning method to recognize plant leaf disease to optimize losses. However, with the invention of this method, it is easy to recognize different disease patterns within the plant leaf. The research proposed a feature fusion-based deep learning model named FFIR (Feature Fusion with Inception-RestNet) for recognizing leaf diseases. The features were extracted with a composition of the Inception-RestNet model. Later, the extracted features are fused in a fusion matrix using canonical correlation analysis (CCA). Afterward, the classification was performed with a Convolution Neural network. The proposed model outperformed with an accuracy of 99.34%.",,979-8-3503-7131-4,10.1109/InCACCT61598.2024.10551189,,https://ieeexplore.ieee.org/stamp/stamp.jsp?arnumber=10551189,Strawberry leaf disease;deep learning;transformer;pre-trained models,Deep learning;Technological innovation;Correlation;Horticulture;Neural networks;Production;Feature extraction,,3,,22,IEEE,11 Jun 2024,2-3 May 2024,2-3 May 2024,IEEE,IEEE Conferences
Deep Insights into Mango Scab: An AI-Powered Approach for Detection and Classification,A. Kaur; V. Kukreja; D. S. Rana; A. Garg; R. Sharma,"Chitkara University Institute of Engineering and Technology Chitkara University Punjab, India; Chitkara University Institute of Engineering and Technology Chitkara University Punjab, India; Computer Science and Engineering Graphic Era Hill University, Dehradun, Uttarakhand, India; Computer Science & Engineering Graphic Era Deemed to be University, Dehradun, Uttarakhand, India; Chitkara University Institute of Engineering and Technology Chitkara University Punjab, India","2024 Fourth International Conference on Advances in Electrical, Computing, Communication and Sustainable Technologies (ICAECT)",21 Mar 2024,2024,,,1,5,"The mango, which comes from the plant genus Mangifera indica L., is a fruit crop that is well-regarded all over the world due to its scrumptious flavor and noteworthy nutritional profile. The illness known as mango scab, which is brought on by the fungus Elsinoe mangiferae, is a serious obstacle for the mango business. This disease causes the mango fruit to develop scaly lesions, which in turn results in decreased market value and yield losses. To effectively manage a disease, timely discovery and correct assessment of the severity of the condition are both essential. This study provides a hybrid deep learning (DL) model that combines a Convolutional Neural Network (CNN) for the detection of disease with a Support Vector Machine (SVM) for the categorization of the severity of the disease. The model was trained and tested using a broad dataset of mango photos that included a range of disease severity levels as well as different varieties of mango. The model's performance in illness detection resulted in an overall accuracy of 95.93%, with scores of best precisions of 97.17% and best recall of 96.28%, respectively. When it came to the classification of severity, the SVM classifier was able to achieve an accuracy of 95.93%. These findings provide evidence that the model is capable of precisely identifying the degree of mango scab illness and demonstrating its usefulness in detecting the condition. To provide mango farmers with a flexible instrument, the hybrid method makes use of the capability of CNNs to extract features as well as the SVM's skill in classifying data. This research provides growers with up-to-date information that enables targeted disease management. As a result, mango crop yields are increased, and economic losses are decreased.",,979-8-3503-4367-0,10.1109/ICAECT60202.2024.10468676,,https://ieeexplore.ieee.org/stamp/stamp.jsp?arnumber=10468676,Mango Scab Disease;Severity Detection;Mango Crop;Deep Learning;Agriculture Technology;Image-based recognition,Support vector machines;Industries;Instruments;Production;Feature extraction;Robustness;Convolutional neural networks,,3,,21,IEEE,21 Mar 2024,11-12 Jan. 2024,11-12 Jan. 2024,IEEE,IEEE Conferences
Design and simulation of crop monitoring robot for green house,K. R. Aravind; P. Raja,"School of Mechanical Engineering, SASTRA University, Thanjavur, Tamil Nadu, India; School of Mechanical Engineering, SASTRA University, Thanjavur, Tamil Nadu, India",2016 International Conference on Robotics: Current Trends and Future Challenges (RCTFC),6 Apr 2017,2016,,,1,6,"Incidence of disease in horticultural crops is one of the important problems affecting the production of fruits, vegetables and flowers. Regular monitoring of crops for early diagnosis and treatment with pesticides or removal of the affected crop is some of the solution to minimize the crop loss. Monitoring of the crops by human labour is costly, time consuming, error prone due to insufficient knowledge of the disease and highly repetitive at different stages of crop growth. These needs have motivated to design a line following mobile robot with vision sensors for navigation across the field for disease identification in a green house. The robot has been designed and simulated in an open source software known as Virtual Robot Experimental Platform (V-REP) with experimental field of 40 crops. Programming for navigation is done in Lua scripting tool which is embedded with the V-REP software. Capturing of images has been performed using camera. Processing of images for identification of disease and its representation in a Graphical User Interface (GUI) has been done using an algorithm in MATLAB R2011B which interacts with V-REP tool through socket communication. Texture based analysis has been done to identify the diseased crops among the healthy crops in the simulated field setup.",,978-1-5090-3342-3,10.1109/RCTFC.2016.7893419,,https://ieeexplore.ieee.org/stamp/stamp.jsp?arnumber=7893419,Agricultural robots;crop monitoring robots;disease identification robots;image processing,Agriculture;Robot sensing systems;Diseases;Navigation;Monitoring,,5,,10,IEEE,6 Apr 2017,19-20 Dec. 2016,19-20 Dec. 2016,IEEE,IEEE Conferences
Mulberry Leaves Diseases and Disease Identification Techniques,S. Sandeep Kumar; U. Divakarla,"Department of Computer and Communication Engineering, NMAM Institute of Technology(NMAMIT) Nitte, NITTE (Deemed to be University), Karkala, India; Department of Computer and Communication Engineering, NMAM Institute of Technology(NMAMIT) Nitte, NITTE (Deemed to be University), Karkala, India",2023 International Conference on Integrated Intelligence and Communication Systems (ICIICS),8 Feb 2024,2023,,,1,7,"In sericulture, the young caterpillars of the common silk moth, also known as ”Bombyx Mori,” are the most widely used species of silkworm. For the purpose of raising silkworms, mulberry plants are grown. Mulberry leaves are the main source of food for silkworms. Mulberry leaves are an important economic factor in sericulture because they directly influence the quality and quantity of cocoons produced per unit area. Mulberry leaf diseases cause both a loss in leaf quality and a reduction in leaf yield. Feeding silkworms diseased leaves has an effect on both the quality of the silk produced and the number of cocoons formed. Traditional techniques have been used to detect diseases. However, plant pathologists or agricultural professionals have traditionally used empty-eye observation to find leaf diseases. It takes a lot of labour and in-depth understanding of plant illnesses to detect diseases in plant leaves using this approach, which may be unreliable, time-consuming, and lucrative. Therefore, it is crucial to maintain regular watchfulness and employ effective disease diagnosis methods to safeguard mulberry leaves from various disease attacks.",,979-8-3503-1545-5,10.1109/ICIICS59993.2023.10421635,,https://ieeexplore.ieee.org/stamp/stamp.jsp?arnumber=10421635,Silkworm;Mulberry Leaf;Bombyx Mori;Co-coon,Pathogens;Machine learning algorithms;Plants (biology);Machine learning;Classification algorithms;Medical diagnosis;Diseases,,3,,30,IEEE,8 Feb 2024,24-25 Nov. 2023,24-25 Nov. 2023,IEEE,IEEE Conferences
A Review on Automated Detection and Assessment of Fruit Damage Using Machine Learning,Y. Safari; J. Nakatumba-Nabende; R. Nakasi; R. Nakibuule,"Department of Computer Science, Mbarara University of Science and Technology, Mbarara, Uganda; Department of Computer Science, Makerere University, Kampala, Uganda; Department of Computer Science, Busitema University, Kampala, Uganda; Department of Computer Science, Makerere University, Kampala, Uganda",IEEE Access,12 Feb 2024,2024,12,,21358,21381,"Automation improves the quality of fruits through quick and accurate detection of pest and disease infections, thus contributing to the country’s economic growth and productivity. Although humans can identify the fruit damage caused by pests and diseases, the methods used are inconsistent, time-consuming, and variable. The surface features of fruits typically observed by consumers who seek their health benefits affect their market value. The issue of pest and disease infections further deteriorates fruits’ quality, becoming a mounting stressor on farmers since they reduce the potential revenue from fruit production, processing, and export. This article reviews various studies on detecting and classifying damages in fruits. Specifically, we review articles where state-of-the-art approaches under segmentation, image processing, machine learning, and deep learning have proved effective in developing automated systems that address hurdles associated with manual methods of assessing damage using visual experiences. This survey reviews thirty-two journal and conference papers from the past thirteen years that were found electronically through Google Scholar, Scopus, IEEE, ScienceDirect, and standard online searches. This survey further presents a detailed discussion of previous research done in the past while emphasizing their strengths and limitations as well as outlining potential future research topics. It also reveals that much as the use of automated detection and classification of fruit damage has yielded promising results in the horticulture industry, more research is still needed with systems required to fully automate the detection and classification processes, especially those that are mobile phone-based towards addressing occlusion challenges.",2169-3536,,10.1109/ACCESS.2024.3362230,"Adaptive Environmental Monitoring Networks for East Africa (ADEMNEA), a Norwegian Programme for Capacity Development in Higher Education and Research for Development (NORHED) funded project from Norway; ",https://ieeexplore.ieee.org/stamp/stamp.jsp?arnumber=10419325,Fruit damage detection;classification;deep learning;image analysis;segmentation,Feature extraction;Sensors;Production;Horticulture;Biological system modeling;Internet of Things;Smart agriculture;Machine learning;Plant diseases;Crops;Pest control,,22,,126,CCBYNCND,5 Feb 2024,2024,,IEEE,IEEE Journals
A Review on Deep Learning and Transfer Learning Models: Grape Leaf Disease Detection,P. G. Dhavane; T. G. Mangave; T. S. Deshmukh; P. P. Kajale,"Computer Science and Design Engineering, MIT, ADT, Pune, Maharashtra, India; AIDS, AISSMS IOIT, Pune, Maharashtra; Electronic and Telecommunication Engineering, M.V.P.S's, K.B.T. College of Engineering, Nashik; Computer Science and Design Engineering, DVVP, COE, MIDC, Ahmednagar, Maharashtra",2025 3rd International Conference on Inventive Computing and Informatics (ICICI),15 Jul 2025,2025,,,1013,1018,"Grapes are the most significant fruit crops which contain several vitamins and minerals such as vitamins K, and B, as well as copper. Grape plants can be greatly affected by different diseases including grape esca, isariopsis leaf spot, black rot, powdery mildew or downy mildew, and so on. These diseases impact the entire grape's quality and yield. Early detection of grape leaf disease is essential to reduce economic costs and disease progression. However, various existing approaches pose certain challenges including computational cost, real-time detection, illumination, and occlusion as well as misclassification. This survey analyzes recent works using the machine learning, deep learning, and transfer learning techniques for grape leaf disease diagnosis in the form of dataset availability, disease severity estimation, and computational resources. Among other techniques, deep learning shows superior performance results and a better capability to extract features. Additionally, this research analyzes various performance metrics and the limitations of existing approaches.",,979-8-3315-3830-9,10.1109/ICICI65870.2025.11069612,,https://ieeexplore.ieee.org/stamp/stamp.jsp?arnumber=11069612,Grape leaf disease;Image processing;deep learning;Transfer learning;Machine learning techniques,Deep learning;Training;Surveys;Accuracy;Biological system modeling;Computational modeling;Pipelines;Transfer learning;Feature extraction;Diseases,,,,25,IEEE,15 Jul 2025,4-6 June 2025,4-6 June 2025,IEEE,IEEE Conferences
Fruitful Fusion: CNN-Random Forest Synergy in Banana Ripeness Detection,Yashu; V. Kukreja; P. Srivastava; A. Garg,"Chitkara University Institute of Engineering and Technology, Chitkara University, Punjab, India; Chitkara University Institute of Engineering and Technology, Chitkara University, Punjab, India; Computer Science and Engineering, Graphic Era Hill University, Dehradun, Uttarakhand, India; Computer Science and Engineering, Graphic Era Deemed to be University, Dehradun, Uttarakhand, India","2024 IEEE International Conference on Information Technology, Electronics and Intelligent Communication Systems (ICITEICS)",22 Aug 2024,2024,,,1,6,"This research paper introduces a new methodology for detecting the maturity of bananas by combining Convolutional Neural Networks (CNN) with Random Forest. The objective is to tackle the pressing need for automated evaluation of fruit quality in the field of agriculture. The experimental configuration included the use of Windows 11 as the operating system, an i5 processor as the central processing unit, and the Colab platform, which together facilitated efficient testing. The model had a notable overall accuracy rate of 86.97%, indicating its strong categorization skills. Additionally, the F1 score, which is calculated as the harmonic mean of accuracy and recall, exhibited an average value of 87.00, therefore emphasising the model's well-balanced performance. The precision scores showed a range of 81.97% to 91.37%, which signifies the level of accuracy in positive forecasts across various ripeness categories. The use of a hybrid strategy efficiently leveraged the feature extraction capabilities of Convolutional Neural Networks (CNN) and the ensemble learning technique of Random Forest to achieve accurate and dependable classification. The findings indicate a significant development in the precise identification of fruit maturity, showcasing potential implications in enhancing harvest procedures and reducing post-harvest wastage. This research establishes a foundation for the development of enhanced and automated techniques for evaluating the quality of fruits, hence offering potential advantages to the agriculture sector.",,979-8-3503-8269-3,10.1109/ICITEICS61368.2024.10625429,,https://ieeexplore.ieee.org/stamp/stamp.jsp?arnumber=10625429,Banana;CNN-Random forest;Deep Learning;Fruit;Crop;Agriculture;Health;Diseases,Accuracy;Operating systems;Forestry;Pressing;Harmonic analysis;Agriculture;Convolutional neural networks,,,,14,IEEE,22 Aug 2024,28-29 June 2024,28-29 June 2024,IEEE,IEEE Conferences
A Data Repository of Leaf Images: Practice towards Plant Conservation with Plant Pathology,S. S. Chouhan; U. P. Singh; A. Kaul; S. Jain,"School of Computer Science and Engineering, Shri Mata Vaishno Devi University, Katra, Jammu and Kashmir, India; School of Mathematics, Shri Mata Vaishno Devi University, Katra, Jammu and Kashmir, India; School of Computer Science and Engineering, Shri Mata Vaishno Devi University, Katra, Jammu and Kashmir, India; Department of Computer Science and Engineering, Indian Institute of Information Technology Design and Management, Jabalpur, India",2019 4th International Conference on Information Systems and Computer Networks (ISCON),16 Mar 2020,2019,,,700,707,"The relationship between the plants and the environment is multitudinous and complex. They help in nourishing the atmosphere with diverse elements. Plants are also a substantial element in regulating carbon emission and climate change. But in the past, we have destroyed them without hesitation. For the reason that not only we have lost a number of species located in them, but also a severe result has also been encountered in the form of climate change. However, if we choose to give them time and space, plants have an astonishing ability to recover and re-cloth the earth with varied plants and species that we have, so recently, stormed. Therefore, a contribution has been made in this article towards the study of plant growth and its management. Twelve economically and environmentally beneficial plants have been selected for this purpose. Leaf images of these plants in healthy and unhealthy conditions have been acquired and alienated among two separate classes. We have collected about 4503 images of which contain 2278 images of healthy leaf and 2225 images of the diseased leaf. Further, we hope that this study can be beneficial for researchers and academicians in developing methods for plant identification, plant classification, plant growth monitoring, leaf disease diagnosis, etc. Finally, the anticipated impression is towards a better understanding of the plants to be planted and their appropriate management.",,978-1-7281-3651-6,10.1109/ISCON47742.2019.9036158,,https://ieeexplore.ieee.org/stamp/stamp.jsp?arnumber=9036158,Computer Vision;Deforestation;Forestation;Horticulture;Image Processing;Plant Conservation;Plant Pathology,Diseases;Forestry;Monitoring;Vegetation;Image color analysis;Computer vision;Agriculture;Climate change,,58,,26,IEEE,16 Mar 2020,21-22 Nov. 2019,21-22 Nov. 2019,IEEE,IEEE Conferences
Classification Of Cultivars Employing The Alexnet Technique Using Deep Learning,K. Gurunathan; V. Bharathkumar; M. H. A. Meeran; K. Hariprasath; R. Jidendiran,"Department of Information Technology, M. Kumarasamy College of Engineering, Karur, Tamilnadu; Department of Information Technology, M. Kumarasamy College of Engineering, Karur, Tamilnadu; Department of Information Technology, M. Kumarasamy College of Engineering, Karur, Tamilnadu; Department of Information Technology, M. Kumarasamy College of Engineering, Karur, Tamilnadu; Department of Information Technology, M. Kumarasamy College of Engineering, Karur, Tamilnadu","2023 International Conference on Bio Signals, Images, and Instrumentation (ICBSII)",18 Jul 2023,2023,,,1,7,"The recognition of hybrid fruits by humans is considered a challenging task as fruits exist in various colors, sizes, shapes, and textures. In the marketplace, where prediction of fruits, vegetables, and pulses by retailers and the general public is very difficult. In this paper, we have recognised two different classes of fruits, vegetables, and pulses and categorised them based on the stages of their existence and maturity in a procedure called fruit maturity classification. Crop distribution, good fruit counts, crop harvesting, crop disease detection, weed management, and production forecasting are all aspects of managing water and soil and are just a few of the smart agricultural applications that employ robust learning (DL). The finest deep learning is what this project seeks to produce in algorithms for estimating fruit quality and ripeness in order to forecast fruit shelf life. Manual vegetable and fruit detection is a hard process when done in large numbers, but it becomes easy when done in small amounts. Automated detection of these is thus used. Fruit, crop, and pulse images served as the input for the first stage of processing, which included detection. Background removal, extraction of colour and texture properties, and categorization comprised the three steps of the process. The K-means clustering method was used for background subtraction. Statistical attributes were used to pinpoint colour characteristics. This research proposes a simple and effective method for detecting fruits and predicting their nutrition information using deep Alex networks (DAN). The datasets used in the investigation were obtained from the Fruit 360 library of image processing problems. Apples, berries, bananas, grapes, papaya, peaches, avocados, and various apple tastes are among the fruit groups. The trials are also carried out on a variety of additional fruit samples gathered from various Web archives. The network design consists of three fully linked layers, including the max pooling and RELU levels, and five convolution layers. 227*227*3 photos should be used as input for 96 filters that are 11*11*3 and have a stride length of 4.",2768-6450,979-8-3503-3817-1,10.1109/ICBSII58188.2023.10181087,,https://ieeexplore.ieee.org/stamp/stamp.jsp?arnumber=10181087,Fruits;Vegetables;Hybrid;Machine Learning;Deep Learning,Deep learning;Image color analysis;Shape;Pipelines;Crops;Production;Manuals,,4,,12,IEEE,18 Jul 2023,16-17 March 2023,16-17 March 2023,IEEE,IEEE Conferences
Disease Detection in Plants using Convolutional Neural Network,D. M. Sharath; S. A. Kumar; M. G. Rohan; Akhilesh; K. V. Suresh; C. Prathap,"Dept. of E&CE, Siddaganga Institute of Technology, Tumakuru, India; Dept. of E&CE, Siddaganga Institute of Technology, Tumakuru, India; Dept. of E&CE, Siddaganga Institute of Technology, Tumakuru, India; Dept. of E&CE, Siddaganga Institute of Technology, Tumakuru, India; Dept. of E&CE, Siddaganga Institute of Technology, Tumakuru, India; Dept. of E&CE, Siddaganga Institute of Technology, Tumakuru, India",2020 Third International Conference on Smart Systems and Inventive Technology (ICSSIT),6 Oct 2020,2020,,,389,394,"Majority population of the world depends on agriculture as their primary occupation to earn their income. If any problems occur in that primary sector, it is going to affect the livelihood of the population adversely. Hence, it is necessary to maintain the proper balance in the agriculture sector by preventing the same from adverse effects like drought, plant diseases etc. In agriculture sector, especially horticulture yield more income to the farmers than other crops. These crops are prone to many diseases very easily and manual detection of disease in crops is very much difficult in the early stage. To avoid errors due to manual detection of diseases, Machine learning methods are used. Image processing is done by capturing the infected region of image. The infected image is provided for enhancement followed by image segmentation. then, the segmented image is given as input for the classification using convolutional neural network. This entire process is going to take place over an Android platform. This Android application helps the farmers to identify the disease easily. This paper proposes the techniques involved in the detection of diseases in the very early stage using image processing and the classification is made using convolutional neural network. After the identification a proper solution are going to provide to combat the infection in a very early stage to the farmers. This will increase the income of the farmers.",,978-1-7281-5821-1,10.1109/ICSSIT48917.2020.9214159,,https://ieeexplore.ieee.org/stamp/stamp.jsp?arnumber=9214159,Image Processing;Grabcut segmentation;Gaussian Filter;Activation Function;Convolutional neural networks,Diseases;Image segmentation;Feature extraction;Pipelines;Agriculture;Sociology;Statistics,,17,,8,IEEE,6 Oct 2020,20-22 Aug. 2020,20-22 Aug. 2020,IEEE,IEEE Conferences
Plant Health Monitoring System and Smart Gardening using IoT,R. N. D; A. R; D. G; G. P. S,"Department of Electronics and Communication Engineering, KPR Institute of Engineering and Technology, Arasur, India; Department of Electronics and Communication Engineering, KPR Institute of Engineering and Technology, Arasur, India; Department of Electronics and Communication Engineering, KPR Institute of Engineering and Technology, Arasur, India; Department of Electronics and Communication Engineering, KPR Institute of Engineering and Technology, Arasur, India",2022 IEEE International Conference on Data Science and Information System (ICDSIS),14 Oct 2022,2022,,,1,5,"Plant heath is the scientific framework associated with controlling pest infection and pathogen intervention. This in large scale could be helpful in managing effectiveness of field or forest. The food we eat in and the cattle we grow all have close correlation with plant health. The plant health monitoring system includes chlorophyll analysis, crop density or growth analysis and nutrient analysis using image processing technique. The proposed method monitors the plant health by Chlorophyll meter is used for identifying nutrient deficiency in plants. The existing chlorophyll meter is expensive and has many disadvantages. A low-cost chlorophyll meter is implemented and it has combined assistance of internet of things. The results are compared with that of spectrophotometer and all its enhancements are highlighted. The objective is satisfied there by introduction of low cost and less complexity. The ultrasonic sensors transmit and receives waves from the target it hits. This is mounted at the top of the crop or field there by continuously monitoring the growth and indicating the periodical growth updation. The nutrition of the plant is monitored by the image processing technique, using plant image acquired from the camera. The raspberry pi board is the heart of the entire system where it controls the entire experimentation.",,978-1-6654-9801-2,10.1109/ICDSIS55133.2022.9915830,,https://ieeexplore.ieee.org/stamp/stamp.jsp?arnumber=9915830,Raspberry pi. Plant Health Monitoring;Nutrition and Chlorophyll.,Temperature sensors;Meters;Temperature measurement;Costs;Image processing;Crops;Cameras,,1,,15,IEEE,14 Oct 2022,29-30 July 2022,29-30 July 2022,IEEE,IEEE Conferences
Application of Deep Learning-Based Visual Recognition for the Prevention of Rose Leaf Mite Damage,K. -T. Zhang; C. -H. Su; J. -H. Tang,"Information Management Department, National Taipei University of Business, Taipei, Taiwan; Information Management Department, National Taipei University of Business, Taipei, Taiwan; Information Management Department, National Taipei University of Business, Taipei, Taiwan",2025 IEEE International Conference on Consumer Electronics - Taiwan (ICCE-Taiwan),27 Oct 2025,2025,,,343,344,"This study applies Convolutional Neural Networks (CNNs) to detect two-spotted spider mite (Tetranychus urticae) infestations on rose leaves in Taiwan. Rose cultivation, a vital component of Taiwan’s horticultural industry, is frequently threatened by these infestations, which cause leaf chlorosis and substantial yield losses.A dataset comprising 1,051 images of both healthy and infested rose leaves was constructed, and AlexNet and VGG16 models were employed for classification. K-Fold cross-validation was used to enhance model robustness and the reliability of evaluation. Experimental results show that the VGG16 model achieved superior performance, with 90.11% accuracy and a standard deviation of 1.39%, outperforming AlexNet, which attained 88.11% accuracy.",2575-8284,979-8-3315-8741-3,10.1109/ICCE-Taiwan66881.2025.11208032,National Science and Technology Council; ,https://ieeexplore.ieee.org/stamp/stamp.jsp?arnumber=11208032,Deep Learning;Agriculture;Image Recognition,Deep learning;Visualization;Image recognition;Accuracy;Prevention and mitigation;Robustness;Agriculture;Convolutional neural networks;Standards;Consumer electronics,,,,13,IEEE,27 Oct 2025,16-18 July 2025,16-18 July 2025,IEEE,IEEE Conferences
Indoor Greenery Identification: A ResNet-50 and SVM-Based Approach for Plant Species Recognition,J. Kaur; G. Singh; S. Jagadish; Z. A. Salami,"Institute of Engineering and Technology, Chitkara University, Rajpura, Punjab, India; Institute of Engineering and Technology, Chitkara University, Rajpura, Punjab, India; School of Computer Science and Artificial Intelligence, SR University, Warangal, Telangana, India; Department of Computers Techniques Engineering, College of Technical Engineering, The Islamic University, Najaf, Iraq",2025 IEEE International Conference on Interdisciplinary Approaches in Technology and Management for Social Innovation (IATMSI),9 May 2025,2025,3,,1,6,"The accurate identifications of houseplant species are very important applications in horticulture, biodiversity conservation, and plant disease management. This research paper presents an approach for classification of house-plant species by focusing on the identification of various plants commonly found in indoor environments. In the model, a hybrid architecture is used in which ResNet-50 is combined with an SVM classifier implemented using the PyTorch deep learning (DL) framework. It utilizes the Adam optimizer to train efficiently. The dataset consists of images of various house plants, categorized into 47 classes with a total of 15,131 images. The ResNet-50 DL architecture has been used and, as an SVM classifier, has performed multi-class classification. The dataset has been divided into training (80%) and testing (20%) sets. The model has been trained for 10 epochs. The proposed model has achieved an impressing accuracy of 98.80%, thereby proving to identify plant species in a more precise manner. As shown by the loss curve, training and validation loss decreased steadily throughout the process. This apparently indicates that the model converged appropriately. The results demonstrate how the SVM-ResNet-50 hybrid is capable of alleviating complex image classification tasks. The major challenge for this experiment was the model’s insensitivity to changes caused in images by lighting and angles. Further work in the future will focus on enriching the model through more augmentation techniques and data augmentation to enhance generalization and robustness. Another possible improvement of the model is to implement attention mechanisms to better concentrate on important features.",,979-8-3315-2169-1,10.1109/IATMSI64286.2025.10985113,,https://ieeexplore.ieee.org/stamp/stamp.jsp?arnumber=10985113,House plant species identification;ResNet-50;SVM classifier;DL;plant classification;image classification;plant species detection,Support vector machines;Training;Accuracy;Image recognition;Plants (biology);Lighting;Feature extraction;Data models;Environmental management;Image classification,,1,,16,IEEE,9 May 2025,6-8 March 2025,6-8 March 2025,IEEE,IEEE Conferences
Indoor Greenery Identification: A ResNet-50 and SVM-Based Approach for Plant Species Recognition,J. Kaur; G. Singh; S. Jagadish; Z. A. Salami,"Chitkara University Institute of Engineering and Technology, Chitkara University, Rajpura, Punjab, India; Chitkara University Institute of Engineering and Technology, Chitkara University, Rajpura, Punjab, India; School of Computer Science and Artificial Intelligence, SR University, Warangal, Telangana, India; Department of Computers Techniques Engineering, College of Technical Engineering, The Islamic University, Najaf, Iraq",2025 IEEE International Conference on Interdisciplinary Approaches in Technology and Management for Social Innovation (IATMSI),9 May 2025,2025,3,,1,6,"The accurate identifications of houseplant species are very important applications in horticulture, biodiversity conservation, and plant disease management. This research paper presents an approach for classification of house-plant species by focusing on the identification of various plants commonly found in indoor environments. In the model, a hybrid architecture is used in which ResNet-50 is combined with an SVM classifier implemented using the PyTorch deep learning (DL) framework. It utilizes the Adam optimizer to train efficiently. The dataset consists of images of various house plants, categorized into 47 classes with a total of 15,131 images. The ResNet-50 DL architecture has been used and, as an SVM classifier, has performed multi-class classification. The dataset has been divided into training (80%) and testing (20%) sets. The model has been trained for 10 epochs. The proposed model has achieved an impressing accuracy of 98.80%, thereby proving to identify plant species in a more precise manner. As shown by the loss curve, training and validation loss decreased steadily throughout the process. This apparently indicates that the model converged appropriately. The results demonstrate how the SVM-ResNet-50 hybrid is capable of alleviating complex image classification t asks. The major challenge for this experiment was the model’s insensitivity to changes caused in images by lighting and angles. Further work in the future will focus on enriching the model through more augmentation techniques and data augmentation to enhance generalization and robustness. Another possible improvement of the model is to implement attention mechanisms to better concentrate on important features.",,979-8-3315-2169-1,10.1109/IATMSI64286.2025.10985542,,https://ieeexplore.ieee.org/stamp/stamp.jsp?arnumber=10985542,House plant species identification;ResNet-50;SVM classifier;DL;plant classification;image classification;plant species detection,Support vector machines;Training;Accuracy;Image recognition;Plants (biology);Lighting;Feature extraction;Data models;Environmental management;Image classification,,,,16,IEEE,9 May 2025,6-8 March 2025,6-8 March 2025,IEEE,IEEE Conferences
Classification of Downy Mildew Disease in Watermelon Plant Leaf using VGG-16 Convolutional Neural Network,A. Khannum; D. R; K. Y,"Department of Research and studies in Computer Science, Davangere University, Davangere, India; Department of studies in Computer Science, Davangere University, Davanagere, India; Department of Post-harvest Technology, College of Horticulture, Mudigere, India",2024 4th International Conference on Mobile Networks and Wireless Communications (ICMNWC),20 Feb 2025,2024,,,1,8,"Downy Mildew, caused by Pseudoperonospora cubensis, poses a serious threat to watermelon (Citrullus lanatus) crops, with the potential to drastically reduce yields and cause substantial economic losses in the agricultural sector. Early and accurate detection is essential for mitigating these impacts and maintaining crop productivity. An automatic detection system was developed using the VGG-16 Convolutional Neural Network (CNN) model, selected for its high accuracy. Trained and validated on a dataset of 585 images, split into 80% for training and 20% for validation, the model achieved 100% accuracy in both phases, with minimal losses of 0.0325 and 0.0098 respectively. These results underscore the model's potential for precise Downy Mildew detection, supporting improved disease management in precision agriculture.",,979-8-3315-2834-8,10.1109/ICMNWC63764.2024.10872300,,https://ieeexplore.ieee.org/stamp/stamp.jsp?arnumber=10872300,convolutional neural networks (CNN);vgg- 16 model;binary cross-entropy loss;downy mildew detection;training accuracy;validation accuracy,Training;Productivity;Wireless communication;Adaptation models;Accuracy;Crops;Data augmentation;Data models;Robustness;Convolutional neural networks,,2,,24,IEEE,20 Feb 2025,4-5 Dec. 2024,4-5 Dec. 2024,IEEE,IEEE Conferences
Automatic Recognition of the Damages and Symptoms on Plant Leaves Using Parallel Combination of Two Classifiers,I. El Massi; Y. Es-Saady; M. El Yassa; D. Mammass; A. Benazoun,"IRF-SIC Lab., Ibn zohr Univ., Agadir, Morocco; IRF-SIC Lab., Ibn zohr Univ., Agadir, Morocco; IRF-SIC Lab., Ibn zohr Univ., Agadir, Morocco; IRF-SIC Laboratory, Ibn zohr university, Agadir, Morocco; Department of Plant Protection, Horticultural Complex of Agadir, Morocco","2016 13th International Conference on Computer Graphics, Imaging and Visualization (CGiV)",12 May 2016,2016,,,131,136,"This study presents a multiple classifier system for automatic recognition of the damages and symptoms on plant leaves from images. The proposed approach is based on parallel combination of two kinds of classifiers, one is a neural network classifier that uses texture, color and shape features to distinguish between the damages and symptoms, then the other is a support vector machine (SVM) classifier that uses texture and shape features. In order to design our system, we have based on some existing approaches in the field that adopt a single classifier. The tests of this study were carried out on six classes including the damages of three pest insects (Leaf miners, Thrips and Tuta absoluta) and symptoms of three fungal diseases (Early blight, Late blight and Powdery mildew). The experimental results show the efficiency of our approach compared to the pervious approaches based on single classifier. The proposed approach is more effective and has the highest rate of recognition.",,978-1-5090-0811-7,10.1109/CGiV.2016.34,,https://ieeexplore.ieee.org/stamp/stamp.jsp?arnumber=7467696,Multiple classifier system;Neural network;Support vector machine;Damages;Symptomes;Image,Image color analysis;Shape;Support vector machines;Feature extraction;Lesions;Neural networks;Image segmentation,,12,,15,IEEE,12 May 2016,29 March-1 April 2016,29 March-1 April 2016,IEEE,IEEE Conferences
A vision transformer-based approach for recognizing seven prevalent mango leaf diseases,M. E. Rayed; Abdullah-Al-Akib; N. Alfaz; S. I. Niha; S. M. S. Islam,"Department of Computer Science & Engineering, American International University-Bangladesh, Dhaka, Bangladesh; Department of Computer Science & Engineering, American International University-Bangladesh, Dhaka, Bangladesh; Department of Computer Science & Engineering, American International University-Bangladesh, Dhaka, Bangladesh; Department of Computer Science & Engineering, American International University-Bangladesh, Dhaka, Bangladesh; Department of Computer Science & Engineering, American International University-Bangladesh, Dhaka, Bangladesh",2023 26th International Conference on Computer and Information Technology (ICCIT),27 Feb 2024,2023,,,1,6,"Plant diseases, particularly affecting fruit crops, pose a significant challenge to the worldwide supply of fresh food due to their direct impact on the quality of fruits, resulting in an overall decline in agricultural production. The traditional approach of detecting leaf diseases in fruit plants requires farmers to undertake manual inspection which exhibits a lack of reliability and consistency. Moreover, the manual inspection procedure is prone to errors due to its reliance on the farmer’s knowledge and skill. Mango referred to as the ""king of all fruits"", is renowned for its rich composition of various vitamins and vital nutrients. Mangoes are susceptible to many diseases that adversely damage their visual appeal, and flavor, and have significant implications on the overall economy. The identification of diseases affecting mango plant leaves using automated recognition remains a challenge due to the diverse range of symptoms and limited availability of data. There have been several deep learning-based research studies focused on identifying diseases in mango leaves; however, the majority of these studies have employed a convolutional neural network (CNN) trained on a small number of data. This study presents a Vision Transformer (ViT) based approach to detect diseases in mango leaves using publicly available data namely MangoLeafBD. The ViT model has been selected as the detection model due to its parameter efficiency compared to deep CNN models. The ViT has produced remarkable overall classification accuracy of 100%, precision of 100%, recall of 100%, and f1-score of 100% for disease detection on mango leaves which is better than the existing CNN approaches on the MangoLeafBD dataset. This demonstrates that our approach has the potential to assist farmers in the field by providing automated, simple, and more reliable mango leaf disease diagnosis.",,979-8-3503-5901-5,10.1109/ICCIT60459.2023.10441449,,https://ieeexplore.ieee.org/stamp/stamp.jsp?arnumber=10441449,Vision Transformer (ViT);Mango leaf disease;Image classification;Deep learning,Production;Manuals;Inspection;Transformers;Convolutional neural networks;Reliability;Diseases,,2,,24,IEEE,27 Feb 2024,13-15 Dec. 2023,13-15 Dec. 2023,IEEE,IEEE Conferences
Stage-Wise Late Blight Disease Detection in Tomato Plants Using Deep Learning Models along with Treatment Recommendation,G. S. Prajwal; A. Deepak; K. R. Sharath Kumar; J. Varshini; V. Ravi Kumar; S. Gagana; L. V. Kumar; G. Manjunath,"Vidyavardhaka College of Engineering, Mysore, India; Vidyavardhaka College of Engineering, Mysore, India; Vidyavardhaka College of Engineering, Mysore, India; Vidyavardhaka College of Engineering, Mysore, India; Vidyavardhaka College of Engineering, Mysore, India; Vidyavardhaka College of Engineering, Mysore, India; College of Agriculture, V. C. Farm, Mandya, India; College of Horticulture, Mysore, India","2025 Annual International Conference on Data Science, Machine Learning and Blockchain Technology (AICDMB)",12 Dec 2025,2025,,,1,10,"This work introduces a novel method for stage-wise disease detection in tomato plants through deep learning architecture called InceptionV3, which gave better results compared to EfficientNetB0 and MobileNetV2 whose accuracy was $38.23 \%$ and $92.74 \%$ respectively. Here we concentrated on late blight disease, which is a widespread problem in Indian agriculture, and manually annotated a dataset of 4,648 images divided into three stages depending on the level of leaf damage (Stage 1, Stage 2, Stage 3) and healthy leaves. The dataset was divided into $80 \%$ training and $20 \%$ test sets. The model obtained a training accuracy of $93.68 \%$ and testing accuracy of $95.56 \%$. The system also offers stage-wise medication recommendations for disease management. When given multiple photos from the same plant with different disease stages, the model predicts the stage for each leaf and finally highlights the highest stage along with suggesting the treatment for that highest stage. A simple web application was implemented to support image uploads, detection of disease stages, and tracking of history. The uniqueness of this project is the stage-wise detection of disease in tomato plants, similar to cancer staging, which presents a new contribution to precision agriculture.",,979-8-3315-4216-0,10.1109/AICDMB64359.2025.11277487,,https://ieeexplore.ieee.org/stamp/stamp.jsp?arnumber=11277487,stage-wise;InceptionV3;web-application,Training;Precision agriculture;Deep learning;Accuracy;Plants (biology);Predictive models;Data science;History;Diseases;Testing,,,,18,IEEE,12 Dec 2025,27-28 June 2025,27-28 June 2025,IEEE,IEEE Conferences
Constructing and Optimizing RNN Models to Predict Fruit Rot Disease Incidence in Areca Nut Crop Based on Weather Parameters,R. Krishna; K. V. Prema,"Department of Computer Science and Engineering, Manipal Institute of Technology, Manipal Academy of Higher Education, Manipal, India; Department of Computer Science and Engineering, Manipal Institute of Technology Bengaluru, Manipal Academy of Higher Education, Manipal, India",IEEE Access,12 Oct 2023,2023,11,,110582,110595,"A farmer faces several challenges associated with fruit rot disease in the areca nut crop. Weather factors, including rainfall and temperature, largely influence the disease severity and spread of infection in crops. Significant growth has been achieved using RNN models for time series forecasting in the past few decades, but these models are not applied to fruit rot disease prediction. This study introduces Vanilla GRU, Stacked GRU, Bidirectional GRU, and Bidirectional LSTM models for the inaugural prediction of fruit rot disease scores using past weather data. The current investigation also involves the mitigation and comparison of forecast inaccuracies by utilising weight optimisation algorithms like Adam, Adagrad, RMSprop, and Genetic algorithms. Meteorological and disease score data are gathered from the Agricultural Research Station in Brahmavar, Karnataka, and CPCRI Kasargod, Kerala. These datasets are combined using a rule-based algorithm to train and evaluate the proposed model. Empirical outcomes reveal that the vanilla GRU model, when fine-tuned with the Adam algorithm, exhibits a diminished Mean Squared Error (MSE) value of 0.0009, an exceptionally minimal Mean Absolute Error (MAE) value of 0.02, and an elevated R-squared (R2) score of 0.99. Similarly, the Bidirectional LSTM model, optimised through RMSprop, yields an impressively low Root Mean Squared Error (RMSE) value of 0.033. Generally, the optimised Deep Learning (DL) models consistently demonstrate enhanced predictive precision compared to alternative models. In conclusion, the anticipation of areca nut disease, as facilitated by this study, stands to aid farmers in curtailing unnecessary fungicide application and achieving more favourable yields.",2169-3536,,10.1109/ACCESS.2023.3311477,"Zonal Agricultural and Horticultural Research Station, Brahmavara, Karnataka; Central Plantation Crops Research Institute, Kasaragod, Kerala, India; ",https://ieeexplore.ieee.org/stamp/stamp.jsp?arnumber=10238702,Areca nut;deep learning;disease prediction;fruit rot disease;genetic algorithm;gated recurrent unit;optimisation;weather,Diseases;Optimization;Predictive models;Prediction algorithms;Meteorology;Neural networks;Genetic algorithms;Deep learning;Crops;Agricultural products;Optimization methods;Weather forecasting,,13,,40,CCBYNCND,4 Sep 2023,2023,,IEEE,IEEE Journals
A Hybrid Deep Learning-Machine Learning Pipeline for Precision Monitoring of Citrus Diseases,M. Vishnoi; V. Vashisht; A. K. Dubey; A. K. Dubey,"Dept. of Computer Science and Engineering, ASET, Amity University Uttar Pradesh, Noida, UP, India; Dept. of Computer Science and Engineering, ASET, Amity University Uttar Pradesh, Noida, UP, India; Dept. of Electronics and Communication Engineering, ASET, Amity University Uttar Pradesh, Noida, UP, India; Central Soil Salinity Research Institute, RRS, ICAR, Lucknow, UP, India","2025 12th International Conference on Reliability, Infocom Technologies and Optimization (Trends and Future Directions) (ICRITO)",27 Nov 2025,2025,,,1,6,"Citrus is a globally cultivated fruit crop that plays a vital role in the economy. In India, citrus accounts for approximately $6-8 \%$ of horticulture sector. It ranks third among fruit categories and contributes for around $\mathbf{1 2 - 1 3} \boldsymbol{\%}$ of the country's overall fruit production. Citrus fruits are not only economically significant but also offer multiple benefits for both health and nutrition. However, a number of diseases can be a threat to citrus cultivation. Canker, greening, and black spot can greatly damage both productivity and marketability. Although several conventional methods have developed to improve fruit quality and detect diseases which are time-consuming and moderately effective. In contrast, deep learning and machine learning techniques have greatly improved the performance of disease identification. This study proposes a hybrid model that integrates both transfer learning and machine learning approaches in order to detect and classify citrus diseases. The proposed model localizes regions of interest (ROI) of an image, and the features extracted from ROI improves the model's detection capability. As a result, the model achieves an overall accuracy of greater than 95 % and the improved model shows strong performance across various validation metrics as compared to SVM model and YOLOV5 model. It stays effective on single labeled datasets and provides better computational efficiency than standard deep learning models.",2769-2884,979-8-3315-5421-7,10.1109/ICRITO66076.2025.11241636,Indian Agricultural Research Institute; ,https://ieeexplore.ieee.org/stamp/stamp.jsp?arnumber=11241636,Deep Learning;Machine Learning;Localization;ROI;SVM;Computational Efficiency,Deep learning;YOLO;Productivity;Computational modeling;Transfer learning;Feature extraction;Computational efficiency;Reliability;Standards;Diseases,,,,31,IEEE,27 Nov 2025,18-19 Sept. 2025,18-19 Sept. 2025,IEEE,IEEE Conferences
Hybrid approach for anthracnose detection using intensity and size features,K. Swetha; V. Venkataraman; G. D. Sadhana; R. Priyatharshini,"Department of Information Technology, Easwari Engineering College, Chennai, India; Department of Information Technology, Easwari Engineering College, Chennai, India; Department of Information Technology, Easwari Engineering College, Chennai, India; Easwari Engineering College, Chennai, Tamil Nadu, IN",2016 IEEE Technological Innovations in ICT for Agriculture and Rural Development (TIAR),29 Dec 2016,2016,,,28,32,"Anthracnose is a group of fungal diseases that affect a variety of plants in warm, humid areas. Commonly infecting the developing shoots and leaves, anthracnose fungi (usually Colletotrichum or Gloeosporium) produce spores in tiny, sunken, saucer-shaped fruiting bodies known as acervuli. Symptoms include sunken spots or lesions (blight) of various colors in leaves, stems, fruits, or flowers. This reduces the agricultural production significantly. Hence there is a need to detect this disease at the earliest. This paper is based on the determination of lesion areas affected by anthracnose by segmenting them using thresholding segmentation technique. The lesion areas are identified by dark spots on the surface of the leaf or the fruit. The percentage of affected area is determined by taking the size and intensity of the spots into consideration. We have considered three types of fruit namely mango, apple and tomato for our work. The developed methodology consists of two phases. In the first phase, the segmentation technique namely region growing is employed for separating anthracnose affected lesion areas from normal area. In the second phase, these affected areas are graded by calculating the percentage of affected area The work finds application in developing a machine vision system in horticulture field.",,978-1-5090-0615-1,10.1109/TIAR.2016.7801208,,https://ieeexplore.ieee.org/stamp/stamp.jsp?arnumber=7801208,anthracnose;thresholding;Colletotrichum;lesions;segmentation,Image segmentation;Diseases;Feature extraction;Agriculture;Conferences;Lesions;Technological innovation,,16,,10,IEEE,29 Dec 2016,15-16 July 2016,15-16 July 2016,IEEE,IEEE Conferences
Tomato Blight Classification Using Transfer Learning and Fine Tuning,O. Chougule; D. Katheria; K. Jain; S. Shinde,"Department of Computer Engineering, A.P. Shah Institute of Technology, Thane, M.H., India; Department of Computer Engineering, A.P. Shah Institute of Technology, Thane, M.H., India; Department of Computer Engineering, A.P. Shah Institute of Technology, Thane, M.H., India; Department of Computer Engineering, A.P. Shah Institute of Technology, Thane, M.H., India",2022 2nd Asian Conference on Innovation in Technology (ASIANCON),11 Oct 2022,2022,,,1,11,"Plant diseases are a huge hazard to the world’s food supply. Farms are frequently exposed to pest and disease outbreaks. Tomatoes are the second-largest vegetable crop grown worldwide. Early identification of plant blight helps farmers to take proper care of tomato plants hence they can secure their agricultural income. Farmers need a quick, consistent, and reliable method to identify plant diseases early. So, we have prepared a React Native Mobile application through which farmers can take a picture of their tomato crop leaf, and our CNN model predicts the type of blight leaf has, if any, or shows it is healthy. CNN deep learning models are widely used for image classification. Lightweight Pre-trained models are readily available and are trained on ImageNet data. We have prepared different models with pre-trained models using transfer learning and fine-tuning techniques. We have selected MobileNetV2, NASNetMobile, and EfficientNetV2B0 pre-trained models for the study as these are lightweight models and which was the basic requirement as we have built the mobile application. We have compared the performance of the models for different learning rates, batch size, and dropout with different metrics such as accuracy, loss, precision, recall, f1-score, and AUC for the 100 epochs. The best classification performance is shown by the model using EfficientNetV2B0 with a training accuracy of 99.95%, validation accuracy of 98.12%, and testing accuracy of 97.58% and the size of the model is 30.6 MB which is easily deployable for the mobile application.",,978-1-6654-6851-0,10.1109/ASIANCON55314.2022.9908820,,https://ieeexplore.ieee.org/stamp/stamp.jsp?arnumber=9908820,Tomato Blight Classification;CNN;Transfer Learning;Fine-tuning;Light-weight models,Training;Measurement;Deep learning;Plants (biology);Transfer learning;Crops;Mobile applications,,3,,18,IEEE,11 Oct 2022,26-28 Aug. 2022,26-28 Aug. 2022,IEEE,IEEE Conferences
Modeling Early Indicators of Grapevine Physiology Using Hyperspectral Imaging and Partial Least Squares Regression (PLSR),M. Maimaitiyiming; M. Maimaitijiang; P. Sidike; V. Sagan; Z. Migicovsky; D. H. Chitwood; P. Cousins; N. Dokoozlian; A. J. Miller; M. Kwasniewski,"Department of Food Science, University of Missouri, Columbia, MO, USA; Department of Earth and Atmospheric Sciences, Saint Louis University, St. Louis, MO, USA; Department of Electrical and Computer Engineering, Purdue University Northwest, Hammond, IN; Department of Earth and Atmospheric Sciences, Saint Louis University, St. Louis, MO, USA; Department of Plant and Animal Sciences, Faculty of Agriculture, Dalhousie University, Truro, NS, Canada; Department of Horticulture, Michigan State University, East Lansing, MI, USA; E. & J. Gallo Winery, Modesto, CA, USA; E. & J. Gallo Winery, Modesto, CA, USA; Department of Biology, Saint Louis University, St. Louis, MO, USA; Department of Food Science, University of Missouri, Columbia, MO, USA",IGARSS 2020 - 2020 IEEE International Geoscience and Remote Sensing Symposium,17 Feb 2021,2020,,,1117,1120,"In this contribution, we use field-based hyperspectral imaging (HSI) and partial least squares regression (PLSR) to estimate early indicators of grapevine physiological indicators, and analyze identified significant spectral regions for fast and accurate plant health monitoring. HSI and physiological measurements were carried out at two commercial vineyards in California, USA. The PLSR models were developed between reflectance spectra extracted from hyperspectral images and four vine physiological parameters, including stomatal conductance (Gs) photosynthetic CO2 rate (A), intercellular CO2 concentration (Ci) and transpiration rate (E). The results demonstrate PLSR models to predict physiological parameters ( R2 ≥ 0.6), and the best model was found for Gs (R2=0.7). The identified significant spectral regions overlap with most commonly used remote sensing stress indicator, suggesting that HSI coupled with PLSR has great potential for upscaling and broader agricultural applications.",2153-7003,978-1-7281-6374-1,10.1109/IGARSS39084.2020.9323679,National Science Foundation(grant numbers:1546869); ,https://ieeexplore.ieee.org/stamp/stamp.jsp?arnumber=9323679,Hyperspectral imaging;Grapevine;Physiology;Stress;PLSR,Biomedical monitoring;Hyperspectral imaging;Reflectivity;Load modeling;Pipelines;Predictive models;Physiology,,1,,12,IEEE,17 Feb 2021,26 Sept.-2 Oct. 2020,26 Sept.-2 Oct. 2020,IEEE,IEEE Conferences
Retracted: Plant disease analysis using image processing in MATLAB,H. Krishnan; K. Priyadharshini; M. Gowsic; N. Mahesh; S. Vijayananth; P. Sudhakar,"Electronics and Communication, SRM Institute of Science and Technology, Chennai, India; Electronics and Communication, SRM Institute of Science and Technology, Chennai, India; Electronics and Communication, SRM Institute of Science and Technology, Chennai, India; Electronics and Communication, SRM Institute of Science and Technology, Chennai, India; Dept of Electronics and Communication, SRM Institute of Science and Technology, Chennai, India; Dept of Computer Sci. and Technology, Annamalai University, Chidambaram, India","2019 IEEE International Conference on System, Computation, Automation and Networking (ICSCAN)",24 Oct 2019,2019,,,1,3,"Recognizable proof of plant ailment is troublesome in horticulture field. In the event that recognizable proof is mistaken, at that point there is an enormous misfortune on the generation of yield and efficient estimation of market. Leaf infection recognition requires tremendous sum of work, information in the plant sicknesses, and furthermore require the additionally preparing time. So we can utilize picture handling for recognizable proof of leaf infection in MATLAB. Recognizable proof of ailment pursues the means like stacking the picture, differentiate upgrade, changing over RGB to HSI, extricating of highlights and SVM.",,978-1-7281-1525-2,10.1109/ICSCAN.2019.8878753,,https://ieeexplore.ieee.org/stamp/stamp.jsp?arnumber=8878753,,,,8,,6,IEEE,24 Oct 2019,29-30 March 2019,29-30 March 2019,IEEE,IEEE Conferences
Machine Learning and Internet of Things for infection Prediction in Fruits and Vegetables,B. Manjunatha; K. S. Moorthy; V. Srinivasan; M. Awasthi; M. Ashok; M. Suresh,"Mechanical Engineering, New Horizon College of Engineering, Bangalore, Karnataka, India; Faculty of Management, SRM Institute of Science and Technology, Chengalpet, Tamilnadu, India; Department of MBA, S. A Engineering College, Chennai; Horticulture, Fruit Science, Chandra Shekhar Azad University of Agriculture and Technology, Kanpur, Uttar Pradesh, India; Department of ECE, CVR College of Engineering, Ibrahimpatnam, Telangana; CSE, Vinayaka Mission’s Kirupananda Variyar Engineering College Vinayaka Mission’s Research Foundation Deemed to be University, Salem, India",2023 Second International Conference on Augmented Intelligence and Sustainable Systems (ICAISS),22 Sep 2023,2023,,,587,592,"Future agriculture will depend heavily on connected devices, detectors and the Internet of Things (IoT) to be more productive and sustainable. WSNs Technology-based communications and data can be used to solve the majority of the critical challenges in economics, technology, and environmental protection. Increasing the number of connected devices produces a significant amount of data in many different modalities. Additionally, geographical and temporal factors contribute to the rise in the number of networked devices. After being carefully processed and analyzed, this enormous volume of data will offer a deeper understanding that motivation enhances future forecasting, executive, and management of sensor compulsion.",,979-8-3503-2579-9,10.1109/ICAISS58487.2023.10250558,,https://ieeexplore.ieee.org/stamp/stamp.jsp?arnumber=10250558,Agriculture;Crops;Infection;Internet of Things;Plants;Machine Learning;Wireless,Wireless sensor networks;Wind energy;Plants (biology);Photovoltaic cells;Production;Internet of Things;Solar radiation,,,,15,IEEE,22 Sep 2023,23-25 Aug. 2023,23-25 Aug. 2023,IEEE,IEEE Conferences
An image retrieval system for tomato disease assessment,D. Baquero; J. Molina; R. Gil; C. Bojacá; H. Franco; F. Gómez,"Computer Sciences Department, Universidad Central, Bogotá, Colombia; Computer Sciences Department, Universidad Central, Bogotá, Colombia; Centro de Biosistemas, Universidad Jorge Tadeo Lozano Bogotá, Colombia; Centro de Biosistemas, Universidad Jorge Tadeo Lozano, Bogotá, Colombia; Computer Sciences Department, Universidad Central, Bogotá, Colombia; Computer Sciences Department, Universidad Central, Bogotá, Colombia","2014 XIX Symposium on Image, Signal Processing and Artificial Vision",15 Jan 2015,2014,,,1,5,"Tomato represents an important vegetable crop worldwide. During cropping cycle several diseases and abnormal conditions may affect tomato plants resulting on considerable losses of production. A precise identification of these pathologies in early phases is fundamental for the implementation of control strategies. Nevertheless, the right identification of symptoms of plants diseases require highly specialized knowledge and facilities, which are not available for small growers. Recently, computer vision tools have been proposed as an alternative for tomato diseases characterization. These works mainly focus on identification of affected regions and classification tasks. Nevertheless, non-specialists may lack of clarity about what they are looking for during the assessment. In these cases, Content Based Image Retrieval (CBIR) systems can be helpful as a complementary strategy to improve the quality of the search by allowing exploration of databases with supplementary information. This work presents a novel strategy for image retrieval of tomato leaves for greenhouse crops suitable to support disease diagnosis. The strategy is based on color structure descriptors and nearest neighbors. Experimental results show that the proposed approach can successfully characterize in several abnormal conditions, such as, chlorosis, sooty moulds and early blight.",2329-6259,978-1-4799-7666-9,10.1109/STSIVA.2014.7010156,,https://ieeexplore.ieee.org/stamp/stamp.jsp?arnumber=7010156,,Diseases;Image color analysis;Agriculture;Visualization;Image retrieval;Pathology,,17,,12,IEEE,15 Jan 2015,17-19 Sept. 2014,17-19 Sept. 2014,IEEE,IEEE Conferences
YOLO-RDM: Innovative Detection Methods for Eggplants and Stems in Complex Natural Environment,Q. Liu; Z. Zhou; L. Xiong; M. Lu; J. Ouyang,"College of Mechanical and Electrical Engineering, Zhongkai University of Agriculture and Engineering, Guangzhou, China; College of Mechanical and Electrical Engineering, Zhongkai University of Agriculture and Engineering, Guangzhou, China; College of Automation, Zhongkai University of Agriculture and Engineering, Guangzhou, China; College of Horticulture and Landscape Architecture, Zhongkai University of Agriculture and Engineering, Guangzhou, China; College of Mechanical and Electrical Engineering, Zhongkai University of Agriculture and Engineering, Guangzhou, China",IEEE Access,4 Mar 2025,2025,13,,37656,37672,"Accurate identification of eggplants and their stems in complex environments is crucial for the research on intelligent harvesting equipment for eggplants. Current object detection methods have limited and traditional approaches to eggplant research. To achieve rapid identification of eggplants and stems in complex environments and enhance overall accuracy, this study establishes a database for eggplants and stems and proposes an efficient detection model based on the YOLOv8n network. First, a lightweight Receptive-Field Attention Convolution (RFAConv) and Mixed Local Channel Attention (MLCA) attention mechanism are used to design the C2f_RM module, replacing the C2f module in YOLOv8n to create a lightweight yet effective model. Next, the DD-Head structure reparameterization detection head module is integrated, effectively merging deep and shallow information while retaining small-scale target feature information to improve detection accuracy. Finally, the loss function is substituted with the MPDIoU loss, optimizing the bounding box regression algorithm and enhancing convergence speed and regression accuracy. The proposed YOLO-RDM model (C2f_RM, DD-Head, MPDIoU) attains an average accuracy of 93.6% on the dataset, representing a 3.4% improvement over the original YOLOv8n model. Detection accuracies for eggplants and stems increased by 1.1% and 5.8%, respectively. Additionally, the F1 score improved by 4.96%, reaching 89.09%. This model demonstrates superior detection performance and robustness for both eggplants and their stems, providing valuable technical support for the automation of eggplant harvesting.",2169-3536,,10.1109/ACCESS.2025.3545670,"Introduction of New Vegetable Varieties and Demonstration and Promotion of Green and Efficient Cultivation Technology of the Science and Technology Department of Guangdong Province(grant numbers:KA22Y0103); Department of Science and Technology of Guangdong Province, the promotion and Demonstration of characteristic Rural Industries driven by digital intelligence technology(grant numbers:KTP20240325); Basic and Applied Basic Research Fund project of Guangdong Province, Research on multi-spectral aerial image recognition and Spatio-temporal Detection Technology of crop diseases based on deep learning(grant numbers:2022A1515110633); ",https://ieeexplore.ieee.org/stamp/stamp.jsp?arnumber=10902400,Eggplant detection;computer vision;digital agriculture;small object detection;yolov8n,Accuracy;Feature extraction;Computational modeling;Head;Convolution;Training;Object segmentation;Lighting;Image color analysis;Attention mechanisms,,3,,42,CCBY,25 Feb 2025,2025,,IEEE,IEEE Journals
OrchiZen: Hybrid Integrated Smart Farming System for Orchid Plantations,D. Wijendra; V. Jayasinghearachchi; O. A. P Dilshan; H. M. K. C. B Herath; Y. M. T. N. S Yapa; K. D. M. M Rathnasiri,"Department of Computer Science and Information Technology, Faculty of Computing, Sri Lanka Institute of Information Technology, Malabe, Sri Lanka; Department of Computer Science and Information Technology, Faculty of Computing, Sri Lanka Institute of Information Technology, Malabe, Sri Lanka; Department of Computer Science and Information Technology, Faculty of Computing, Sri Lanka Institute of Information Technology, Malabe, Sri Lanka; Department of Computer Science and Information Technology, Faculty of Computing, Sri Lanka Institute of Information Technology, Malabe, Sri Lanka; Department of Computer Science and Information Technology, Faculty of Computing, Sri Lanka Institute of Information Technology, Malabe, Sri Lanka; Department of Computer Science and Information Technology, Faculty of Computing, Sri Lanka Institute of Information Technology, Malabe, Sri Lanka",2025 IEEE International Conference on Automatic Control and Intelligent Systems (I2CACIS),7 Aug 2025,2025,1,,164,169,"OrchiZen is a hybrid integrated smart farming system designed for orchid cultivation, leveraging Machine Learning (ML) and Internet of Things (IoT) technologies to address key horticultural challenges, including irrigation, disease treatment, choice of species, lighting, and nutrients. The OrchiZen has smart irrigation advisory, species recommendation, Ultraviolet (UV) based disease treatment, light optimization, and fertilizer advisory. The priorities are given to specific species such as Dendrobium, Vanda, and Phalaenopsis. The realities of telemonitoring, data processing, and forecasting increase organizational productivity and contribute to better environmental management. The outcomes illustrate that existing modern technologies can enhance the output and ecology of the orchid production to a significant extent, redefining the conventional technologies.",2995-2859,979-8-3315-4294-8,10.1109/I2CACIS65476.2025.11101702,,https://ieeexplore.ieee.org/stamp/stamp.jsp?arnumber=11101702,orchid;mist irrigation;UV-C treatment;fertilizer advisory;sustainable agriculture,Smart agriculture;Irrigation;Nutrients;Internet of Things;Optimization;Water resources;Recommender systems;Diseases;Fertilizers;Software engineering,,,,17,IEEE,7 Aug 2025,27-28 June 2025,27-28 June 2025,IEEE,IEEE Conferences
IOT Assisted Smart Farming using Data Science Techniques,V. Verma; Ramakant; H. Mathur; N. Agarwal,"Computer Science and Engineering, Jaipur National University, Jaipur, India; Computer Science and Engineering, Jaipur National University, Jaipur, India; Computer Science and Engineering, Jaipur National University, Jaipur, India; Computer Science and Engineering, Jaipur National University, Jaipur, India",2022 IEEE World Conference on Applied Intelligence and Computing (AIC),18 Aug 2022,2022,,,503,507,"The rising global population demands a high yield of crop production. At present, farmers grow crops for all the people, but in case of contracting horticultural grounds and exhaustion of limited regular assets due to many reasons, and a massive increase in population, the need to improve ranch yield has turned out to be essential. Nowadays, there are various startups, technology innovators, and steps taken by the government that work to enhance total crop production. All those innovations taken for the farming framework are called smart Farming (SF). Smart Farming includes consolidating data and correspondence advances into apparatus, hardware, and sensors in the rural creation framework. The advancement of technologies must be reduced to convey meaningful information. The economy of nations like India is highly dependent on agricultural production. So disease detection in plants using an efficient algorithm is supposed to be a vital job in the farming field. This research paper is presented in three-fold:(1) Efficient way to detect disease and find cavity area; It presents Image Segmentation Algorithm (2) Using data analysis in different ways which will work for crops in a better way. The paper also presents two analysis methodologies, one is based on using an optical transducer for detecting the presence of Nitrogen (N), Phosphorous (P), and Potash (K) in soil, and the other analysis is based on the moisture content of the soil using sensors. (3)using machine learning algorithms to predict the number of fertilizers based on the collected features of soil samples, which will help farmers in amount prediction.",,978-1-6654-7988-2,10.1109/AIC55036.2022.9848867,,https://ieeexplore.ieee.org/stamp/stamp.jsp?arnumber=9848867,Software Big data;Internet of Things (IoT);Segmen-tation;Soil Moisture Sensor,Smart agriculture;Sociology;Crops;Moisture;Production;Soil;Optical sensors,,2,,13,IEEE,18 Aug 2022,17-19 June 2022,17-19 June 2022,IEEE,IEEE Conferences
Retraction Notice: Plant disease analysis using image processing in MATLAB,H. Krishnan; K. Priyadharshini; M. Gowsic; N. Mahesh; S. Vijayananth; P. Sudhakar,"Electronics and Communication, SRM Institute of Science and Technology, Chennai, India; Electronics and Communication, SRM Institute of Science and Technology, Chennai, India; Electronics and Communication, SRM Institute of Science and Technology, Chennai, India; Electronics and Communication, SRM Institute of Science and Technology, Chennai, India; Dept of Electronics and Communication, SRM Institute of Science and Technology, Chennai, India; Dept of Computer Sci. and Technology, Annamalai University, Chidambaram, India","2019 IEEE International Conference on System, Computation, Automation and Networking (ICSCAN)",2 Oct 2024,2019,,,1,1,"Recognizable proof of plant ailment is troublesome in horticulture field. In the event that recognizable proof is mistaken, at that point there is an enormous misfortune on the generation of yield and efficient estimation of market. Leaf infection recognition requires tremendous sum of work, information in the plant sicknesses, and furthermore require the additionally preparing time. So we can utilize picture handling for recognizable proof of leaf infection in MATLAB. Recognizable proof of ailment pursues the means like stacking the picture, differentiate upgrade, changing over RGB to HSI, extricating of highlights and SVM.",,978-1-7281-1525-2,10.1109/ICSCAN46389.2019.10702764,,https://ieeexplore.ieee.org/stamp/stamp.jsp?arnumber=10702764,,,,,,,IEEE,2 Oct 2024,29-30 March 2019,29-30 March 2019,IEEE,IEEE Conferences
