Key,Item Type,Publication Year,Author,Title,Publication Title,DOI,Url,Abstract Note,Date,Date Added,Date Modified,Pages,Publisher,File Attachments,Manual Tags,Title_Cleaned,Title_Tokens,Title_Processed,Title_Processed_Text,Title_Bigrams,Title_Word_Count,Title_Char_Count,Title_Processed_Count,Title_Trigrams,Abstract_Processed,Abstract_Processed_Text,Abstract_Token_Count,Abstract_Original_Words,LDA_Topic,LDA_Topic_Prob,LDA_Topic_Keywords,Abstract_For_Embeddings,Semantic_Cluster,NER_Entities,NER_Entity_Count,IMRaD_Introduction,IMRaD_Methods,IMRaD_Results,IMRaD_Discussion,IMRaD_Dominant,IMRaD_Balance,IMRaD_Sentences
ER8Q9HJG,bookSection,2020,"Balakrishna, K.",Fusion approach-based horticulture plant diseases identification using image processing,Applications of Advanced Machine Intelligence in Computer Vision and Object Recognition: Emerging Research and Opportunities,10.4018/978-1-7998-2736-8.ch005,http://dx.doi.org/10.4018/978-1-7998-2736-8.ch005,"Plant disease is the major threat to the productivity of the plants. Identification of the plant diseases is the key to prevent the losses in the productivity and quality of the yield. It is a very challenging task to identify diseases detection on the plant for sustainable agriculture, where it requires a tremendous amount of work, expertise in the plant disease, and also requires excessive processing time. Hence, image processing is used here for detection of diseases in multi-horticulture plants such as alternaria alternata, anthracnose, bacterial blight, and cercospora leaf spot and also addition with the healthy leaves. In the first stage, the leaf is classified as healthy or unhealthy using the KNN approach. In the second stage, they classify the unhealthy leaf using PNN, SVM, and the KNN approach. The features are like GLCM, Gabor, and color are used for classification purposes. Experimentation is conducted on the authors own dataset of 820 healthy and unhealthy leaves. The experimentation reveals that the fusion approach with PNN and SVM classifier outperforms KNN methods.",2020,2026-01-24 00:34:03,2026-01-24 00:34:03,119-132,IGI Global,/home/aalejoz25/Zotero/storage/5HSKXYTK/Balakrishna - 2020 - Fusion approach-based horticulture plant diseases identification using image processing.pdf,,fusion approachbased horticulture plant diseases identification using image processing,"['fusion', 'approachbased', 'horticulture', 'plant', 'diseases', 'identification', 'using', 'image', 'processing']","['fusion', 'approachbased', 'horticulture', 'disease']",fusion approachbased horticulture disease,"[('fusion', 'approachbased'), ('approachbased', 'horticulture'), ('horticulture', 'disease')]",9,87,4,"[('fusion', 'approachbased', 'horticulture'), ('approachbased', 'horticulture', 'disease')]","['plant', 'disease', 'threat', 'productivity', 'plant', 'identification', 'plant', 'diseases', 'prevent', 'loss', 'productivity', 'quality', 'yield', 'challenge', 'identify', 'disease', 'detection', 'plant', 'sustainable', 'agriculture', 'tremendous', 'expertise', 'plant', 'disease', 'excessive', 'processing', 'image', 'processing', 'detection', 'diseases', 'multi-horticulture', 'plant', 'alternaria', 'alternata', 'anthracnose', 'bacterial', 'blight', 'cercospora', 'leaf', 'spot', 'addition', 'healthy', 'leave', 'leaf', 'classify', 'healthy', 'unhealthy', 'knn', 'classify', 'unhealthy', 'leaf', 'pnn', 'svm', 'knn', 'feature', 'like', 'glcm', 'gabor', 'color', 'classification', 'purpose', 'experimentation', 'conduct', 'author', 'dataset', 'healthy', 'unhealthy', 'leave', 'experimentation', 'fusion', 'pnn', 'svm', 'classifier', 'outperforms', 'knn', 'method']",plant disease threat productivity plant identification plant diseases prevent loss productivity quality yield challenge identify disease detection plant sustainable agriculture tremendous expertise plant disease excessive processing image processing detection diseases multi-horticulture plant alternaria alternata anthracnose bacterial blight cercospora leaf spot addition healthy leave leaf classify healthy unhealthy knn classify unhealthy leaf pnn svm knn feature like glcm gabor color classification purpose experimentation conduct author dataset healthy unhealthy leave experimentation fusion pnn svm classifier outperforms knn method,76,172,2,0.75093114,"plant, model, image, fruit, leaf","Plant disease is the major threat to the productivity of the plants. Identification of the plant diseases is the key to prevent the losses in the productivity and quality of the yield. It is a very challenging task to identify diseases detection on the plant for sustainable agriculture, where it requires a tremendous amount of work, expertise in the plant disease, and also requires excessive processing time. Hence, image processing is used here for detection of diseases in multi-horticulture plants such as alternaria alternata, anthracnose, bacterial blight, and cercospora leaf spot and also addition with the healthy leaves. In the first stage, the leaf is classified as healthy or unhealthy using the KNN approach. In the second stage, they classify the unhealthy leaf using PNN, SVM, and the KNN approach. The features are like GLCM, Gabor, and color are used for classification purposes. Experimentation is conducted on the authors own dataset of 820 healthy and unhealthy leaves. The experimentation reveals that the fusion approach with PNN and SVM classifier outperforms KNN methods.",3,"[{'text': 'alternaria alternata', 'type': 'SPACY_PERSON', 'start': 512, 'end': 532, 'source': 'core_web_sm'}, {'text': 'anthracnose', 'type': 'DISEASE', 'start': 534, 'end': 545, 'source': 'domain_dictionary'}, {'text': 'cercospora leaf spot', 'type': 'DISEASE', 'start': 569, 'end': 589, 'source': 'domain_dictionary'}, {'text': 'knn', 'type': 'ML_TECHNIQUE', 'start': 710, 'end': 713, 'source': 'domain_dictionary'}, {'text': 'PNN', 'type': 'SPACY_ORG', 'start': 784, 'end': 787, 'source': 'core_web_sm'}, {'text': 'svm', 'type': 'ML_TECHNIQUE', 'start': 789, 'end': 792, 'source': 'domain_dictionary'}, {'text': 'knn', 'type': 'ML_TECHNIQUE', 'start': 802, 'end': 805, 'source': 'domain_dictionary'}, {'text': 'GLCM', 'type': 'SPACY_GPE', 'start': 838, 'end': 842, 'source': 'core_web_sm'}, {'text': 'color', 'type': 'QUALITY_ATTRIBUTE', 'start': 855, 'end': 860, 'source': 'domain_dictionary'}, {'text': 'classification', 'type': 'ML_TECHNIQUE', 'start': 874, 'end': 888, 'source': 'domain_dictionary'}, {'text': 'PNN', 'type': 'SPACY_ORG', 'start': 1050, 'end': 1053, 'source': 'core_web_sm'}, {'text': 'svm', 'type': 'ML_TECHNIQUE', 'start': 1058, 'end': 1061, 'source': 'domain_dictionary'}, {'text': 'knn', 'type': 'ML_TECHNIQUE', 'start': 1085, 'end': 1088, 'source': 'domain_dictionary'}]",13,0.0,0.8387096774193548,0.16129032258064516,0.0,METHODS,0.3186937494668261,9
3QW342JP,journalArticle,2023,"Hosny, Khalid M.; El-Hady, Walaa M.; Samy, Farid M.; Vrochidou, Eleni; Papakostas, George A.",Multi-Class Classification of Plant Leaf Diseases Using Feature Fusion of Deep Convolutional Neural Network and Local Binary Pattern,IEEE Access,10.1109/ACCESS.2023.3286730,https://ieeexplore.ieee.org/document/10153610/,,2023,2026-01-24 00:34:03,2026-01-24 00:34:03,62307-62317,,/home/aalejoz25/Zotero/storage/QRF4KSPP/Hosny et al. - 2023 - Multi-Class Classification of Plant Leaf Diseases Using Feature Fusion of Deep Convolutional Neural.pdf,,multiclass classification of plant leaf diseases using feature fusion of deep convolutional neural network and local binary pattern,"['multiclass', 'classification', 'of', 'plant', 'leaf', 'diseases', 'using', 'feature', 'fusion', 'of', 'deep', 'convolutional', 'neural', 'network', 'and', 'local', 'binary', 'pattern']","['multiclass', 'disease', 'feature', 'fusion', 'convolutional', 'local', 'binary', 'pattern']",multiclass disease feature fusion convolutional local binary pattern,"[('multiclass', 'disease'), ('disease', 'feature'), ('feature', 'fusion'), ('fusion', 'convolutional'), ('convolutional', 'local'), ('local', 'binary'), ('binary', 'pattern')]",18,132,8,"[('multiclass', 'disease', 'feature'), ('disease', 'feature', 'fusion'), ('feature', 'fusion', 'convolutional'), ('fusion', 'convolutional', 'local'), ('convolutional', 'local', 'binary'), ('local', 'binary', 'pattern')]",[],,0,0,,,,,,[],0,0.0,0.0,0.0,0.0,UNKNOWN,0.0,0
68ZB2UMT,conferencePaper,2025,"Prajwal, G. S.; Deepak, Aishwarya; Kumar, K. R. Sharath; Varshini, J.; Kumar, V. Ravi; Gagana, S.; Kumar, L. Vijay; Manjunath, Girigowda",Stage-Wise Late Blight Disease Detection in Tomato Plants Using Deep Learning Models along with Treatment Recommendation,"2025 Annual International Conference on Data Science, Machine Learning and Blockchain Technology (AICDMB)",10.1109/AICDMB64359.2025.11277487,https://ieeexplore.ieee.org/document/11277487/,,2025-06,2026-01-24 00:34:03,2026-01-24 00:34:03,1-10,IEEE,/home/aalejoz25/Zotero/storage/SDQC5ZAQ/Prajwal et al. - 2025 - Stage-Wise Late Blight Disease Detection in Tomato Plants Using Deep Learning Models along with Trea.pdf,,stagewise late blight disease detection in tomato plants using deep learning models along with treatment recommendation,"['stagewise', 'late', 'blight', 'disease', 'detection', 'in', 'tomato', 'plants', 'using', 'deep', 'learning', 'models', 'along', 'with', 'treatment', 'recommendation']","['stagewise', 'late', 'blight', 'disease', 'tomato', 'along', 'treatment', 'recommendation']",stagewise late blight disease tomato along treatment recommendation,"[('stagewise', 'late'), ('late', 'blight'), ('blight', 'disease'), ('disease', 'tomato'), ('tomato', 'along'), ('along', 'treatment'), ('treatment', 'recommendation')]",16,120,8,"[('stagewise', 'late', 'blight'), ('late', 'blight', 'disease'), ('blight', 'disease', 'tomato'), ('disease', 'tomato', 'along'), ('tomato', 'along', 'treatment'), ('along', 'treatment', 'recommendation')]",[],,0,0,,,,,,[],0,0.0,0.0,0.0,0.0,UNKNOWN,0.0,0
9YFUYTYU,journalArticle,2025,"Liu, Qin; Zhou, Zhibin; Xiong, Lu; Lu, Meilian; Ouyang, Jingwen",YOLO-RDM: Innovative Detection Methods for Eggplants and Stems in Complex Natural Environment,IEEE Access,10.1109/ACCESS.2025.3545670,https://ieeexplore.ieee.org/document/10902400/,,2025,2026-01-24 00:34:03,2026-01-24 00:34:03,37656-37672,,/home/aalejoz25/Zotero/storage/XSQTJ7UL/Liu et al. - 2025 - YOLO-RDM Innovative Detection Methods for Eggplants and Stems in Complex Natural Environment.pdf,,yolordm innovative detection methods for eggplants and stems in complex natural environment,"['yolordm', 'innovative', 'detection', 'methods', 'for', 'eggplants', 'and', 'stems', 'in', 'complex', 'natural', 'environment']","['yolordm', 'innovative', 'method', 'eggplant', 'stem', 'complex', 'natural', 'environment']",yolordm innovative method eggplant stem complex natural environment,"[('yolordm', 'innovative'), ('innovative', 'method'), ('method', 'eggplant'), ('eggplant', 'stem'), ('stem', 'complex'), ('complex', 'natural'), ('natural', 'environment')]",12,93,8,"[('yolordm', 'innovative', 'method'), ('innovative', 'method', 'eggplant'), ('method', 'eggplant', 'stem'), ('eggplant', 'stem', 'complex'), ('stem', 'complex', 'natural'), ('complex', 'natural', 'environment')]",[],,0,0,,,,,,[],0,0.0,0.0,0.0,0.0,UNKNOWN,0.0,0
6XUHIWL8,conferencePaper,2021,"Mathew, Deepthy; Kumar, C. Sathish; Cherian, K. Anita",Application of discrete orthonormal Stockwell transform and local neighborhood patterns for leaf disease classification in banana,"2021 International Conference on Communication, Control and Information Sciences (ICCISc)",10.1109/ICCISc52257.2021.9484860,https://ieeexplore.ieee.org/document/9484860/,,2021-06,2026-01-24 00:34:03,2026-01-24 00:34:03,1-5,IEEE,/home/aalejoz25/Zotero/storage/Z7XPUREX/Mathew et al. - 2021 - Application of discrete orthonormal Stockwell transform and local neighborhood patterns for leaf dis.pdf,,application of discrete orthonormal stockwell transform and local neighborhood patterns for leaf disease classification in banana,"['application', 'of', 'discrete', 'orthonormal', 'stockwell', 'transform', 'and', 'local', 'neighborhood', 'patterns', 'for', 'leaf', 'disease', 'classification', 'in', 'banana']","['discrete', 'orthonormal', 'stockwell', 'transform', 'local', 'neighborhood', 'pattern', 'disease', 'banana']",discrete orthonormal stockwell transform local neighborhood pattern disease banana,"[('discrete', 'orthonormal'), ('orthonormal', 'stockwell'), ('stockwell', 'transform'), ('transform', 'local'), ('local', 'neighborhood'), ('neighborhood', 'pattern'), ('pattern', 'disease'), ('disease', 'banana')]",16,129,9,"[('discrete', 'orthonormal', 'stockwell'), ('orthonormal', 'stockwell', 'transform'), ('stockwell', 'transform', 'local'), ('transform', 'local', 'neighborhood'), ('local', 'neighborhood', 'pattern'), ('neighborhood', 'pattern', 'disease'), ('pattern', 'disease', 'banana')]",[],,0,0,,,,,,[],0,0.0,0.0,0.0,0.0,UNKNOWN,0.0,0
X8JZ8ID5,conferencePaper,2022,"D, Ram Nivas; R, Abimanyu; G, Deepak; S, Guru Prasanth",Plant Health Monitoring System and Smart Gardening using IoT,2022 IEEE International Conference on Data Science and Information System (ICDSIS),10.1109/ICDSIS55133.2022.9915830,https://ieeexplore.ieee.org/document/9915830/,,2022-07,2026-01-24 00:34:03,2026-01-24 00:34:03,1-5,IEEE,/home/aalejoz25/Zotero/storage/6BINXWW6/D et al. - 2022 - Plant Health Monitoring System and Smart Gardening using IoT.pdf,,plant health monitoring system and smart gardening using iot,"['plant', 'health', 'monitoring', 'system', 'and', 'smart', 'gardening', 'using', 'iot']","['health', 'smart', 'gardening', 'iot']",health smart gardening iot,"[('health', 'smart'), ('smart', 'gardening'), ('gardening', 'iot')]",9,60,4,"[('health', 'smart', 'gardening'), ('smart', 'gardening', 'iot')]",[],,0,0,,,,,,[],0,0.0,0.0,0.0,0.0,UNKNOWN,0.0,0
2U94FC4Z,conferencePaper,2022,"Amarnath, J. Jegan; V, Vishnupriya; D, Smriti Mary",Hybrid Model of K-Means Clustering and SVM to Detect Ailments in Vegetables,2022 1st International Conference on Computational Science and Technology (ICCST),10.1109/ICCST55948.2022.10040394,https://ieeexplore.ieee.org/document/10040394/,,2022-11,2026-01-24 00:34:03,2026-01-24 00:34:03,716-720,IEEE,/home/aalejoz25/Zotero/storage/KEVFB7IT/Amarnath et al. - 2022 - Hybrid Model of K-Means Clustering and SVM to Detect Ailments in Vegetables.pdf,,hybrid model of kmeans clustering and svm to detect ailments in vegetables,"['hybrid', 'model', 'of', 'kmeans', 'clustering', 'and', 'svm', 'to', 'detect', 'ailments', 'in', 'vegetables']","['hybrid', 'kmeans', 'clustering', 'svm', 'ailment', 'vegetable']",hybrid kmeans clustering svm ailment vegetable,"[('hybrid', 'kmeans'), ('kmeans', 'clustering'), ('clustering', 'svm'), ('svm', 'ailment'), ('ailment', 'vegetable')]",12,75,6,"[('hybrid', 'kmeans', 'clustering'), ('kmeans', 'clustering', 'svm'), ('clustering', 'svm', 'ailment'), ('svm', 'ailment', 'vegetable')]",[],,0,0,,,,,,[],0,0.0,0.0,0.0,0.0,UNKNOWN,0.0,0
2BE4JHH7,conferencePaper,2023,"Naveenkumar, M.; Akila, M.",An Organized Examination of Image Processing for Detection and Diagnosis of Plant Diseases,2023 7th International Conference on Intelligent Computing and Control Systems (ICICCS),10.1109/ICICCS56967.2023.10142319,https://ieeexplore.ieee.org/document/10142319/,,2023-05,2026-01-24 00:34:03,2026-01-24 00:34:03,1288-1299,IEEE,/home/aalejoz25/Zotero/storage/8C88HMRI/Naveenkumar and Akila - 2023 - An Organized Examination of Image Processing for Detection and Diagnosis of Plant Diseases.pdf,,an organized examination of image processing for detection and diagnosis of plant diseases,"['an', 'organized', 'examination', 'of', 'image', 'processing', 'for', 'detection', 'and', 'diagnosis', 'of', 'plant', 'diseases']","['organized', 'examination', 'diagnosis', 'disease']",organized examination diagnosis disease,"[('organized', 'examination'), ('examination', 'diagnosis'), ('diagnosis', 'disease')]",13,90,4,"[('organized', 'examination', 'diagnosis'), ('examination', 'diagnosis', 'disease')]",[],,0,0,,,,,,[],0,0.0,0.0,0.0,0.0,UNKNOWN,0.0,0
FUJ5NAKU,conferencePaper,2025,"Padma, A.; Suresh, P.; Narsimlu, G.; Amarnath, M.; Sreedhar, B. R.",Artificial Intelligence-Powered Internet of Things for Farming and Plant Research,2025 International Conference on Electronics and Renewable Systems (ICEARS),10.1109/ICEARS64219.2025.10940749,https://ieeexplore.ieee.org/document/10940749/,,2025-02,2026-01-24 00:34:03,2026-01-24 00:34:03,592-595,IEEE,/home/aalejoz25/Zotero/storage/2GAGEGFT/Padma et al. - 2025 - Artificial Intelligence-Powered Internet of Things for Farming and Plant Research.pdf,,artificial intelligencepowered internet of things for farming and plant research,"['artificial', 'intelligencepowered', 'internet', 'of', 'things', 'for', 'farming', 'and', 'plant', 'research']","['intelligencepowered', 'internet', 'thing']",intelligencepowered internet thing,"[('intelligencepowered', 'internet'), ('internet', 'thing')]",10,81,3,"[('intelligencepowered', 'internet', 'thing')]",[],,0,0,,,,,,[],0,0.0,0.0,0.0,0.0,UNKNOWN,0.0,0
IBFHCZBD,conferencePaper,2025,"S, Gladson Oliver; Perugu, Prathusha; S, Jeevitha; Mahajan, Rashima; A, Jasmine Gnana Malar; Sheeja, Raghavan; AhilanAppathurai; Aarti",Deep Learning-based Mango Leaf Disease Detection using Yolov8,2025 3rd International Conference on Advancement in Computation &amp; Computer Technologies (InCACCT),10.1109/InCACCT65424.2025.11011320,https://ieeexplore.ieee.org/document/11011320/,,2025-04,2026-01-24 00:34:03,2026-01-24 00:34:03,881-885,IEEE,/home/aalejoz25/Zotero/storage/FJ6MTG4S/S et al. - 2025 - Deep Learning-based Mango Leaf Disease Detection using Yolov8.pdf,,deep learningbased mango leaf disease detection using yolov,"['deep', 'learningbased', 'mango', 'leaf', 'disease', 'detection', 'using', 'yolov']","['learningbased', 'mango', 'disease', 'yolov']",learningbased mango disease yolov,"[('learningbased', 'mango'), ('mango', 'disease'), ('disease', 'yolov')]",8,61,4,"[('learningbased', 'mango', 'disease'), ('mango', 'disease', 'yolov')]",[],,0,0,,,,,,[],0,0.0,0.0,0.0,0.0,UNKNOWN,0.0,0
JRN69NZS,conferencePaper,2025,"Vishnoi, Meenakshi; Vashisht, Vasudha; Dubey, Ashwani Kumar; Dubey, Anil Kumar",A Hybrid Deep Learning-Machine Learning Pipeline for Precision Monitoring of Citrus Diseases,"2025 12th International Conference on Reliability, Infocom Technologies and Optimization (Trends and Future Directions) (ICRITO)",10.1109/ICRITO66076.2025.11241636,https://ieeexplore.ieee.org/document/11241636/,,2025-09,2026-01-24 00:34:03,2026-01-24 00:34:03,1-6,IEEE,/home/aalejoz25/Zotero/storage/KV2X28F5/Vishnoi et al. - 2025 - A Hybrid Deep Learning-Machine Learning Pipeline for Precision Monitoring of Citrus Diseases.pdf,,a hybrid deep learningmachine learning pipeline for precision monitoring of citrus diseases,"['a', 'hybrid', 'deep', 'learningmachine', 'learning', 'pipeline', 'for', 'precision', 'monitoring', 'of', 'citrus', 'diseases']","['hybrid', 'learningmachine', 'pipeline', 'citrus', 'disease']",hybrid learningmachine pipeline citrus disease,"[('hybrid', 'learningmachine'), ('learningmachine', 'pipeline'), ('pipeline', 'citrus'), ('citrus', 'disease')]",12,92,5,"[('hybrid', 'learningmachine', 'pipeline'), ('learningmachine', 'pipeline', 'citrus'), ('pipeline', 'citrus', 'disease')]",[],,0,0,,,,,,[],0,0.0,0.0,0.0,0.0,UNKNOWN,0.0,0
8CCE6993,journalArticle,2024,"Li, Zhiguang; Li, Baitao; Jahng, Surng Gahb; Jung, Changyong",Improved VGG Algorithm for Visual Prosthesis Image Recognition,IEEE Access,10.1109/ACCESS.2024.3380839,https://ieeexplore.ieee.org/document/10478014/,,2024,2026-01-24 00:34:03,2026-01-24 00:34:03,45727-45739,,/home/aalejoz25/Zotero/storage/MR7XMY2C/Li et al. - 2024 - Improved VGG Algorithm for Visual Prosthesis Image Recognition.pdf,,improved vgg algorithm for visual prosthesis image recognition,"['improved', 'vgg', 'algorithm', 'for', 'visual', 'prosthesis', 'image', 'recognition']","['vgg', 'visual', 'prosthesis', 'recognition']",vgg visual prosthesis recognition,"[('vgg', 'visual'), ('visual', 'prosthesis'), ('prosthesis', 'recognition')]",8,62,4,"[('vgg', 'visual', 'prosthesis'), ('visual', 'prosthesis', 'recognition')]",[],,0,0,,,,,,[],0,0.0,0.0,0.0,0.0,UNKNOWN,0.0,0
T8XALIFQ,conferencePaper,2025,"Sharmila, A.; Tamilselvan, K. S.; Monisha, R.; Priya, E. L. Dhivya; Gomathi, N.; Vinothini, V. R.",A Novel Attention Mechanism for Disease Detection in Potatoes,"Proceedings of the 6th International Conference on Inventive Research in Computing Applications, ICIRCA 2025",10.1109/ICIRCA65293.2025.11089838,http://dx.doi.org/10.1109/ICIRCA65293.2025.11089838,"The potato plant is amongst the most significant vegetable crops farmed worldwide. It is rich in vitamin B12, considered to be the best ever compensation of vitamin B12 for vegetarians as it is abundantly present in non-veg foods. Potato is the most preferred vegetable to consume from kids to adults. The potato crop is prone to numerous infections like bacterial, fungal, and viral infections in its growing stages. The production is immensely affected by the diseases that occur in its sprout development stage. Diseases that occur in crops hinder the economy of agriculture as they lead to huge demands. The predominant devastating diseases influencing the growth and production of potatoes are late and early blight diseases. Detecting the diseases, especially the diseases that occurred in its initial stages, assists in preventing the loss in production and to improve the yield. A decrease in production results in increasing cost and demand. The proposed work incorporating the modified AttDenseNet architecture with the layers of Convolutional neural network layers proceeded by self-attention and co-attention mechanisms assist in predicting the disease in its earlier stages, proffers accuracy of 98.7 percent in detecting the diseases in potatoes in a maximum number of epochs.",2025-06,2026-01-24 00:34:03,2026-01-24 00:34:03,1019-1025,IEEE,/home/aalejoz25/Zotero/storage/37L65HYL/Sharmila et al. - 2025 - A Novel Attention Mechanism for Disease Detection in Potatoes.pdf,accuracy; CNN; co-attention; Disease detection; late and early blight; potatoes; Self-attention,a novel attention mechanism for disease detection in potatoes,"['a', 'novel', 'attention', 'mechanism', 'for', 'disease', 'detection', 'in', 'potatoes']","['attention', 'mechanism', 'disease', 'potato']",attention mechanism disease potato,"[('attention', 'mechanism'), ('mechanism', 'disease'), ('disease', 'potato')]",9,61,4,"[('attention', 'mechanism', 'disease'), ('mechanism', 'disease', 'potato')]","['potato', 'plant', 'amongst', 'vegetable', 'crop', 'farm', 'worldwide', 'rich', 'vitamin', 'b12', 'consider', 'ever', 'compensation', 'vitamin', 'b12', 'vegetarian', 'abundantly', 'present', 'non-veg', 'food', 'potato', 'prefer', 'vegetable', 'consume', 'kid', 'adult', 'potato', 'crop', 'prone', 'infection', 'like', 'bacterial', 'fungal', 'viral', 'infection', 'grow', 'production', 'immensely', 'affected', 'disease', 'occur', 'sprout', 'development', 'diseases', 'occur', 'crop', 'hinder', 'economy', 'agriculture', 'lead', 'huge', 'demand', 'predominant', 'devastate', 'disease', 'influence', 'growth', 'production', 'potato', 'blight', 'disease', 'detect', 'disease', 'disease', 'occur', 'initial', 'assist', 'prevent', 'loss', 'production', 'yield', 'production', 'increase', 'cost', 'demand', 'incorporate', 'modified', 'attdensenet', 'architecture', 'layer', 'convolutional', 'neural', 'network', 'layer', 'proceed', 'self-attention', 'co-attention', 'mechanism', 'assist', 'predict', 'disease', 'proffer', 'detect', 'disease', 'potato', 'maximum', 'epoch']",potato plant amongst vegetable crop farm worldwide rich vitamin b12 consider ever compensation vitamin b12 vegetarian abundantly present non-veg food potato prefer vegetable consume kid adult potato crop prone infection like bacterial fungal viral infection grow production immensely affected disease occur sprout development diseases occur crop hinder economy agriculture lead huge demand predominant devastate disease influence growth production potato blight disease detect disease disease occur initial assist prevent loss production yield production increase cost demand incorporate modified attdensenet architecture layer convolutional neural network layer proceed self-attention co-attention mechanism assist predict disease proffer detect disease potato maximum epoch,97,198,2,0.34385312,"plant, model, image, fruit, leaf","The potato plant is amongst the most significant vegetable crops farmed worldwide. It is rich in vitamin B12, considered to be the best ever compensation of vitamin B12 for vegetarians as it is abundantly present in non-veg foods. Potato is the most preferred vegetable to consume from kids to adults. The potato crop is prone to numerous infections like bacterial, fungal, and viral infections in its growing stages. The production is immensely affected by the diseases that occur in its sprout development stage. Diseases that occur in crops hinder the economy of agriculture as they lead to huge demands. The predominant devastating diseases influencing the growth and production of potatoes are late and early blight diseases. Detecting the diseases, especially the diseases that occurred in its initial stages, assists in preventing the loss in production and to improve the yield. A decrease in production results in increasing cost and demand. The proposed work incorporating the modified AttDenseNet architecture with the layers of Convolutional neural network layers proceeded by self-attention and co-attention mechanisms assist in predicting the disease in its earlier stages, proffers accuracy of 98.7 percent in detecting the diseases in potatoes in a maximum number of epochs.",5,"[{'text': 'potato', 'type': 'CROP_TYPE', 'start': 4, 'end': 10, 'source': 'domain_dictionary'}, {'text': 'B12', 'type': 'SPACY_ORG', 'start': 105, 'end': 108, 'source': 'core_web_sm'}, {'text': 'B12', 'type': 'SPACY_ORG', 'start': 165, 'end': 168, 'source': 'core_web_sm'}, {'text': 'potato', 'type': 'CROP_TYPE', 'start': 231, 'end': 237, 'source': 'domain_dictionary'}, {'text': 'potato', 'type': 'CROP_TYPE', 'start': 306, 'end': 312, 'source': 'domain_dictionary'}, {'text': 'early blight', 'type': 'DISEASE', 'start': 708, 'end': 720, 'source': 'domain_dictionary'}, {'text': 'Convolutional', 'type': 'SPACY_ORG', 'start': 1040, 'end': 1053, 'source': 'core_web_sm'}, {'text': 'neural network', 'type': 'ML_TECHNIQUE', 'start': 1054, 'end': 1068, 'source': 'domain_dictionary'}, {'text': 'self-attention', 'type': 'ML_TECHNIQUE', 'start': 1089, 'end': 1103, 'source': 'domain_dictionary'}, {'text': 'accuracy', 'type': 'METRIC', 'start': 1197, 'end': 1205, 'source': 'domain_dictionary'}]",10,0.0,0.41860465116279066,0.5813953488372093,0.0,RESULTS,0.49039918220294526,10
TXA8YJQM,conferencePaper,2022,"Verma, Vikas; Ramakant; Mathur, Hemant; Agarwal, Neha",IOT Assisted Smart Farming using Data Science Techniques,"Proceedings - 2022 IEEE World Conference on Applied Intelligence and Computing, AIC 2022",10.1109/AIC55036.2022.9848867,http://dx.doi.org/10.1109/AIC55036.2022.9848867,"The rising global population demands a high yield of crop production. At present, farmers grow crops for all the people, but in case of contracting horticultural grounds and exhaustion of limited regular assets due to many reasons, and a massive increase in population, the need to improve ranch yield has turned out to be essential. Nowadays, there are various startups, technology innovators, and steps taken by the government that work to enhance total crop production. All those innovations taken for the farming framework are called smart Farming (SF). Smart Farming includes consolidating data and correspondence advances into apparatus, hardware, and sensors in the rural creation framework. The advancement of technologies must be reduced to convey meaningful information. The economy of nations like India is highly dependent on agricultural production. So disease detection in plants using an efficient algorithm is supposed to be a vital job in the farming field. This research paper is presented in three-fold:(1) Efficient way to detect disease and find cavity area; It presents Image Segmentation Algorithm (2) Using data analysis in different ways which will work for crops in a better way. The paper also presents two analysis methodologies, one is based on using an optical transducer for detecting the presence of Nitrogen (N), Phosphorous (P), and Potash (K) in soil, and the other analysis is based on the moisture content of the soil using sensors. (3)using machine learning algorithms to predict the number of fertilizers based on the collected features of soil samples, which will help farmers in amount prediction.",2022-06,2026-01-24 00:34:03,2026-01-24 00:34:03,503-507,IEEE,/home/aalejoz25/Zotero/storage/3Z2Q4HSM/Verma et al. - 2022 - IOT Assisted Smart Farming using Data Science Techniques.pdf,Internet of Things (IoT); Segmen-tation; Software Big data; Soil Moisture Sensor,iot assisted smart farming using data science techniques,"['iot', 'assisted', 'smart', 'farming', 'using', 'data', 'science', 'techniques']","['iot', 'assisted', 'smart', 'science', 'technique']",iot assisted smart science technique,"[('iot', 'assisted'), ('assisted', 'smart'), ('smart', 'science'), ('science', 'technique')]",8,56,5,"[('iot', 'assisted', 'smart'), ('assisted', 'smart', 'science'), ('smart', 'science', 'technique')]","['rise', 'global', 'population', 'demand', 'yield', 'crop', 'production', 'present', 'farmer', 'grow', 'crop', 'people', 'contract', 'horticultural', 'ground', 'exhaustion', 'limit', 'regular', 'asset', 'due', 'reason', 'massive', 'population', 'ranch', 'yield', 'turn', 'essential', 'nowadays', 'startups', 'technology', 'innovator', 'take', 'government', 'enhance', 'crop', 'production', 'innovation', 'take', 'farm', 'call', 'smart', 'farm', 'smart', 'farm', 'consolidate', 'data', 'correspondence', 'advance', 'apparatus', 'hardware', 'sensor', 'rural', 'creation', 'advancement', 'technology', 'convey', 'meaningful', 'information', 'economy', 'nation', 'like', 'india', 'highly', 'dependent', 'agricultural', 'production', 'disease', 'detection', 'plant', 'algorithm', 'suppose', 'vital', 'job', 'farm', 'present', 'three-fold', 'detect', 'disease', 'cavity', 'image', 'segmentation', 'algorithm', 'data', 'crop', 'two', 'one', 'optical', 'transducer', 'detect', 'presence', 'nitrogen', 'phosphorous', 'potash', 'soil', 'moisture', 'content', 'soil', 'sensor', 'machine', 'learn', 'algorithms', 'predict', 'fertilizer', 'collect', 'feature', 'soil', 'sample', 'help', 'farmer', 'prediction']",rise global population demand yield crop production present farmer grow crop people contract horticultural ground exhaustion limit regular asset due reason massive population ranch yield turn essential nowadays startups technology innovator take government enhance crop production innovation take farm call smart farm smart farm consolidate data correspondence advance apparatus hardware sensor rural creation advancement technology convey meaningful information economy nation like india highly dependent agricultural production disease detection plant algorithm suppose vital job farm present three-fold detect disease cavity image segmentation algorithm data crop two one optical transducer detect presence nitrogen phosphorous potash soil moisture content soil sensor machine learn algorithms predict fertilizer collect feature soil sample help farmer prediction,110,255,2,0.48278272,"plant, model, image, fruit, leaf","The rising global population demands a high yield of crop production. At present, farmers grow crops for all the people, but in case of contracting horticultural grounds and exhaustion of limited regular assets due to many reasons, and a massive increase in population, the need to improve ranch yield has turned out to be essential. Nowadays, there are various startups, technology innovators, and steps taken by the government that work to enhance total crop production. All those innovations taken for the farming framework are called smart Farming (SF). Smart Farming includes consolidating data and correspondence advances into apparatus, hardware, and sensors in the rural creation framework. The advancement of technologies must be reduced to convey meaningful information. The economy of nations like India is highly dependent on agricultural production. So disease detection in plants using an efficient algorithm is supposed to be a vital job in the farming field. This research paper is presented in three-fold:(1) Efficient way to detect disease and find cavity area; It presents Image Segmentation Algorithm (2) Using data analysis in different ways which will work for crops in a better way. The paper also presents two analysis methodologies, one is based on using an optical transducer for detecting the presence of Nitrogen (N), Phosphorous (P), and Potash (K) in soil, and the other analysis is based on the moisture content of the soil using sensors. (3)using machine learning algorithms to predict the number of fertilizers based on the collected features of soil samples, which will help farmers in amount prediction.",3,"[{'text': 'Farming (SF', 'type': 'SPACY_WORK_OF_ART', 'start': 544, 'end': 555, 'source': 'core_web_sm'}, {'text': 'Smart Farming', 'type': 'SPACY_PERSON', 'start': 558, 'end': 571, 'source': 'core_web_sm'}, {'text': 'India', 'type': 'SPACY_GPE', 'start': 809, 'end': 814, 'source': 'core_web_sm'}, {'text': 'Image Segmentation Algorithm', 'type': 'SPACY_ORG', 'start': 1092, 'end': 1120, 'source': 'core_web_sm'}, {'text': 'Nitrogen', 'type': 'SPACY_ORG', 'start': 1332, 'end': 1340, 'source': 'core_web_sm'}, {'text': 'Potash', 'type': 'SPACY_GPE', 'start': 1367, 'end': 1373, 'source': 'core_web_sm'}]",6,0.09174311926605504,0.7706422018348624,0.13761467889908258,0.0,METHODS,0.49979260530775954,11
TM592U9F,conferencePaper,2023,"Kaur, Jatinder; Sharma, Ashwani K.; Kaushal, Manudeep; Badhoutiya, Arti; Reddy, Nirmala; Alkhayyat, Ahmed",An Overall Disease Analysis of Mango Using Neural Network with Hybrid Feature model,"Proceedings - 2023 IEEE World Conference on Applied Intelligence and Computing, AIC 2023",10.1109/AIC57670.2023.10263945,http://dx.doi.org/10.1109/AIC57670.2023.10263945,"Mango is a highly valued fruit crop, with arable land covering about 36% of the total fruit area. With roughly 23% of the total area under mango, Uttar Pradesh and Andhra Pradesh lead the way, followed by Tamil Nadu, Karnataka, Gujarat, and Bihar. Global food security is affected a lot due to crop plant diseases. These diseases directly affect the quality of food, fruits, etc., resulting in a fall in agricultural productivity. Farmers must assess the leaf, fruit, or tree through visual interpretation to determine whether any fruit crop part is contaminated or blooming properly. But this traditional technique has its limitations; it is inconsistent, unreliable, and prone to mistakes. Researchers have proposed a variety of techniques for resolving the above-stated issues. Most of them preferred the modelling of convolutional neural network models according to problem areas by giving low-resolution images as input, resulting in low disease detection accuracy. In this work, we use an artificial neural network (ANN) technique with the objective of early detection of disease in any part of the fruit crop with tiny disease blobs that can only be seen with better resolution images. All the contaminated blobs are segmented for the entire dataset after a pre-processing phase using a contrast enhancement approach.",2023-07,2026-01-24 00:34:03,2026-01-24 00:34:03,119-124,IEEE,/home/aalejoz25/Zotero/storage/Z4CNGUN6/Kaur et al. - 2023 - An Overall Disease Analysis of Mango Using Neural Network with Hybrid Feature model.pdf,convolutional neural network; enhancement; feature selection; image classification; resolution,an overall disease analysis of mango using neural network with hybrid feature model,"['an', 'overall', 'disease', 'analysis', 'of', 'mango', 'using', 'neural', 'network', 'with', 'hybrid', 'feature', 'model']","['overall', 'disease', 'mango', 'hybrid', 'feature']",overall disease mango hybrid feature,"[('overall', 'disease'), ('disease', 'mango'), ('mango', 'hybrid'), ('hybrid', 'feature')]",13,83,5,"[('overall', 'disease', 'mango'), ('disease', 'mango', 'hybrid'), ('mango', 'hybrid', 'feature')]","['mango', 'highly', 'value', 'fruit', 'crop', 'arable', 'land', 'cover', 'fruit', 'mango', 'uttar', 'pradesh', 'andhra', 'pradesh', 'lead', 'follow', 'tamil', 'nadu', 'karnataka', 'gujarat', 'bihar', 'global', 'food', 'security', 'affect', 'lot', 'due', 'crop', 'plant', 'diseases', 'diseases', 'directly', 'affect', 'quality', 'food', 'fruit', 'etc', 'fall', 'agricultural', 'productivity', 'farmer', 'assess', 'leaf', 'fruit', 'tree', 'visual', 'interpretation', 'determine', 'whether', 'fruit', 'crop', 'contaminate', 'bloom', 'properly', 'inconsistent', 'unreliable', 'prone', 'mistake', 'researcher', 'variety', 'resolve', 'above-stated', 'preferred', 'model', 'convolutional', 'neural', 'network', 'accord', 'give', 'low-resolution', 'image', 'input', 'disease', 'detection', 'artificial', 'neural', 'network', 'ann', 'detection', 'disease', 'fruit', 'crop', 'tiny', 'disease', 'blob', 'see', 'resolution', 'image', 'contaminate', 'blobs', 'segment', 'dataset', 'pre-processing', 'contrast', 'enhancement']",mango highly value fruit crop arable land cover fruit mango uttar pradesh andhra pradesh lead follow tamil nadu karnataka gujarat bihar global food security affect lot due crop plant diseases diseases directly affect quality food fruit etc fall agricultural productivity farmer assess leaf fruit tree visual interpretation determine whether fruit crop contaminate bloom properly inconsistent unreliable prone mistake researcher variety resolve above-stated preferred model convolutional neural network accord give low-resolution image input disease detection artificial neural network ann detection disease fruit crop tiny disease blob see resolution image contaminate blobs segment dataset pre-processing contrast enhancement,95,207,2,0.6235369,"plant, model, image, fruit, leaf","Mango is a highly valued fruit crop, with arable land covering about 36 of the total fruit area. With roughly 23 of the total area under mango, Uttar Pradesh and Andhra Pradesh lead the way, followed by Tamil Nadu, Karnataka, Gujarat, and Bihar. Global food security is affected a lot due to crop plant diseases. These diseases directly affect the quality of food, fruits, etc., resulting in a fall in agricultural productivity. Farmers must assess the leaf, fruit, or tree through visual interpretation to determine whether any fruit crop part is contaminated or blooming properly. But this traditional technique has its limitations; it is inconsistent, unreliable, and prone to mistakes. Researchers have proposed a variety of techniques for resolving the above-stated issues. Most of them preferred the modelling of convolutional neural network models according to problem areas by giving low-resolution images as input, resulting in low disease detection accuracy. In this work, we use an artificial neural network (ANN) technique with the objective of early detection of disease in any part of the fruit crop with tiny disease blobs that can only be seen with better resolution images. All the contaminated blobs are segmented for the entire dataset after a pre-processing phase using a contrast enhancement approach.",1,"[{'text': 'Mango', 'type': 'SPACY_GPE', 'start': 0, 'end': 5, 'source': 'core_web_sm'}, {'text': 'Uttar Pradesh', 'type': 'SPACY_ORG', 'start': 146, 'end': 159, 'source': 'core_web_sm'}, {'text': 'Andhra Pradesh', 'type': 'SPACY_PERSON', 'start': 164, 'end': 178, 'source': 'core_web_sm'}, {'text': 'Tamil Nadu', 'type': 'SPACY_PERSON', 'start': 205, 'end': 215, 'source': 'core_web_sm'}, {'text': 'Karnataka', 'type': 'SPACY_GPE', 'start': 217, 'end': 226, 'source': 'core_web_sm'}, {'text': 'Gujarat', 'type': 'SPACY_GPE', 'start': 228, 'end': 235, 'source': 'core_web_sm'}, {'text': 'Bihar', 'type': 'SPACY_GPE', 'start': 241, 'end': 246, 'source': 'core_web_sm'}, {'text': 'neural network', 'type': 'ML_TECHNIQUE', 'start': 835, 'end': 849, 'source': 'domain_dictionary'}, {'text': 'accuracy', 'type': 'METRIC', 'start': 961, 'end': 969, 'source': 'domain_dictionary'}, {'text': 'artificial neural network', 'type': 'ML_TECHNIQUE', 'start': 995, 'end': 1020, 'source': 'domain_dictionary'}, {'text': 'ann', 'type': 'ML_TECHNIQUE', 'start': 1022, 'end': 1025, 'source': 'domain_dictionary'}]",11,0.2673796791443851,0.5775401069518717,0.10695187165775404,0.04812834224598932,METHODS,0.7609110087111111,10
3QALLD9N,conferencePaper,2018,"Hidayatuloh, Akbar; Nursalman, M.; Nugraha, Eki",Identification of Tomato Plant Diseases by Leaf Image Using Squeezenet Model,"2018 International Conference on Information Technology Systems and Innovation, ICITSI 2018 - Proceedings",10.1109/ICITSI.2018.8696087,http://dx.doi.org/10.1109/ICITSI.2018.8696087,"One of the problems in the field of agriculture is regarding plant diseases. Plant diseases can cause a decrease in agricultural production. Therefore, early detection and diagnosis of plant diseases is very important. Plant diseases often appear on the leaves, and the characteristics of the affected leaves can be varied and difficult to distinguish. This makes it difficult to identify the disease automatically. Increased smartphone usage and advances in the field of computer vision through deep learning have made it possible to connect smartphones as a tool in diagnosing diseases. Plants used as case studies in this study were tomato plants. The method used is Convolutional Neural Network (CNN). This CNN method has many types based on the architecture it builds, one of which is squeezenet architecture. Squeezenet architecture can produce a model with a relatively small size, so that the model can be implemented on smartphone devices, server computing, and microcontroller devices. This research will focus on building a model based on squeezenet architecture to classify seven types of tomato plant diseases on the leaves including healthy leaves. The model is built using the help of Keras deep learning frameworks. The data used in this study is the image of tomato plant leaves obtained from the Vegetable Crops Research Institute (Balitsa) in Lembang, West Java. With 200 classes for each class. This study has successfully detected tomato plant disease through its leaf image automatically with an average accuracy of identification of 86.92%.",2018-10,2026-01-24 00:34:03,2026-01-24 00:34:03,199-204,IEEE,/home/aalejoz25/Zotero/storage/A9YVEC55/Hidayatuloh et al. - 2018 - Identification of Tomato Plant Diseases by Leaf Image Using Squeezenet Model.pdf,Balitsa; Computer vision; Convolutional neural network; Deep learning; Keras; Squeezenet architecture; Tomato plant diseases,identification of tomato plant diseases by leaf image using squeezenet model,"['identification', 'of', 'tomato', 'plant', 'diseases', 'by', 'leaf', 'image', 'using', 'squeezenet', 'model']","['tomato', 'disease', 'squeezenet']",tomato disease squeezenet,"[('tomato', 'disease'), ('disease', 'squeezenet')]",11,76,3,"[('tomato', 'disease', 'squeezenet')]","['one', 'agriculture', 'regard', 'plant', 'disease', 'plant', 'disease', 'cause', 'agricultural', 'production', 'detection', 'diagnosis', 'plant', 'diseases', 'plant', 'disease', 'often', 'appear', 'leaf', 'characteristic', 'affect', 'leaf', 'vary', 'difficult', 'distinguish', 'make', 'difficult', 'identify', 'disease', 'automatically', 'smartphone', 'usage', 'advance', 'computer', 'vision', 'deep', 'learning', 'make', 'connect', 'smartphones', 'tool', 'diagnose', 'disease', 'plant', 'study', 'tomato', 'plant', 'method', 'convolutional', 'neural', 'network', 'cnn', 'cnn', 'method', 'architecture', 'build', 'one', 'squeezenet', 'architecture', 'squeezenet', 'architecture', 'produce', 'model', 'relatively', 'size', 'model', 'implement', 'smartphone', 'device', 'server', 'compute', 'microcontroller', 'device', 'build', 'model', 'squeezenet', 'architecture', 'classify', 'seven', 'tomato', 'plant', 'diseases', 'leave', 'healthy', 'leaf', 'model', 'build', 'help', 'keras', 'deep', 'learning', 'data', 'image', 'tomato', 'plant', 'leaf', 'obtain', 'vegetable', 'crop', 'institute', 'balitsa', 'lembang', 'west', 'java', 'class', 'class', 'detect', 'tomato', 'plant', 'disease', 'leaf', 'image', 'automatically', 'identification']",one agriculture regard plant disease plant disease cause agricultural production detection diagnosis plant diseases plant disease often appear leaf characteristic affect leaf vary difficult distinguish make difficult identify disease automatically smartphone usage advance computer vision deep learning make connect smartphones tool diagnose disease plant study tomato plant method convolutional neural network cnn cnn method architecture build one squeezenet architecture squeezenet architecture produce model relatively size model implement smartphone device server compute microcontroller device build model squeezenet architecture classify seven tomato plant diseases leave healthy leaf model build help keras deep learning data image tomato plant leaf obtain vegetable crop institute balitsa lembang west java class class detect tomato plant disease leaf image automatically identification,114,243,2,0.9960901,"plant, model, image, fruit, leaf","One of the problems in the field of agriculture is regarding plant diseases. Plant diseases can cause a decrease in agricultural production. Therefore, early detection and diagnosis of plant diseases is very important. Plant diseases often appear on the leaves, and the characteristics of the affected leaves can be varied and difficult to distinguish. This makes it difficult to identify the disease automatically. Increased smartphone usage and advances in the field of computer vision through deep learning have made it possible to connect smartphones as a tool in diagnosing diseases. Plants used as case studies in this study were tomato plants. The method used is Convolutional Neural Network (CNN). This CNN method has many types based on the architecture it builds, one of which is squeezenet architecture. Squeezenet architecture can produce a model with a relatively small size, so that the model can be implemented on smartphone devices, server computing, and microcontroller devices. This research will focus on building a model based on squeezenet architecture to classify seven types of tomato plant diseases on the leaves including healthy leaves. The model is built using the help of Keras deep learning frameworks. The data used in this study is the image of tomato plant leaves obtained from the Vegetable Crops Research Institute (Balitsa) in Lembang, West Java. With 200 classes for each class. This study has successfully detected tomato plant disease through its leaf image automatically with an average accuracy of identification of 86.92.",5,"[{'text': 'deep learning', 'type': 'ML_TECHNIQUE', 'start': 496, 'end': 509, 'source': 'domain_dictionary'}, {'text': 'tomato', 'type': 'CROP_TYPE', 'start': 636, 'end': 642, 'source': 'domain_dictionary'}, {'text': 'Convolutional Neural Network', 'type': 'SPACY_ORG', 'start': 670, 'end': 698, 'source': 'core_web_sm'}, {'text': 'cnn', 'type': 'ML_TECHNIQUE', 'start': 700, 'end': 703, 'source': 'domain_dictionary'}, {'text': 'cnn', 'type': 'ML_TECHNIQUE', 'start': 711, 'end': 714, 'source': 'domain_dictionary'}, {'text': 'squeezenet', 'type': 'ML_MODEL', 'start': 790, 'end': 800, 'source': 'domain_dictionary'}, {'text': 'squeezenet', 'type': 'ML_MODEL', 'start': 815, 'end': 825, 'source': 'domain_dictionary'}, {'text': 'size', 'type': 'QUALITY_ATTRIBUTE', 'start': 883, 'end': 887, 'source': 'domain_dictionary'}, {'text': 'squeezenet', 'type': 'ML_MODEL', 'start': 1050, 'end': 1060, 'source': 'domain_dictionary'}, {'text': 'tomato', 'type': 'CROP_TYPE', 'start': 1101, 'end': 1107, 'source': 'domain_dictionary'}, {'text': 'keras', 'type': 'TOOL', 'start': 1200, 'end': 1205, 'source': 'domain_dictionary'}, {'text': 'deep learning', 'type': 'ML_TECHNIQUE', 'start': 1206, 'end': 1219, 'source': 'domain_dictionary'}, {'text': 'tomato', 'type': 'CROP_TYPE', 'start': 1276, 'end': 1282, 'source': 'domain_dictionary'}, {'text': 'the Vegetable Crops Research Institute (Balitsa', 'type': 'SPACY_ORG', 'start': 1310, 'end': 1357, 'source': 'core_web_sm'}, {'text': 'Lembang', 'type': 'SPACY_GPE', 'start': 1362, 'end': 1369, 'source': 'core_web_sm'}, {'text': 'West Java', 'type': 'SPACY_GPE', 'start': 1371, 'end': 1380, 'source': 'core_web_sm'}, {'text': 'tomato', 'type': 'CROP_TYPE', 'start': 1452, 'end': 1458, 'source': 'domain_dictionary'}, {'text': 'accuracy', 'type': 'METRIC', 'start': 1526, 'end': 1534, 'source': 'domain_dictionary'}]",18,0.3422053231939164,0.5475285171102662,0.07604562737642587,0.034220532319391636,METHODS,0.7272468217566772,15
T7FFXTYZ,journalArticle,2026,"Sajitha, P.; Andrushia, A. Diana; Anand, N.; Lubloy, Eva",Channel-attentive YOLOv5 and capsule auto-encoder for pomegranate disease detection,Egyptian Informatics Journal,10.1016/j.eij.2025.100877,http://dx.doi.org/10.1016/j.eij.2025.100877,"Fruits are the most vital items of global diets because of their rich nutritional value, thereby providing very high demand and agricultural revenues to the economy. Among the fruit crops, pomegranate is a valuable one due to its highest antioxidant potential. However, most crops of pomegranate suffer from diseases, which greatly reduce agricultural yield and productivity. Thus, along with the increasing demand of the fruit, early detection as well as classification of diseases will prove very crucial in boosting the yield and taking appropriate measures for prevention. We propose a segmentation-based model using deep learning in this paper to conduct disease identification in pomegranates The process begins with pre-processing images that is primarily an activity of cropping and resizing of the images, followed by enhanced Wiener filtering, which eliminates noise and enhances the clarity of the images The preprocessed images are then further segmented using a CA_YV5GC algorithm, (Channel Attentive YOLOv5-based Grab Cut), which isolates diseased regions from the images. Then the optimized ResNet-152 network is applied to acquire the fundamental features embedding the texture along with the shape characteristics which could identify ailments related symptoms. Coati Optimization is applied to choose the most dominant features in the lower dimensional representation of the extracted information for the classification of the disease. Ultimately, classification is performed using a Deep Capsule Canonical Auto-encoder (DC_CAENet) to classify the disease type with higher accuracy. Adaptive Osprey Optimization is used to optimize the parameters of the model. The existing methods are compared with that results proved this technique to be more accurate and efficient as compared to traditional techniques.",2026-03,2026-01-24 00:34:03,2026-01-24 00:34:03,100877,Elsevier BV,/home/aalejoz25/Zotero/storage/F7V8HDRZ/Sajitha et al. - 2026 - Channel-attentive YOLOv5 and capsule auto-encoder for pomegranate disease detection.pdf,Auto-encoder; Canonical; Channel attentive YOLOv5; Fruit disease segmentation; Grab cut; Residual-152; Wiener filtering,channelattentive yolov and capsule autoencoder for pomegranate disease detection,"['channelattentive', 'yolov', 'and', 'capsule', 'autoencoder', 'for', 'pomegranate', 'disease', 'detection']","['channelattentive', 'yolov', 'capsule', 'autoencoder', 'pomegranate', 'disease']",channelattentive yolov capsule autoencoder pomegranate disease,"[('channelattentive', 'yolov'), ('yolov', 'capsule'), ('capsule', 'autoencoder'), ('autoencoder', 'pomegranate'), ('pomegranate', 'disease')]",9,83,6,"[('channelattentive', 'yolov', 'capsule'), ('yolov', 'capsule', 'autoencoder'), ('capsule', 'autoencoder', 'pomegranate'), ('autoencoder', 'pomegranate', 'disease')]","['fruit', 'vital', 'item', 'global', 'diet', 'rich', 'nutritional', 'thereby', 'provide', 'demand', 'agricultural', 'revenue', 'economy', 'among', 'fruit', 'crop', 'pomegranate', 'valuable', 'one', 'due', 'antioxidant', 'crop', 'pomegranate', 'suffer', 'disease', 'greatly', 'agricultural', 'yield', 'productivity', 'along', 'increase', 'demand', 'fruit', 'detection', 'classification', 'diseases', 'prove', 'crucial', 'boosting', 'yield', 'take', 'appropriate', 'prevention', 'segmentation-based', 'model', 'deep', 'learning', 'conduct', 'disease', 'identification', 'pomegranates', 'begin', 'pre-processing', 'image', 'primarily', 'crop', 'resize', 'image', 'follow', 'wiener', 'filter', 'eliminates', 'noise', 'enhance', 'clarity', 'image', 'preprocessed', 'image', 'segment', 'ca_yv5gc', 'algorithm', 'channel', 'attentive', 'yolov5-based', 'grab', 'cut', 'isolates', 'diseased', 'region', 'image', 'optimize', 'resnet', 'network', 'acquire', 'fundamental', 'feature', 'embed', 'texture', 'along', 'shape', 'characteristic', 'identify', 'ailment', 'relate', 'symptom', 'coati', 'optimization', 'choose', 'dominant', 'feature', 'dimensional', 'representation', 'extract', 'information', 'classification', 'disease', 'ultimately', 'classification', 'perform', 'deep', 'capsule', 'canonical', 'auto-encoder', 'dc_caenet', 'classify', 'disease', 'adaptive', 'osprey', 'optimization', 'optimize', 'parameter', 'model', 'method', 'prove', 'accurate']",fruit vital item global diet rich nutritional thereby provide demand agricultural revenue economy among fruit crop pomegranate valuable one due antioxidant crop pomegranate suffer disease greatly agricultural yield productivity along increase demand fruit detection classification diseases prove crucial boosting yield take appropriate prevention segmentation-based model deep learning conduct disease identification pomegranates begin pre-processing image primarily crop resize image follow wiener filter eliminates noise enhance clarity image preprocessed image segment ca_yv5gc algorithm channel attentive yolov5-based grab cut isolates diseased region image optimize resnet network acquire fundamental feature embed texture along shape characteristic identify ailment relate symptom coati optimization choose dominant feature dimensional representation extract information classification disease ultimately classification perform deep capsule canonical auto-encoder dc_caenet classify disease adaptive osprey optimization optimize parameter model method prove accurate,125,264,2,0.9960374,"plant, model, image, fruit, leaf","Fruits are the most vital items of global diets because of their rich nutritional value, thereby providing very high demand and agricultural revenues to the economy. Among the fruit crops, pomegranate is a valuable one due to its highest antioxidant potential. However, most crops of pomegranate suffer from diseases, which greatly reduce agricultural yield and productivity. Thus, along with the increasing demand of the fruit, early detection as well as classification of diseases will prove very crucial in boosting the yield and taking appropriate measures for prevention. We propose a segmentation-based model using deep learning in this paper to conduct disease identification in pomegranates The process begins with pre-processing images that is primarily an activity of cropping and resizing of the images, followed by enhanced Wiener filtering, which eliminates noise and enhances the clarity of the images The preprocessed images are then further segmented using a CA_YV5GC algorithm, (Channel Attentive YOLOv5-based Grab Cut), which isolates diseased regions from the images. Then the optimized ResNet-152 network is applied to acquire the fundamental features embedding the texture along with the shape characteristics which could identify ailments related symptoms. Coati Optimization is applied to choose the most dominant features in the lower dimensional representation of the extracted information for the classification of the disease. Ultimately, classification is performed using a Deep Capsule Canonical Auto-encoder (DC_CAENet) to classify the disease type with higher accuracy. Adaptive Osprey Optimization is used to optimize the parameters of the model. The existing methods are compared with that results proved this technique to be more accurate and efficient as compared to traditional techniques.",7,"[{'text': 'antioxidant', 'type': 'NUTRITIONAL_PARAMETER', 'start': 238, 'end': 249, 'source': 'domain_dictionary'}, {'text': 'classification', 'type': 'ML_TECHNIQUE', 'start': 456, 'end': 470, 'source': 'domain_dictionary'}, {'text': 'deep learning', 'type': 'ML_TECHNIQUE', 'start': 621, 'end': 634, 'source': 'domain_dictionary'}, {'text': 'Wiener', 'type': 'SPACY_ORG', 'start': 836, 'end': 842, 'source': 'core_web_sm'}, {'text': 'Channel Attentive', 'type': 'SPACY_ORG', 'start': 996, 'end': 1013, 'source': 'core_web_sm'}, {'text': 'yolov5', 'type': 'ML_MODEL', 'start': 1014, 'end': 1020, 'source': 'domain_dictionary'}, {'text': 'Grab Cut', 'type': 'SPACY_ORG', 'start': 1027, 'end': 1035, 'source': 'core_web_sm'}, {'text': 'resnet', 'type': 'ML_MODEL', 'start': 1106, 'end': 1112, 'source': 'domain_dictionary'}, {'text': 'texture', 'type': 'QUALITY_ATTRIBUTE', 'start': 1186, 'end': 1193, 'source': 'domain_dictionary'}, {'text': 'shape', 'type': 'QUALITY_ATTRIBUTE', 'start': 1209, 'end': 1214, 'source': 'domain_dictionary'}, {'text': 'Coati Optimization', 'type': 'SPACY_ORG', 'start': 1279, 'end': 1297, 'source': 'core_web_sm'}, {'text': 'classification', 'type': 'ML_TECHNIQUE', 'start': 1423, 'end': 1437, 'source': 'domain_dictionary'}, {'text': 'classification', 'type': 'ML_TECHNIQUE', 'start': 1466, 'end': 1480, 'source': 'domain_dictionary'}, {'text': 'Deep Capsule Canonical Auto', 'type': 'SPACY_ORG', 'start': 1502, 'end': 1529, 'source': 'core_web_sm'}, {'text': 'accuracy', 'type': 'METRIC', 'start': 1591, 'end': 1599, 'source': 'domain_dictionary'}, {'text': 'Adaptive Osprey Optimization', 'type': 'SPACY_PERSON', 'start': 1601, 'end': 1629, 'source': 'core_web_sm'}]",16,0.10752688172043012,0.5806451612903226,0.21505376344086025,0.09677419354838711,METHODS,0.8021004107685468,10
MUY2UIBJ,journalArticle,2025,"Rajamanickam, Vijayanandh; Ramsubhag, Adesh; Jayaraman, Jayaraj",Sweet pepper foliar diseases quantification and identification using an image analysis tool,Journal of Plant Protection Research,10.24425/jppr.2025.153821,http://dx.doi.org/10.24425/jppr.2025.153821,"Quantification and assessment of disease symptoms are important elements of plant disease management systems and are required to assist with making decisions on the choice of protective agents to be applied to crops or for screening plant genotypes for the development of resistant varieties. Traditional methods of identifying and quantifying disease severity are cumbersome, involving visual assessment tools or scales, and rating of plants at a point in time. Visual assessment is prone to human bias and error, thereby reducing the efficiency and accuracy of this method. In this study, we developed a smartphone camera-based image recording, processing, and assessment tool for measurement of symptoms of early and late blight, and bacterial leaf spot diseases in sweet pepper caused by Alternaria solani, Phytophthora infestans, and Xanthomonas campestris pv. vesicatoria, respectively. Sweet pepper or bell pepper is a major vegetable crop grown in the Caribbean region, but production is severely affected by plant diseases, most important of which include foliar infections by fungi and bacteria that cause major losses in fruit yield. This research utilized smartphone captured images of leaf specimens for severity measurement and classification of diseases. The steps involved were color space conversions, detection of leaf area by Otsu's method, and thresholding for foliar diseased area detection and quantification. Gray-Level Co-occurrence Matrix (GLCM) extracted the texture features from the diseased area of leaves. These features are trained and classified by various machine learning classifiers including trees, rule-based and Bayes models. Application of decision trees and rule-based classifier models achieved 98% accuracy individually, while Bayes model achieved 86% accuracy. The image input into the above classifier models resulted in fast and accurate identification of the diseases by matching the features of trained images of disease symptoms. This method could work well for leaves collected from field-grown plants as well as from inoculated greenhouse plants.",2025-03,2026-01-24 00:34:03,2026-01-24 00:34:03,89-102,Polish Academy of Sciences Chancellery,/home/aalejoz25/Zotero/storage/RH83AILF/Rajamanickam et al. - 2025 - Sweet pepper foliar diseases quantification and identification using an image analysis tool.pdf,foliar disease; GLCM; machine learning; Otsu; thresholding,sweet pepper foliar diseases quantification and identification using an image analysis tool,"['sweet', 'pepper', 'foliar', 'diseases', 'quantification', 'and', 'identification', 'using', 'an', 'image', 'analysis', 'tool']","['sweet', 'pepper', 'foliar', 'disease', 'quantification']",sweet pepper foliar disease quantification,"[('sweet', 'pepper'), ('pepper', 'foliar'), ('foliar', 'disease'), ('disease', 'quantification')]",12,91,5,"[('sweet', 'pepper', 'foliar'), ('pepper', 'foliar', 'disease'), ('foliar', 'disease', 'quantification')]","['quantification', 'disease', 'symptom', 'plant', 'disease', 'management', 'assist', 'make', 'decision', 'choice', 'protective', 'agent', 'crop', 'screen', 'plant', 'genotype', 'development', 'resistant', 'variety', 'method', 'identify', 'quantify', 'disease', 'severity', 'cumbersome', 'involve', 'visual', 'tool', 'scale', 'rating', 'plant', 'point', 'visual', 'prone', 'human', 'bias', 'error', 'thereby', 'reduce', 'efficiency', 'method', 'develop', 'smartphone', 'camera-based', 'image', 'record', 'process', 'tool', 'symptom', 'blight', 'bacterial', 'leaf', 'spot', 'diseases', 'sweet', 'pepper', 'cause', 'alternaria', 'solani', 'phytophthora', 'infestans', 'xanthomonas', 'campestris', 'vesicatoria', 'sweet', 'pepper', 'bell', 'pepper', 'vegetable', 'crop', 'grow', 'caribbean', 'region', 'production', 'severely', 'affect', 'plant', 'disease', 'foliar', 'infection', 'fungi', 'bacteria', 'cause', 'loss', 'fruit', 'yield', 'smartphone', 'capture', 'image', 'leaf', 'specimen', 'severity', 'classification', 'diseases', 'involve', 'color', 'space', 'conversion', 'detection', 'leaf', 'otsu', 'method', 'thresholding', 'foliar', 'diseased', 'detection', 'quantification', 'gray-level', 'co-occurrence', 'matrix', 'glcm', 'extract', 'texture', 'feature', 'diseased', 'leaf', 'feature', 'train', 'classified', 'machine', 'learn', 'classifier', 'tree', 'rule-based', 'bayes', 'application', 'decision', 'tree', 'rule-based', 'classifier', 'individually', 'bayes', 'model', 'image', 'input', 'classifier', 'result', 'fast', 'accurate', 'identification', 'disease', 'match', 'feature', 'train', 'image', 'disease', 'symptom', 'method', 'leaf', 'collect', 'field-grown', 'plant', 'inoculate', 'greenhouse', 'plant']",quantification disease symptom plant disease management assist make decision choice protective agent crop screen plant genotype development resistant variety method identify quantify disease severity cumbersome involve visual tool scale rating plant point visual prone human bias error thereby reduce efficiency method develop smartphone camera-based image record process tool symptom blight bacterial leaf spot diseases sweet pepper cause alternaria solani phytophthora infestans xanthomonas campestris vesicatoria sweet pepper bell pepper vegetable crop grow caribbean region production severely affect plant disease foliar infection fungi bacteria cause loss fruit yield smartphone capture image leaf specimen severity classification diseases involve color space conversion detection leaf otsu method thresholding foliar diseased detection quantification gray-level co-occurrence matrix glcm extract texture feature diseased leaf feature train classified machine learn classifier tree rule-based bayes application decision tree rule-based classifier individually bayes model image input classifier result fast accurate identification disease match feature train image disease symptom method leaf collect field-grown plant inoculate greenhouse plant,155,304,2,0.82378495,"plant, model, image, fruit, leaf","Quantification and assessment of disease symptoms are important elements of plant disease management systems and are required to assist with making decisions on the choice of protective agents to be applied to crops or for screening plant genotypes for the development of resistant varieties. Traditional methods of identifying and quantifying disease severity are cumbersome, involving visual assessment tools or scales, and rating of plants at a point in time. Visual assessment is prone to human bias and error, thereby reducing the efficiency and accuracy of this method. In this study, we developed a smartphone camera-based image recording, processing, and assessment tool for measurement of symptoms of early and late blight, and bacterial leaf spot diseases in sweet pepper caused by Alternaria solani, Phytophthora infestans, and Xanthomonas campestris pv. vesicatoria, respectively. Sweet pepper or bell pepper is a major vegetable crop grown in the Caribbean region, but production is severely affected by plant diseases, most important of which include foliar infections by fungi and bacteria that cause major losses in fruit yield. This research utilized smartphone captured images of leaf specimens for severity measurement and classification of diseases. The steps involved were color space conversions, detection of leaf area by Otsu's method, and thresholding for foliar diseased area detection and quantification. Gray-Level Co-occurrence Matrix (GLCM) extracted the texture features from the diseased area of leaves. These features are trained and classified by various machine learning classifiers including trees, rule-based and Bayes models. Application of decision trees and rule-based classifier models achieved 98 accuracy individually, while Bayes model achieved 86 accuracy. The image input into the above classifier models resulted in fast and accurate identification of the diseases by matching the features of trained images of disease symptoms. This method could work well for leaves collected from field-grown plants as well as from inoculated greenhouse plants.",3,"[{'text': 'accuracy', 'type': 'METRIC', 'start': 551, 'end': 559, 'source': 'domain_dictionary'}, {'text': 'late blight', 'type': 'DISEASE', 'start': 720, 'end': 731, 'source': 'domain_dictionary'}, {'text': 'pepper', 'type': 'CROP_TYPE', 'start': 775, 'end': 781, 'source': 'domain_dictionary'}, {'text': 'alternaria solani', 'type': 'DISEASE', 'start': 792, 'end': 809, 'source': 'domain_dictionary'}, {'text': 'phytophthora infestans', 'type': 'DISEASE', 'start': 811, 'end': 833, 'source': 'domain_dictionary'}, {'text': 'Xanthomonas', 'type': 'SPACY_PERSON', 'start': 839, 'end': 850, 'source': 'core_web_sm'}, {'text': 'vesicatoria', 'type': 'SPACY_PERSON', 'start': 866, 'end': 877, 'source': 'core_web_sm'}, {'text': 'pepper', 'type': 'CROP_TYPE', 'start': 899, 'end': 905, 'source': 'domain_dictionary'}, {'text': 'bell pepper', 'type': 'CROP_TYPE', 'start': 909, 'end': 920, 'source': 'domain_dictionary'}, {'text': 'classification', 'type': 'ML_TECHNIQUE', 'start': 1242, 'end': 1256, 'source': 'domain_dictionary'}, {'text': 'color', 'type': 'QUALITY_ATTRIBUTE', 'start': 1294, 'end': 1299, 'source': 'domain_dictionary'}, {'text': 'Otsu', 'type': 'SPACY_ORG', 'start': 1345, 'end': 1349, 'source': 'core_web_sm'}, {'text': 'Gray-Level Co-occurrence', 'type': 'SPACY_ORG', 'start': 1432, 'end': 1456, 'source': 'core_web_sm'}, {'text': 'GLCM', 'type': 'SPACY_ORG', 'start': 1465, 'end': 1469, 'source': 'core_web_sm'}, {'text': 'texture', 'type': 'QUALITY_ATTRIBUTE', 'start': 1485, 'end': 1492, 'source': 'domain_dictionary'}, {'text': 'Bayes', 'type': 'SPACY_ORG', 'start': 1650, 'end': 1655, 'source': 'core_web_sm'}, {'text': 'accuracy', 'type': 'METRIC', 'start': 1740, 'end': 1748, 'source': 'domain_dictionary'}, {'text': 'Bayes', 'type': 'SPACY_ORG', 'start': 1769, 'end': 1774, 'source': 'core_web_sm'}, {'text': 'accuracy', 'type': 'METRIC', 'start': 1794, 'end': 1802, 'source': 'domain_dictionary'}]",19,0.11538461538461539,0.6923076923076923,0.19230769230769232,0.0,METHODS,0.5920818203433361,13
QXTJPINA,journalArticle,2024,"Giakoumoglou, Nikolaos; Kalogeropoulou, Eleni; Klaridopoulos, Christos; Pechlivani, Eleftheria Maria; Christakakis, Panagiotis; Markellou, Emilia; Frangakis, Nikolaos; Tzovaras, Dimitrios",Early detection of Botrytis cinerea symptoms using deep learning multi-spectral image segmentation,Smart Agricultural Technology,10.1016/j.atech.2024.100481,http://dx.doi.org/10.3390/app122412557,"Botrytis cinerea is an airborne plant pathogen that causes grey mould disease on horticultural crops, such as tomato, cucumber, pepper, and more. Early detection is crucial for timely and effective strategies for crop loss prevention. In this study, in planta assays were set up enabling a thorough assessment of grey mould progress on cucumber plants both artificially inoculated with two different inoculation methods, and naturally infected throughout the whole growing season of the host under controlled conditions simulating the environment typically prevailing in greenhouses. Multi-spectral imaging was used to capture a novel dataset across various spectral bands containing multiple stages of infection. Deep learning (DL) segmentation architectures, combined with Convolutional Neural Networks (CNNs) and Vision Transformers (ViTs) encoders, were employed to identify B. cinerea at various infection stages. The U-Net++ model with a MobileViT-S encoder performed best, achieving a Dice Coefficient (DC) of 0.677, an Intersection over Union (IoU) of 0.656, and a recall rate of 0.807, with a high overall accuracy of 90.1 %. In regards to early detection, the model achieves an IoU of 0.375 on 2nd day post inoculation (dpi), 0.230 on 1st dpi and 0.437 on the 6th dpi. The infection stages were compared to similar visible symptoms of physiological decline or plant responses to abiotic stress. The outcomes of this study demonstrate an important advance in the Artificial Intelligence (AI) plant health detection, for early crop disease diagnosis.",2024,2026-01-24 00:34:03,2026-01-24 00:34:03,12557,MDPI AG,/home/aalejoz25/Zotero/storage/2S8SZXIX/Giakoumoglou et al. - 2024 - Early detection of Botrytis cinerea symptoms using deep learning multi-spectral image segmentation.pdf,Deep learning; Botrytis cinerea; Early detection; Grey mould; Image segmentation; Multispectral imaging,early detection of botrytis cinerea symptoms using deep learning multispectral image segmentation,"['early', 'detection', 'of', 'botrytis', 'cinerea', 'symptoms', 'using', 'deep', 'learning', 'multispectral', 'image', 'segmentation']","['early', 'botrytis', 'cinerea', 'symptom', 'multispectral']",early botrytis cinerea symptom multispectral,"[('early', 'botrytis'), ('botrytis', 'cinerea'), ('cinerea', 'symptom'), ('symptom', 'multispectral')]",12,98,5,"[('early', 'botrytis', 'cinerea'), ('botrytis', 'cinerea', 'symptom'), ('cinerea', 'symptom', 'multispectral')]","['botrytis', 'cinerea', 'airborne', 'plant', 'pathogen', 'cause', 'grey', 'mould', 'disease', 'horticultural', 'crop', 'tomato', 'cucumber', 'pepper', 'detection', 'crucial', 'timely', 'strategy', 'crop', 'loss', 'prevention', 'planta', 'assay', 'enable', 'thorough', 'grey', 'mould', 'progress', 'cucumber', 'plant', 'artificially', 'inoculate', 'two', 'inoculation', 'method', 'naturally', 'infect', 'throughout', 'grow', 'season', 'host', 'control', 'condition', 'simulate', 'environment', 'typically', 'prevailing', 'greenhouse', 'multi-spectral', 'imaging', 'capture', 'dataset', 'across', 'spectral', 'band', 'contain', 'infection', 'deep', 'learn', 'segmentation', 'architecture', 'combine', 'convolutional', 'neural', 'network', 'cnns', 'vision', 'transformer', 'vits', 'encoders', 'employ', 'identify', 'cinerea', 'infection', 'u-net', 'model', 'mobilevit-s', 'encoder', 'perform', 'achieve', 'dice', 'coefficient', 'intersection', 'union', 'iou', 'recall', 'regard', 'detection', 'model', 'iou', '2nd', 'day', 'post', 'inoculation', 'dpi', '1st', 'dpi', '6th', 'dpi', 'infection', 'visible', 'symptom', 'physiological', 'decline', 'plant', 'responses', 'abiotic', 'stress', 'advance', 'artificial', 'intelligence', 'plant', 'health', 'detection', 'crop', 'disease', 'diagnosis']",botrytis cinerea airborne plant pathogen cause grey mould disease horticultural crop tomato cucumber pepper detection crucial timely strategy crop loss prevention planta assay enable thorough grey mould progress cucumber plant artificially inoculate two inoculation method naturally infect throughout grow season host control condition simulate environment typically prevailing greenhouse multi-spectral imaging capture dataset across spectral band contain infection deep learn segmentation architecture combine convolutional neural network cnns vision transformer vits encoders employ identify cinerea infection u-net model mobilevit-s encoder perform achieve dice coefficient intersection union iou recall regard detection model iou 2nd day post inoculation dpi 1st dpi 6th dpi infection visible symptom physiological decline plant responses abiotic stress advance artificial intelligence plant health detection crop disease diagnosis,117,233,2,0.7678414,"plant, model, image, fruit, leaf","Botrytis cinerea is an airborne plant pathogen that causes grey mould disease on horticultural crops, such as tomato, cucumber, pepper, and more. Early detection is crucial for timely and effective strategies for crop loss prevention. In this study, in planta assays were set up enabling a thorough assessment of grey mould progress on cucumber plants both artificially inoculated with two different inoculation methods, and naturally infected throughout the whole growing season of the host under controlled conditions simulating the environment typically prevailing in greenhouses. Multi-spectral imaging was used to capture a novel dataset across various spectral bands containing multiple stages of infection. Deep learning (DL) segmentation architectures, combined with Convolutional Neural Networks (CNNs) and Vision Transformers (ViTs) encoders, were employed to identify B. cinerea at various infection stages. The U-Net model with a MobileViT-S encoder performed best, achieving a Dice Coefficient (DC) of 0.677, an Intersection over Union (IoU) of 0.656, and a recall rate of 0.807, with a high overall accuracy of 90.1 . In regards to early detection, the model achieves an IoU of 0.375 on 2nd day post inoculation (dpi), 0.230 on 1st dpi and 0.437 on the 6th dpi. The infection stages were compared to similar visible symptoms of physiological decline or plant responses to abiotic stress. The outcomes of this study demonstrate an important advance in the Artificial Intelligence (AI) plant health detection, for early crop disease diagnosis.",5,"[{'text': 'botrytis cinerea', 'type': 'DISEASE', 'start': 0, 'end': 16, 'source': 'domain_dictionary'}, {'text': 'tomato', 'type': 'CROP_TYPE', 'start': 110, 'end': 116, 'source': 'domain_dictionary'}, {'text': 'cucumber', 'type': 'CROP_TYPE', 'start': 118, 'end': 126, 'source': 'domain_dictionary'}, {'text': 'pepper', 'type': 'CROP_TYPE', 'start': 128, 'end': 134, 'source': 'domain_dictionary'}, {'text': 'grey', 'type': 'SPACY_ORG', 'start': 313, 'end': 317, 'source': 'core_web_sm'}, {'text': 'cucumber', 'type': 'CROP_TYPE', 'start': 336, 'end': 344, 'source': 'domain_dictionary'}, {'text': 'spectral imaging', 'type': 'SENSING_TECHNOLOGY', 'start': 590, 'end': 606, 'source': 'domain_dictionary'}, {'text': 'deep learning', 'type': 'ML_TECHNIQUE', 'start': 714, 'end': 727, 'source': 'domain_dictionary'}, {'text': 'Convolutional Neural Networks', 'type': 'SPACY_ORG', 'start': 775, 'end': 804, 'source': 'core_web_sm'}, {'text': 'Vision Transformers', 'type': 'SPACY_ORG', 'start': 816, 'end': 835, 'source': 'core_web_sm'}, {'text': 'u-net', 'type': 'ML_MODEL', 'start': 923, 'end': 928, 'source': 'domain_dictionary'}, {'text': 'dice coefficient', 'type': 'METRIC', 'start': 992, 'end': 1008, 'source': 'domain_dictionary'}, {'text': 'intersection over union', 'type': 'METRIC', 'start': 1027, 'end': 1050, 'source': 'domain_dictionary'}, {'text': 'iou', 'type': 'METRIC', 'start': 1052, 'end': 1055, 'source': 'domain_dictionary'}, {'text': 'recall', 'type': 'METRIC', 'start': 1073, 'end': 1079, 'source': 'domain_dictionary'}, {'text': 'accuracy', 'type': 'METRIC', 'start': 1115, 'end': 1123, 'source': 'domain_dictionary'}, {'text': 'iou', 'type': 'METRIC', 'start': 1188, 'end': 1191, 'source': 'domain_dictionary'}, {'text': 'the Artificial Intelligence (AI', 'type': 'SPACY_ORG', 'start': 1468, 'end': 1499, 'source': 'core_web_sm'}]",18,0.18779342723004697,0.3943661971830987,0.37558685446009393,0.04225352112676057,METHODS,0.8529995048645677,10
7EXE96EM,conferencePaper,2025,"Wijendra, Dinuka; Jayasinghearachchi, Vishan; Dilshan, O. A. P.; Herath, H. M. K. C. B.; Yapa, Y. M. T. N. S.; Rathnasiri, K. D. M. M.",OrchiZen: Hybrid Integrated Smart Farming System for Orchid Plantations,"2025 IEEE International Conference on Automatic Control and Intelligent Systems, I2CACIS 2025 - Proceedings",10.1109/I2CACIS65476.2025.11101702,http://dx.doi.org/10.1109/I2CACIS65476.2025.11101702,"OrchiZen is a hybrid integrated smart farming system designed for orchid cultivation, leveraging Machine Learning (ML) and Internet of Things (IoT) technologies to address key horticultural challenges, including irrigation, disease treatment, choice of species, lighting, and nutrients. The OrchiZen has smart irrigation advisory, species recommendation, Ultraviolet (UV) based disease treatment, light optimization, and fertilizer advisory. The priorities are given to specific species such as Dendrobium, Vanda, and Phalaenopsis. The realities of telemonitoring, data processing, and forecasting increase organizational productivity and contribute to better environmental management. The outcomes illustrate that existing modern technologies can enhance the output and ecology of the orchid production to a significant extent, redefining the conventional technologies.",2025-06,2026-01-24 00:34:03,2026-01-24 00:34:03,164-169,IEEE,/home/aalejoz25/Zotero/storage/DFPNDWQ6/Wijendra et al. - 2025 - OrchiZen Hybrid Integrated Smart Farming System for Orchid Plantations.pdf,fertilizer advisory; mist irrigation; orchid; sustainable agriculture; UV-C treatment,orchizen hybrid integrated smart farming system for orchid plantations,"['orchizen', 'hybrid', 'integrated', 'smart', 'farming', 'system', 'for', 'orchid', 'plantations']","['orchizen', 'hybrid', 'integrated', 'smart', 'orchid', 'plantation']",orchizen hybrid integrated smart orchid plantation,"[('orchizen', 'hybrid'), ('hybrid', 'integrated'), ('integrated', 'smart'), ('smart', 'orchid'), ('orchid', 'plantation')]",9,71,6,"[('orchizen', 'hybrid', 'integrated'), ('hybrid', 'integrated', 'smart'), ('integrated', 'smart', 'orchid'), ('smart', 'orchid', 'plantation')]","['orchizen', 'hybrid', 'integrate', 'smart', 'farming', 'system', 'design', 'orchid', 'cultivation', 'leverage', 'machine', 'learn', 'internet', 'thing', 'iot', 'technology', 'horticultural', 'irrigation', 'disease', 'treatment', 'choice', 'specie', 'light', 'nutrient', 'orchizen', 'smart', 'irrigation', 'advisory', 'specie', 'recommendation', 'ultraviolet', 'disease', 'treatment', 'light', 'optimization', 'fertilizer', 'advisory', 'priority', 'give', 'specific', 'specie', 'dendrobium', 'vanda', 'phalaenopsis', 'reality', 'telemonitoring', 'data', 'process', 'forecasting', 'organizational', 'productivity', 'contribute', 'environmental', 'management', 'illustrate', 'modern', 'technology', 'enhance', 'output', 'ecology', 'orchid', 'production', 'extent', 'redefine', 'technology']",orchizen hybrid integrate smart farming system design orchid cultivation leverage machine learn internet thing iot technology horticultural irrigation disease treatment choice specie light nutrient orchizen smart irrigation advisory specie recommendation ultraviolet disease treatment light optimization fertilizer advisory priority give specific specie dendrobium vanda phalaenopsis reality telemonitoring data process forecasting organizational productivity contribute environmental management illustrate modern technology enhance output ecology orchid production extent redefine technology,65,110,3,0.59157795,"soil, data, management, technology, enhance","OrchiZen is a hybrid integrated smart farming system designed for orchid cultivation, leveraging Machine Learning (ML) and Internet of Things (IoT) technologies to address key horticultural challenges, including irrigation, disease treatment, choice of species, lighting, and nutrients. The OrchiZen has smart irrigation advisory, species recommendation, Ultraviolet (UV) based disease treatment, light optimization, and fertilizer advisory. The priorities are given to specific species such as Dendrobium, Vanda, and Phalaenopsis. The realities of telemonitoring, data processing, and forecasting increase organizational productivity and contribute to better environmental management. The outcomes illustrate that existing modern technologies can enhance the output and ecology of the orchid production to a significant extent, redefining the conventional technologies.",2,"[{'text': 'OrchiZen', 'type': 'SPACY_ORG', 'start': 0, 'end': 8, 'source': 'core_web_sm'}, {'text': 'Machine Learning', 'type': 'SPACY_ORG', 'start': 97, 'end': 113, 'source': 'core_web_sm'}, {'text': 'OrchiZen', 'type': 'SPACY_ORG', 'start': 291, 'end': 299, 'source': 'core_web_sm'}, {'text': 'Dendrobium', 'type': 'SPACY_ORG', 'start': 495, 'end': 505, 'source': 'core_web_sm'}, {'text': 'Vanda', 'type': 'SPACY_GPE', 'start': 507, 'end': 512, 'source': 'core_web_sm'}, {'text': 'Phalaenopsis', 'type': 'SPACY_ORG', 'start': 518, 'end': 530, 'source': 'core_web_sm'}]",6,0.21739130434782605,0.26086956521739124,0.3260869565217391,0.19565217391304346,RESULTS,0.9860036418200099,5
5TIC8CZT,conferencePaper,2023,"Wakhare, Prashant; Neduncheliyan, S.; Mane, Pradeep B.",Machine Learning for Accurate and Efficient Pomegranate Fruit Disease Detection: A Novel Approach to Improve Crop Yield and Quality,"2023 7th International Conference On Computing, Communication, Control And Automation, ICCUBEA 2023",10.1109/ICCUBEA58933.2023.10391966,http://dx.doi.org/10.1109/ICCUBEA58933.2023.10391966,"This paper presents a web-based tool for identifying diseases in fruit crops to address the negative impact of climate change on agriculture. With the increase in population, there is a growing demand for more food production, which puts pressure on farmers to increase crop yields. However, climate change is causing uneven weather conditions, leading to decreased crop yields. This paper proposes a solution that allows farmers to upload an image of a fruit to a system that has a trained dataset of fruit images. The system uses several image processing steps, including feature extraction based on parameters such as color, morphology, and CCV, followed by clustering using CNN Algorithm and classification using SVM to determine if the fruit is infected or not. An intent search technique is used to find the user intention from the features extracted. The experimental evaluation of the approach shows that it is effective, with a 98.38% accuracy rate in identifying diseases in fruit crops. The proposed tool can be used to identify the diseases that affect fruit crops and provide farmers with timely and accurate information, enabling them to take preventive measures to protect their crops, improve crop yields, and contribute to the overall agricultural economy. The recommendations for the application of the developed machine learning model for pomegranate fruit disease detection include using high-quality data, regularly updating the model, integrating with other detection methods, providing an easy-to-use interface, and providing technical support to growers.",2023,2026-01-24 00:34:03,2026-01-24 00:34:03,1-5,IEEE,/home/aalejoz25/Zotero/storage/59EE97DG/Wakhare et al. - 2023 - Machine Learning for Accurate and Efficient Pomegranate Fruit Disease Detection A Novel Approach to.pdf,Agricultural Productivity; Crop Yield; Deep Learning; fruit Disease Detection; Machine Learning Algorithms; Pomegranate,machine learning for accurate and efficient pomegranate fruit disease detection a novel approach to improve crop yield and quality,"['machine', 'learning', 'for', 'accurate', 'and', 'efficient', 'pomegranate', 'fruit', 'disease', 'detection', 'a', 'novel', 'approach', 'to', 'improve', 'crop', 'yield', 'and', 'quality']","['accurate', 'pomegranate', 'fruit', 'disease', 'improve', 'yield', 'quality']",accurate pomegranate fruit disease improve yield quality,"[('accurate', 'pomegranate'), ('pomegranate', 'fruit'), ('fruit', 'disease'), ('disease', 'improve'), ('improve', 'yield'), ('yield', 'quality')]",19,131,7,"[('accurate', 'pomegranate', 'fruit'), ('pomegranate', 'fruit', 'disease'), ('fruit', 'disease', 'improve'), ('disease', 'improve', 'yield'), ('improve', 'yield', 'quality')]","['web-based', 'tool', 'identifying', 'diseases', 'fruit', 'crop', 'negative', 'impact', 'climate', 'change', 'agriculture', 'population', 'grow', 'demand', 'food', 'production', 'put', 'pressure', 'farmer', 'crop', 'yield', 'climate', 'change', 'cause', 'uneven', 'weather', 'condition', 'lead', 'crop', 'yield', 'farmer', 'upload', 'image', 'fruit', 'system', 'train', 'dataset', 'fruit', 'image', 'system', 'image', 'processing', 'feature', 'extraction', 'parameter', 'color', 'morphology', 'ccv', 'follow', 'cluster', 'cnn', 'algorithm', 'classification', 'svm', 'determine', 'fruit', 'infected', 'intent', 'search', 'user', 'intention', 'feature', 'extract', 'identify', 'disease', 'fruit', 'crop', 'tool', 'identify', 'disease', 'affect', 'fruit', 'crop', 'farmer', 'timely', 'accurate', 'information', 'enable', 'take', 'preventive', 'protect', 'crop', 'crop', 'yield', 'contribute', 'agricultural', 'economy', 'recommendation', 'application', 'develop', 'machine', 'learn', 'model', 'pomegranate', 'fruit', 'disease', 'detection', 'high-quality', 'data', 'regularly', 'update', 'model', 'integrate', 'detection', 'method', 'provide', 'easy-to-use', 'interface', 'provide', 'technical', 'grower']",web-based tool identifying diseases fruit crop negative impact climate change agriculture population grow demand food production put pressure farmer crop yield climate change cause uneven weather condition lead crop yield farmer upload image fruit system train dataset fruit image system image processing feature extraction parameter color morphology ccv follow cluster cnn algorithm classification svm determine fruit infected intent search user intention feature extract identify disease fruit crop tool identify disease affect fruit crop farmer timely accurate information enable take preventive protect crop crop yield contribute agricultural economy recommendation application develop machine learn model pomegranate fruit disease detection high-quality data regularly update model integrate detection method provide easy-to-use interface provide technical grower,111,240,2,0.7740541,"plant, model, image, fruit, leaf","This paper presents a web-based tool for identifying diseases in fruit crops to address the negative impact of climate change on agriculture. With the increase in population, there is a growing demand for more food production, which puts pressure on farmers to increase crop yields. However, climate change is causing uneven weather conditions, leading to decreased crop yields. This paper proposes a solution that allows farmers to upload an image of a fruit to a system that has a trained dataset of fruit images. The system uses several image processing steps, including feature extraction based on parameters such as color, morphology, and CCV, followed by clustering using CNN Algorithm and classification using SVM to determine if the fruit is infected or not. An intent search technique is used to find the user intention from the features extracted. The experimental evaluation of the approach shows that it is effective, with a 98.38 accuracy rate in identifying diseases in fruit crops. The proposed tool can be used to identify the diseases that affect fruit crops and provide farmers with timely and accurate information, enabling them to take preventive measures to protect their crops, improve crop yields, and contribute to the overall agricultural economy. The recommendations for the application of the developed machine learning model for pomegranate fruit disease detection include using high-quality data, regularly updating the model, integrating with other detection methods, providing an easy-to-use interface, and providing technical support to growers.",1,"[{'text': 'feature extraction', 'type': 'ML_TECHNIQUE', 'start': 574, 'end': 592, 'source': 'domain_dictionary'}, {'text': 'color', 'type': 'QUALITY_ATTRIBUTE', 'start': 621, 'end': 626, 'source': 'domain_dictionary'}, {'text': 'morphology', 'type': 'QUALITY_ATTRIBUTE', 'start': 628, 'end': 638, 'source': 'domain_dictionary'}, {'text': 'CCV', 'type': 'SPACY_ORG', 'start': 644, 'end': 647, 'source': 'core_web_sm'}, {'text': 'clustering', 'type': 'ML_TECHNIQUE', 'start': 661, 'end': 671, 'source': 'domain_dictionary'}, {'text': 'cnn', 'type': 'ML_TECHNIQUE', 'start': 678, 'end': 681, 'source': 'domain_dictionary'}, {'text': 'Algorithm', 'type': 'SPACY_GPE', 'start': 682, 'end': 691, 'source': 'core_web_sm'}, {'text': 'classification', 'type': 'ML_TECHNIQUE', 'start': 696, 'end': 710, 'source': 'domain_dictionary'}, {'text': 'svm', 'type': 'ML_TECHNIQUE', 'start': 717, 'end': 720, 'source': 'domain_dictionary'}, {'text': 'accuracy', 'type': 'METRIC', 'start': 944, 'end': 952, 'source': 'domain_dictionary'}]",10,0.1169590643274854,0.631578947368421,0.14619883040935674,0.10526315789473686,METHODS,0.7641266463306334,9
JLRSVYTP,document,2025,"Mansoor, Sheikh; Karunathilake, Ekanayaka M. B. M.; Tuan, Thai Thanh; Chung, Yong Suk","Genomics, phenomics, and machine learning in transforming plant research: Advancements and challenges",,10.1016/j.hpj.2023.09.005,http://dx.doi.org/10.1109/ACCESS.2023.3286730,"Advances in gene editing and natural genetic variability present significant opportunities to generate novel alleles and select natural sources of genetic variation for horticulture crop improvement. The genetic improvement of crops to enhance their resilience to abiotic stresses and new pests due to climate change is essential for future food security. The field of genomics has made significant strides over the past few decades, enabling us to sequence and analyze entire genomes. However, understanding the complex relationship between genes and their expression in phenotypes - the observable characteristics of an organism - requires a deeper understanding of phenomics. Phenomics seeks to link genetic information with biological processes and environmental factors to better understand complex traits and diseases. Recent breakthroughs in this field include the development of advanced imaging technologies, artificial intelligence algorithms, and large-scale data analysis techniques. These tools have enabled us to explore the relationships between genotype, phenotype, and environment in unprecedented detail. This review explores the importance of understanding the complex relationship between genes and their expression in phenotypes. Integration of genomics with efficient high throughput plant phenotyping as well as the potential of machine learning approaches for genomic and phenomics trait discovery.",2025,2026-01-24 00:34:03,2026-01-24 00:34:03,,Institute of Electrical and Electronics Engineers (IEEE),"/home/aalejoz25/Zotero/storage/RNEIVHK8/Mansoor et al. - 2025 - Genomics, phenomics, and machine learning in transforming plant research Advancements and challenge.pdf",Breeding; Crop improvement; Horticulture; Machine learning; Phenomics; Plant; Traits,genomics phenomics and machine learning in transforming plant research advancements and challenges,"['genomics', 'phenomics', 'and', 'machine', 'learning', 'in', 'transforming', 'plant', 'research', 'advancements', 'and', 'challenges']","['genomics', 'phenomics', 'transforming', 'advancement', 'challenge']",genomics phenomics transforming advancement challenge,"[('genomics', 'phenomics'), ('phenomics', 'transforming'), ('transforming', 'advancement'), ('advancement', 'challenge')]",12,101,5,"[('genomics', 'phenomics', 'transforming'), ('phenomics', 'transforming', 'advancement'), ('transforming', 'advancement', 'challenge')]","['advance', 'gene', 'edit', 'natural', 'genetic', 'variability', 'present', 'opportunity', 'generate', 'allele', 'select', 'natural', 'source', 'genetic', 'variation', 'horticulture', 'crop', 'improvement', 'genetic', 'improvement', 'crop', 'enhance', 'resilience', 'abiotic', 'stress', 'pest', 'due', 'climate', 'change', 'essential', 'food', 'security', 'genomics', 'make', 'stride', 'enable', 'sequence', 'analyze', 'genome', 'understand', 'relationship', 'gene', 'expression', 'phenotype', 'observable', 'characteristic', 'organism', 'deeper', 'understand', 'phenomics', 'phenomics', 'seek', 'link', 'genetic', 'information', 'biological', 'environmental', 'understand', 'trait', 'diseases', 'breakthrough', 'development', 'advance', 'image', 'technology', 'artificial', 'intelligence', 'algorithm', 'large-scale', 'data', 'tool', 'relationship', 'genotype', 'phenotype', 'environment', 'unprecedented', 'detail', 'review', 'importance', 'understand', 'relationship', 'gene', 'expression', 'phenotype', 'integration', 'genomics', 'throughput', 'plant', 'phenotyping', 'machine', 'learn', 'genomic', 'phenomics', 'trait', 'discovery']",advance gene edit natural genetic variability present opportunity generate allele select natural source genetic variation horticulture crop improvement genetic improvement crop enhance resilience abiotic stress pest due climate change essential food security genomics make stride enable sequence analyze genome understand relationship gene expression phenotype observable characteristic organism deeper understand phenomics phenomics seek link genetic information biological environmental understand trait diseases breakthrough development advance image technology artificial intelligence algorithm large-scale data tool relationship genotype phenotype environment unprecedented detail review importance understand relationship gene expression phenotype integration genomics throughput plant phenotyping machine learn genomic phenomics trait discovery,95,195,4,0.42624366,"leaf, diseases, leave, trait, grape","Advances in gene editing and natural genetic variability present significant opportunities to generate novel alleles and select natural sources of genetic variation for horticulture crop improvement. The genetic improvement of crops to enhance their resilience to abiotic stresses and new pests due to climate change is essential for future food security. The field of genomics has made significant strides over the past few decades, enabling us to sequence and analyze entire genomes. However, understanding the complex relationship between genes and their expression in phenotypes - the observable characteristics of an organism - requires a deeper understanding of phenomics. Phenomics seeks to link genetic information with biological processes and environmental factors to better understand complex traits and diseases. Recent breakthroughs in this field include the development of advanced imaging technologies, artificial intelligence algorithms, and large-scale data analysis techniques. These tools have enabled us to explore the relationships between genotype, phenotype, and environment in unprecedented detail. This review explores the importance of understanding the complex relationship between genes and their expression in phenotypes. Integration of genomics with efficient high throughput plant phenotyping as well as the potential of machine learning approaches for genomic and phenomics trait discovery.",8,[],0,0.3092783505154639,0.2474226804123711,0.25773195876288657,0.18556701030927833,INTRODUCTION,0.988611716393205,9
QGS7FFSR,conferencePaper,2024,"Neelukumari, K. S.; Santhosh, P.; Rithika, R.",Identification of Paddy Leaf Disease using Machine Learning Methods,"Proceedings - 2024 IEEE International Conference on Signal Processing, Informatics, Communication and Energy Systems: Harmonizing Signals, Data, and Energy: Bridging the Digital Future, SPICES 2024",10.1109/SPICES62143.2024.10779961,http://dx.doi.org/10.1109/SPICES62143.2024.10779961,"The skill of growing fruits and vegetables is known as horticulture, and it is the foundation of both business and well-being. Crop observation and disease detection have even taken precedence over conventional methods of modern farming, despite those techniques being rendered outdated by ignorance of plant illnesses, which can result in financial losses. Plant disease detection and treatment strategies are becoming more sophisticated as horticulture moves toward the Industrial Internet of things (IIoT) 5.0. This effort focuses on creating a model that can precisely diagnose rice leaf disease by examining the leaves of rice plants in order to accomplish this aim. Utilizing a logistic regression classification algorithm, the ResNet50 model based on R-CNN has been evaluated with a dataset of plant leaf image information. 97% accuracy is attained with the Resnet-50 model when compared with other models namely, DenseNet-161 and Inception Net V3 +RCNN.",2024-09,2026-01-24 00:34:03,2026-01-24 00:34:03,1-6,IEEE,/home/aalejoz25/Zotero/storage/NNH6TT9P/Neelukumari et al. - 2024 - Identification of Paddy Leaf Disease using Machine Learning Methods.pdf,Computer vision; Image processing; Plant leaf disease diagnosis deep learning; Rice leaf disease,identification of paddy leaf disease using machine learning methods,"['identification', 'of', 'paddy', 'leaf', 'disease', 'using', 'machine', 'learning', 'methods']","['paddy', 'disease', 'method']",paddy disease method,"[('paddy', 'disease'), ('disease', 'method')]",9,67,3,"[('paddy', 'disease', 'method')]","['skill', 'grow', 'fruit', 'vegetable', 'know', 'horticulture', 'foundation', 'business', 'well-being', 'crop', 'observation', 'disease', 'detection', 'even', 'take', 'precedence', 'method', 'modern', 'farming', 'render', 'outdated', 'ignorance', 'plant', 'illnesses', 'financial', 'loss', 'plant', 'disease', 'detection', 'treatment', 'strategy', 'become', 'sophisticated', 'horticulture', 'move', 'toward', 'industrial', 'internet', 'thing', 'iiot', 'effort', 'create', 'model', 'precisely', 'diagnose', 'rice', 'leaf', 'disease', 'examine', 'leaf', 'rice', 'plant', 'order', 'accomplish', 'utilizing', 'logistic', 'regression', 'classification', 'algorithm', 'resnet50', 'model', 'r-cnn', 'evaluate', 'dataset', 'plant', 'leaf', 'image', 'information', 'attain', 'resnet', 'model', 'namely', 'densenet', 'inception', 'net', 'rcnn']",skill grow fruit vegetable know horticulture foundation business well-being crop observation disease detection even take precedence method modern farming render outdated ignorance plant illnesses financial loss plant disease detection treatment strategy become sophisticated horticulture move toward industrial internet thing iiot effort create model precisely diagnose rice leaf disease examine leaf rice plant order accomplish utilizing logistic regression classification algorithm resnet50 model r-cnn evaluate dataset plant leaf image information attain resnet model namely densenet inception net rcnn,76,144,2,0.8692174,"plant, model, image, fruit, leaf","The skill of growing fruits and vegetables is known as horticulture, and it is the foundation of both business and well-being. Crop observation and disease detection have even taken precedence over conventional methods of modern farming, despite those techniques being rendered outdated by ignorance of plant illnesses, which can result in financial losses. Plant disease detection and treatment strategies are becoming more sophisticated as horticulture moves toward the Industrial Internet of things (IIoT) 5.0. This effort focuses on creating a model that can precisely diagnose rice leaf disease by examining the leaves of rice plants in order to accomplish this aim. Utilizing a logistic regression classification algorithm, the ResNet50 model based on R-CNN has been evaluated with a dataset of plant leaf image information. 97 accuracy is attained with the Resnet-50 model when compared with other models namely, DenseNet-161 and Inception Net V3 RCNN.",5,"[{'text': 'logistic regression', 'type': 'ML_TECHNIQUE', 'start': 684, 'end': 703, 'source': 'domain_dictionary'}, {'text': 'classification', 'type': 'ML_TECHNIQUE', 'start': 704, 'end': 718, 'source': 'domain_dictionary'}, {'text': 'ResNet50', 'type': 'SPACY_PRODUCT', 'start': 734, 'end': 742, 'source': 'core_web_sm'}, {'text': 'cnn', 'type': 'ML_TECHNIQUE', 'start': 760, 'end': 763, 'source': 'domain_dictionary'}, {'text': 'accuracy', 'type': 'METRIC', 'start': 835, 'end': 843, 'source': 'domain_dictionary'}, {'text': 'resnet', 'type': 'ML_MODEL', 'start': 865, 'end': 871, 'source': 'domain_dictionary'}, {'text': 'DenseNet-161', 'type': 'SPACY_ORG', 'start': 921, 'end': 933, 'source': 'core_web_sm'}, {'text': 'Inception Net V3 +', 'type': 'SPACY_PRODUCT', 'start': 938, 'end': 956, 'source': 'core_web_sm'}]",8,0.0,0.7111111111111111,0.2222222222222222,0.06666666666666667,METHODS,0.5462135651591321,6
T5GVHCMD,conferencePaper,2023,"Sahebgouda; Sumana, M.",Disease Detection In Pomegranate Plant Using Image Processing Techniques,"Proceedings of CONECCT 2023 - 9th International Conference on Electronics, Computing and Communication Technologies",10.1109/CONECCT57959.2023.10234771,http://dx.doi.org/10.1109/CONECCT57959.2023.10234771,"The majority of the people in India is dependent on agriculture. Every crop the farmers cultivate has some sort of illness. The most successfully adopted subtropical fruit crop in India is the pomegranate. Pomegranates have the highest economic value of all the fruits. Pomegranate has very little immunity to infection during cultivation, especially in the early stages. As a result, it is particularly susceptible to the sickness. The detection of plant diseases is a beneficial use of image processing. Picture acquisition, picture pre-processing, Image segmentation, feature extraction, object recognition, and classification are all steps within the infection discovery handle.",2023-07,2026-01-24 00:34:03,2026-01-24 00:34:03,1-6,IEEE,/home/aalejoz25/Zotero/storage/CXJZU2YN/Sahebgouda and Sumana - 2023 - Disease Detection In Pomegranate Plant Using Image Processing Techniques.pdf,Image segmentation; Pomegranate; Image pre-processing; Picture acquisition; Picture processing,disease detection in pomegranate plant using image processing techniques,"['disease', 'detection', 'in', 'pomegranate', 'plant', 'using', 'image', 'processing', 'techniques']","['disease', 'pomegranate', 'technique']",disease pomegranate technique,"[('disease', 'pomegranate'), ('pomegranate', 'technique')]",9,72,3,"[('disease', 'pomegranate', 'technique')]","['majority', 'people', 'india', 'dependent', 'agriculture', 'every', 'crop', 'farmer', 'cultivate', 'sort', 'illness', 'adopt', 'subtropical', 'fruit', 'crop', 'india', 'pomegranate', 'pomegranate', 'economic', 'fruit', 'pomegranate', 'little', 'immunity', 'infection', 'cultivation', 'susceptible', 'sickness', 'detection', 'plant', 'diseases', 'beneficial', 'image', 'processing', 'picture', 'acquisition', 'picture', 'pre-processing', 'image', 'segmentation', 'feature', 'extraction', 'object', 'recognition', 'classification', 'within', 'infection', 'discovery', 'handle']",majority people india dependent agriculture every crop farmer cultivate sort illness adopt subtropical fruit crop india pomegranate pomegranate economic fruit pomegranate little immunity infection cultivation susceptible sickness detection plant diseases beneficial image processing picture acquisition picture pre-processing image segmentation feature extraction object recognition classification within infection discovery handle,48,99,4,0.92262554,"leaf, diseases, leave, trait, grape","The majority of the people in India is dependent on agriculture. Every crop the farmers cultivate has some sort of illness. The most successfully adopted subtropical fruit crop in India is the pomegranate. Pomegranates have the highest economic value of all the fruits. Pomegranate has very little immunity to infection during cultivation, especially in the early stages. As a result, it is particularly susceptible to the sickness. The detection of plant diseases is a beneficial use of image processing. Picture acquisition, picture pre-processing, Image segmentation, feature extraction, object recognition, and classification are all steps within the infection discovery handle.",3,"[{'text': 'India', 'type': 'SPACY_GPE', 'start': 30, 'end': 35, 'source': 'core_web_sm'}, {'text': 'India', 'type': 'SPACY_GPE', 'start': 180, 'end': 185, 'source': 'core_web_sm'}, {'text': 'feature extraction', 'type': 'ML_TECHNIQUE', 'start': 571, 'end': 589, 'source': 'domain_dictionary'}, {'text': 'classification', 'type': 'ML_TECHNIQUE', 'start': 615, 'end': 629, 'source': 'domain_dictionary'}]",4,0.0,0.782608695652174,0.2173913043478261,0.0,METHODS,0.37768770613644487,8
6A6T7LU8,document,2025,"Zhang, Jinmeng; Zhang, Qian; Tan, Yarong; Wang, Ming; Zhang, Xining; Li, Hao; Zhao, Ruifang; Yu, Jinying",Advances in hyperspectral imaging-based non-destructive assessment of tomato quality attributes,,10.1016/j.atech.2025.101534,http://dx.doi.org/10.1016/j.atech.2025.101534,"Tomato (Solanum lycopersicum L.), the world's second most economically significant horticultural crop, faces persistent quality assessment limitations due to conventional destructive methods and subjective inspections. Consequently, rapid non-destructive techniques for evaluating key quality attributes are essential to enhance postharvest management and market competitiveness. Hyperspectral imaging (HSI) addresses this need by acquiring spatially resolved spectral data across the biochemically critical 400–2500 nm range, capturing signatures of key attributes like lycopene and soluble solids. This technology demonstrates considerable potential for non-destructive agricultural assessment, enabling: high-accuracy maturity grading via pigment dynamics; ultra-early detection of asymptomatic diseases (e.g., latent fungal infections); quantitative nutritional component prediction; and reliable internal defect identification. These capabilities collectively enhance postharvest quality control. This review systematically evaluates advanced data preprocessing methods, feature extraction techniques, and deep learning models for their contributions to enhanced detection accuracy and system robustness. Nevertheless, challenges persist regarding hardware miniaturization, environmental resilience, model generalizability across diverse cultivars and growth environments, and real-time in-field implementation. Future efforts should prioritize developing integrated field-portable HSI platforms, multi-sensor fusion strategies, environmentally adaptive algorithms, and efficient AI architectures to bridge the gap between laboratory research and scalable industrial applications. Such advancements will critically underpin next-generation precision agriculture systems for robust tomato quality assurance and significant loss reduction.",2025,2026-01-24 00:34:03,2026-01-24 00:34:03,,Elsevier BV,/home/aalejoz25/Zotero/storage/Z53U7CGW/Zhang et al. - 2025 - Advances in hyperspectral imaging-based non-destructive assessment of tomato quality attributes.pdf,Disease detection; Hyperspectral imaging; Maturity detection; Non-destructive detection; Tomato quality,advances in hyperspectral imagingbased nondestructive assessment of tomato quality attributes,"['advances', 'in', 'hyperspectral', 'imagingbased', 'nondestructive', 'assessment', 'of', 'tomato', 'quality', 'attributes']","['advance', 'hyperspectral', 'imagingbased', 'nondestructive', 'tomato', 'quality', 'attribute']",advance hyperspectral imagingbased nondestructive tomato quality attribute,"[('advance', 'hyperspectral'), ('hyperspectral', 'imagingbased'), ('imagingbased', 'nondestructive'), ('nondestructive', 'tomato'), ('tomato', 'quality'), ('quality', 'attribute')]",10,95,7,"[('advance', 'hyperspectral', 'imagingbased'), ('hyperspectral', 'imagingbased', 'nondestructive'), ('imagingbased', 'nondestructive', 'tomato'), ('nondestructive', 'tomato', 'quality'), ('tomato', 'quality', 'attribute')]","['tomato', 'solanum', 'lycopersicum', 'world', 'economically', 'horticultural', 'crop', 'face', 'persistent', 'quality', 'due', 'destructive', 'method', 'subjective', 'inspection', 'rapid', 'non-destructive', 'evaluate', 'quality', 'attribute', 'essential', 'enhance', 'postharvest', 'management', 'market', 'competitiveness', 'hyperspectral', 'image', 'hsi', 'acquire', 'spatially', 'resolve', 'spectral', 'data', 'across', 'biochemically', 'range', 'capture', 'signature', 'attribute', 'like', 'lycopene', 'soluble', 'solid', 'technology', 'considerable', 'non-destructive', 'agricultural', 'enable', 'high-accuracy', 'maturity', 'grade', 'via', 'pigment', 'dynamic', 'ultra-early', 'detection', 'asymptomatic', 'disease', 'latent', 'fungal', 'infection', 'quantitative', 'nutritional', 'prediction', 'reliable', 'internal', 'defect', 'identification', 'capability', 'collectively', 'enhance', 'postharvest', 'quality', 'control', 'review', 'systematically', 'evaluate', 'advanced', 'data', 'preprocessing', 'method', 'feature', 'extraction', 'deep', 'learn', 'detection', 'system', 'robustness', 'persist', 'regard', 'hardware', 'miniaturization', 'environmental', 'resilience', 'model', 'generalizability', 'across', 'diverse', 'cultivar', 'growth', 'environments', 'real-time', 'in-field', 'effort', 'prioritize', 'develop', 'integrated', 'field-portable', 'hsi', 'platform', 'multi-sensor', 'fusion', 'strategy', 'environmentally', 'adaptive', 'algorithm', 'architecture', 'bridge', 'gap', 'laboratory', 'scalable', 'industrial', 'application', 'advancement', 'critically', 'underpin', 'next-generation', 'precision', 'agriculture', 'robust', 'tomato', 'quality', 'assurance', 'loss', 'reduction']",tomato solanum lycopersicum world economically horticultural crop face persistent quality due destructive method subjective inspection rapid non-destructive evaluate quality attribute essential enhance postharvest management market competitiveness hyperspectral image hsi acquire spatially resolve spectral data across biochemically range capture signature attribute like lycopene soluble solid technology considerable non-destructive agricultural enable high-accuracy maturity grade via pigment dynamic ultra-early detection asymptomatic disease latent fungal infection quantitative nutritional prediction reliable internal defect identification capability collectively enhance postharvest quality control review systematically evaluate advanced data preprocessing method feature extraction deep learn detection system robustness persist regard hardware miniaturization environmental resilience model generalizability across diverse cultivar growth environments real-time in-field effort prioritize develop integrated field-portable hsi platform multi-sensor fusion strategy environmentally adaptive algorithm architecture bridge gap laboratory scalable industrial application advancement critically underpin next-generation precision agriculture robust tomato quality assurance loss reduction,136,206,2,0.54210955,"plant, model, image, fruit, leaf","Tomato (Solanum lycopersicum L.), the world's second most economically significant horticultural crop, faces persistent quality assessment limitations due to conventional destructive methods and subjective inspections. Consequently, rapid non-destructive techniques for evaluating key quality attributes are essential to enhance postharvest management and market competitiveness. Hyperspectral imaging (HSI) addresses this need by acquiring spatially resolved spectral data across the biochemically critical 4002500 nm range, capturing signatures of key attributes like lycopene and soluble solids. This technology demonstrates considerable potential for non-destructive agricultural assessment, enabling: high-accuracy maturity grading via pigment dynamics; ultra-early detection of asymptomatic diseases (e.g., latent fungal infections); quantitative nutritional component prediction; and reliable internal defect identification. These capabilities collectively enhance postharvest quality control. This review systematically evaluates advanced data preprocessing methods, feature extraction techniques, and deep learning models for their contributions to enhanced detection accuracy and system robustness. Nevertheless, challenges persist regarding hardware miniaturization, environmental resilience, model generalizability across diverse cultivars and growth environments, and real-time in-field implementation. Future efforts should prioritize developing integrated field-portable HSI platforms, multi-sensor fusion strategies, environmentally adaptive algorithms, and efficient AI architectures to bridge the gap between laboratory research and scalable industrial applications. Such advancements will critically underpin next-generation precision agriculture systems for robust tomato quality assurance and significant loss reduction.",4,"[{'text': 'tomato', 'type': 'CROP_TYPE', 'start': 0, 'end': 6, 'source': 'domain_dictionary'}, {'text': 'hyperspectral imaging', 'type': 'SENSING_TECHNOLOGY', 'start': 380, 'end': 401, 'source': 'domain_dictionary'}, {'text': 'HSI', 'type': 'SPACY_ORG', 'start': 403, 'end': 406, 'source': 'core_web_sm'}, {'text': 'lycopene', 'type': 'NUTRITIONAL_PARAMETER', 'start': 571, 'end': 579, 'source': 'domain_dictionary'}, {'text': 'soluble solids', 'type': 'NUTRITIONAL_PARAMETER', 'start': 584, 'end': 598, 'source': 'domain_dictionary'}, {'text': 'accuracy', 'type': 'METRIC', 'start': 712, 'end': 720, 'source': 'domain_dictionary'}, {'text': 'maturity', 'type': 'QUALITY_ATTRIBUTE', 'start': 721, 'end': 729, 'source': 'domain_dictionary'}, {'text': 'defect', 'type': 'QUALITY_ATTRIBUTE', 'start': 910, 'end': 916, 'source': 'domain_dictionary'}, {'text': 'feature extraction', 'type': 'ML_TECHNIQUE', 'start': 1076, 'end': 1094, 'source': 'domain_dictionary'}, {'text': 'deep learning', 'type': 'ML_TECHNIQUE', 'start': 1111, 'end': 1124, 'source': 'domain_dictionary'}, {'text': 'accuracy', 'type': 'METRIC', 'start': 1178, 'end': 1186, 'source': 'domain_dictionary'}, {'text': 'HSI', 'type': 'SPACY_ORG', 'start': 1487, 'end': 1490, 'source': 'core_web_sm'}, {'text': 'precision', 'type': 'METRIC', 'start': 1745, 'end': 1754, 'source': 'domain_dictionary'}, {'text': 'tomato', 'type': 'CROP_TYPE', 'start': 1786, 'end': 1792, 'source': 'domain_dictionary'}]",14,0.16891891891891891,0.4459459459459459,0.2027027027027027,0.18243243243243243,METHODS,0.9337297330371007,9
GXXNVI5R,conferencePaper,2020,"Kolvekar, Kowshik; Lotlikar, Sahil; Naik, Mohit; Faldesai, Ashwin; Muttu, Yeshudas; Colaco, Mathilda",Cayenne based Plant Monitoring Control System,2020 IEEE Bombay Section Signature Conference (IBSSC),10.1109/ibssc51096.2020.9332186,http://dx.doi.org/10.1109/IBSSC51096.2020.9332186,,2020,2026-01-24 00:34:03,2026-01-24 00:34:03,237-242,IEEE,/home/aalejoz25/Zotero/storage/WDMWW3M8/Kolvekar et al. - 2020 - Cayenne based Plant Monitoring Control System.pdf,,cayenne based plant monitoring control system,"['cayenne', 'based', 'plant', 'monitoring', 'control', 'system']","['cayenne', 'control']",cayenne control,"[('cayenne', 'control')]",6,45,2,[],[],,0,0,,,,,,[],0,0.0,0.0,0.0,0.0,UNKNOWN,0.0,0
C4BK8UQ5,conferencePaper,2019,"Chouhan, Siddharth Singh; Singh, Uday Pratap; Kaul, Ajay; Jain, Sanjeev",A Data Repository of Leaf Images: Practice towards Plant Conservation with Plant Pathology,"2019 4th International Conference on Information Systems and Computer Networks, ISCON 2019",10.1109/ISCON47742.2019.9036158,http://dx.doi.org/10.1109/ICRITO66076.2025.11241636,"The relationship between the plants and the environment is multitudinous and complex. They help in nourishing the atmosphere with diverse elements. Plants are also a substantial element in regulating carbon emission and climate change. But in the past, we have destroyed them without hesitation. For the reason that not only we have lost a number of species located in them, but also a severe result has also been encountered in the form of climate change. However, if we choose to give them time and space, plants have an astonishing ability to recover and re-cloth the earth with varied plants and species that we have, so recently, stormed. Therefore, a contribution has been made in this article towards the study of plant growth and its management. Twelve economically and environmentally beneficial plants have been selected for this purpose. Leaf images of these plants in healthy and unhealthy conditions have been acquired and alienated among two separate classes. We have collected about 4503 images of which contain 2278 images of healthy leaf and 2225 images of the diseased leaf. Further, we hope that this study can be beneficial for researchers and academicians in developing methods for plant identification, plant classification, plant growth monitoring, leaf disease diagnosis, etc. Finally, the anticipated impression is towards a better understanding of the plants to be planted and their appropriate management.",2019-09,2026-01-24 00:34:03,2026-01-24 00:34:03,700-707,IEEE,/home/aalejoz25/Zotero/storage/8HWFEMJG/Chouhan et al. - 2019 - A Data Repository of Leaf Images Practice towards Plant Conservation with Plant Pathology.pdf,Horticulture; Computer Vision; Deforestation; Forestation; Image Processing; Plant Conservation; Plant Pathology,a data repository of leaf images practice towards plant conservation with plant pathology,"['a', 'data', 'repository', 'of', 'leaf', 'images', 'practice', 'towards', 'plant', 'conservation', 'with', 'plant', 'pathology']","['repository', 'practice', 'conservation', 'pathology']",repository practice conservation pathology,"[('repository', 'practice'), ('practice', 'conservation'), ('conservation', 'pathology')]",13,90,4,"[('repository', 'practice', 'conservation'), ('practice', 'conservation', 'pathology')]","['relationship', 'plant', 'environment', 'multitudinous', 'help', 'nourish', 'atmosphere', 'diverse', 'plant', 'substantial', 'regulate', 'carbon', 'emission', 'climate', 'change', 'destroy', 'without', 'hesitation', 'reason', 'lose', 'specie', 'locate', 'severe', 'encountered', 'climate', 'change', 'choose', 'give', 'space', 'plant', 'astonish', 'ability', 'recover', 're-cloth', 'earth', 'vary', 'plant', 'specie', 'storm', 'make', 'towards', 'plant', 'growth', 'management', 'twelve', 'economically', 'environmentally', 'beneficial', 'plant', 'select', 'leaf', 'image', 'plant', 'healthy', 'unhealthy', 'condition', 'acquire', 'alienate', 'among', 'two', 'separate', 'class', 'collect', 'image', 'image', 'healthy', 'leaf', 'image', 'diseased', 'leaf', 'hope', 'beneficial', 'researcher', 'academician', 'develop', 'method', 'plant', 'identification', 'plant', 'classification', 'plant', 'growth', 'monitor', 'leaf', 'disease', 'diagnosis', 'etc', 'anticipate', 'impression', 'towards', 'understand', 'plant', 'plant', 'appropriate', 'management']",relationship plant environment multitudinous help nourish atmosphere diverse plant substantial regulate carbon emission climate change destroy without hesitation reason lose specie locate severe encountered climate change choose give space plant astonish ability recover re-cloth earth vary plant specie storm make towards plant growth management twelve economically environmentally beneficial plant select leaf image plant healthy unhealthy condition acquire alienate among two separate class collect image image healthy leaf image diseased leaf hope beneficial researcher academician develop method plant identification plant classification plant growth monitor leaf disease diagnosis etc anticipate impression towards understand plant plant appropriate management,95,224,2,0.864376,"plant, model, image, fruit, leaf","The relationship between the plants and the environment is multitudinous and complex. They help in nourishing the atmosphere with diverse elements. Plants are also a substantial element in regulating carbon emission and climate change. But in the past, we have destroyed them without hesitation. For the reason that not only we have lost a number of species located in them, but also a severe result has also been encountered in the form of climate change. However, if we choose to give them time and space, plants have an astonishing ability to recover and re-cloth the earth with varied plants and species that we have, so recently, stormed. Therefore, a contribution has been made in this article towards the study of plant growth and its management. Twelve economically and environmentally beneficial plants have been selected for this purpose. Leaf images of these plants in healthy and unhealthy conditions have been acquired and alienated among two separate classes. We have collected about 4503 images of which contain 2278 images of healthy leaf and 2225 images of the diseased leaf. Further, we hope that this study can be beneficial for researchers and academicians in developing methods for plant identification, plant classification, plant growth monitoring, leaf disease diagnosis, etc. Finally, the anticipated impression is towards a better understanding of the plants to be planted and their appropriate management.",3,"[{'text': 'classification', 'type': 'ML_TECHNIQUE', 'start': 1231, 'end': 1245, 'source': 'domain_dictionary'}]",1,0.31007751937984496,0.18604651162790697,0.15503875968992248,0.3488372093023256,DISCUSSION,0.9610858171696585,11
VQ8E8L72,conferencePaper,2019,"Krishnan, Hari; Priyadharshini, K.; Gowsic, M.; Mahesh, N.; Vijayananth, S.; Sudhakar, P.",Plant disease analysis using image processing in MATLAB,"2019 IEEE International Conference on System, Computation, Automation and Networking, ICSCAN 2019",10.1109/ICSCAN.2019.8878753,https://ieeexplore.ieee.org/document/8878753/,"Recognizable proof of plant ailment is troublesome in horticulture field. In the event that recognizable proof is mistaken, at that point there is an enormous misfortune on the generation of yield and efficient estimation of market. Leaf infection recognition requires tremendous sum of work, information in the plant sicknesses, and furthermore require the additionally preparing time. So we can utilize picture handling for recognizable proof of leaf infection in MATLAB. Recognizable proof of ailment pursues the means like stacking the picture, differentiate upgrade, changing over RGB to HSI, extricating of highlights and SVM.",2019-03,2026-01-24 00:34:03,2026-01-24 00:34:03,1-3,IEEE,/home/aalejoz25/Zotero/storage/A3ZEGD3A/Krishnan et al. - 2019 - Plant disease analysis using image processing in MATLAB.pdf,HSI; SVM(support vector machine),plant disease analysis using image processing in matlab,"['plant', 'disease', 'analysis', 'using', 'image', 'processing', 'in', 'matlab']","['disease', 'matlab']",disease matlab,"[('disease', 'matlab')]",8,55,2,[],"['recognizable', 'proof', 'plant', 'ailment', 'troublesome', 'horticulture', 'event', 'recognizable', 'proof', 'mistake', 'point', 'enormous', 'misfortune', 'generation', 'yield', 'estimation', 'market', 'leaf', 'infection', 'recognition', 'tremendous', 'sum', 'information', 'plant', 'sicknesses', 'prepare', 'picture', 'handle', 'recognizable', 'proof', 'leaf', 'infection', 'matlab', 'recognizable', 'proof', 'ailment', 'pursues', 'mean', 'like', 'stack', 'picture', 'differentiate', 'upgrade', 'change', 'rgb', 'hsi', 'extricate', 'highlight', 'svm']",recognizable proof plant ailment troublesome horticulture event recognizable proof mistake point enormous misfortune generation yield estimation market leaf infection recognition tremendous sum information plant sicknesses prepare picture handle recognizable proof leaf infection matlab recognizable proof ailment pursues mean like stack picture differentiate upgrade change rgb hsi extricate highlight svm,49,93,2,0.5913529,"plant, model, image, fruit, leaf","Recognizable proof of plant ailment is troublesome in horticulture field. In the event that recognizable proof is mistaken, at that point there is an enormous misfortune on the generation of yield and efficient estimation of market. Leaf infection recognition requires tremendous sum of work, information in the plant sicknesses, and furthermore require the additionally preparing time. So we can utilize picture handling for recognizable proof of leaf infection in MATLAB. Recognizable proof of ailment pursues the means like stacking the picture, differentiate upgrade, changing over RGB to HSI, extricating of highlights and SVM.",3,"[{'text': 'MATLAB', 'type': 'SPACY_ORG', 'start': 466, 'end': 472, 'source': 'core_web_sm'}, {'text': 'RGB', 'type': 'SPACY_ORG', 'start': 586, 'end': 589, 'source': 'core_web_sm'}, {'text': 'HSI', 'type': 'SPACY_ORG', 'start': 593, 'end': 596, 'source': 'core_web_sm'}, {'text': 'svm', 'type': 'ML_TECHNIQUE', 'start': 628, 'end': 631, 'source': 'domain_dictionary'}]",4,0.0,0.5714285714285714,0.0,0.42857142857142855,METHODS,0.4926140678728563,5
SW78T9MY,conferencePaper,2021,"David, Hepzibah Elizabeth; Ramalakshmi, K.; Gunasekaran, Hemalatha; Venkatesan, R.",Literature Review of Disease Detection in Tomato Leaf using Deep Learning Techniques,"2021 7th International Conference on Advanced Computing and Communication Systems, ICACCS 2021",10.1109/ICACCS51430.2021.9441714,http://dx.doi.org/10.1109/ICACCS51430.2021.9441714,"Tomatoes are the most common vegetable crop widely cultivated in the agricultural fields in India. The tropical climate is ideal for its growth, however certain climatic conditions and various other factors affect the normal growth of tomato plants. Apart from these climatic conditions and natural disasters, plant disease is a major crisis in crop production and results in economic loss. The traditional disease detection methods for tomato crops could not produce the expected outcome and the detection period for diseases was slow. The early detection of diseases can give better results than the existing detection models. Thus, computer vision-based technology deep learning techniques could be implemented for earlier disease detection. This paper introduces a comprehensive analysis of the disease classification and detection techniques implied for tomato leaf disease identification. This paper also reviews the merits and drawbacks of the methodologies proposed. This paper finally proposes the early disease detection technique to identify tomato leaf disease using hybrid deep-learning architecture.",2021-03,2026-01-24 00:34:03,2026-01-24 00:34:03,274-278,IEEE,/home/aalejoz25/Zotero/storage/9V9JARSP/David et al. - 2021 - Literature Review of Disease Detection in Tomato Leaf using Deep Learning Techniques.pdf,CNN; Deep Learning; Hybrid CNN-RNN; Leaf Disease Detection; Machine Learning; Tomato Leaf Disease,literature review of disease detection in tomato leaf using deep learning techniques,"['literature', 'review', 'of', 'disease', 'detection', 'in', 'tomato', 'leaf', 'using', 'deep', 'learning', 'techniques']","['literature', 'disease', 'tomato', 'technique']",literature disease tomato technique,"[('literature', 'disease'), ('disease', 'tomato'), ('tomato', 'technique')]",12,84,4,"[('literature', 'disease', 'tomato'), ('disease', 'tomato', 'technique')]","['tomato', 'common', 'vegetable', 'crop', 'widely', 'cultivate', 'agricultural', 'india', 'tropical', 'climate', 'ideal', 'growth', 'certain', 'climatic', 'condition', 'affect', 'normal', 'growth', 'tomato', 'plant', 'apart', 'climatic', 'condition', 'natural', 'disaster', 'plant', 'disease', 'crisis', 'crop', 'production', 'economic', 'loss', 'disease', 'detection', 'method', 'tomato', 'crop', 'produce', 'expect', 'detection', 'diseases', 'slow', 'detection', 'disease', 'give', 'detection', 'computer', 'vision-based', 'technology', 'deep', 'learning', 'implemented', 'disease', 'detection', 'disease', 'classification', 'detection', 'imply', 'tomato', 'leaf', 'disease', 'identification', 'review', 'merit', 'drawback', 'disease', 'detection', 'identify', 'tomato', 'leaf', 'disease', 'hybrid', 'deeplearning', 'architecture']",tomato common vegetable crop widely cultivate agricultural india tropical climate ideal growth certain climatic condition affect normal growth tomato plant apart climatic condition natural disaster plant disease crisis crop production economic loss disease detection method tomato crop produce expect detection diseases slow detection disease give detection computer vision-based technology deep learning implemented disease detection disease classification detection imply tomato leaf disease identification review merit drawback disease detection identify tomato leaf disease hybrid deeplearning architecture,74,159,2,0.8825199,"plant, model, image, fruit, leaf","Tomatoes are the most common vegetable crop widely cultivated in the agricultural fields in India. The tropical climate is ideal for its growth, however certain climatic conditions and various other factors affect the normal growth of tomato plants. Apart from these climatic conditions and natural disasters, plant disease is a major crisis in crop production and results in economic loss. The traditional disease detection methods for tomato crops could not produce the expected outcome and the detection period for diseases was slow. The early detection of diseases can give better results than the existing detection models. Thus, computer vision-based technology deep learning techniques could be implemented for earlier disease detection. This paper introduces a comprehensive analysis of the disease classification and detection techniques implied for tomato leaf disease identification. This paper also reviews the merits and drawbacks of the methodologies proposed. This paper finally proposes the early disease detection technique to identify tomato leaf disease using hybrid deep-learning architecture.",5,"[{'text': 'India', 'type': 'SPACY_GPE', 'start': 92, 'end': 97, 'source': 'core_web_sm'}, {'text': 'tomato', 'type': 'CROP_TYPE', 'start': 235, 'end': 241, 'source': 'domain_dictionary'}, {'text': 'tomato', 'type': 'CROP_TYPE', 'start': 437, 'end': 443, 'source': 'domain_dictionary'}, {'text': 'deep learning', 'type': 'ML_TECHNIQUE', 'start': 668, 'end': 681, 'source': 'domain_dictionary'}, {'text': 'classification', 'type': 'ML_TECHNIQUE', 'start': 807, 'end': 821, 'source': 'domain_dictionary'}, {'text': 'tomato', 'type': 'CROP_TYPE', 'start': 859, 'end': 865, 'source': 'domain_dictionary'}, {'text': 'tomato', 'type': 'CROP_TYPE', 'start': 1053, 'end': 1059, 'source': 'domain_dictionary'}]",7,0.26881720430107525,0.3225806451612903,0.2150537634408602,0.1935483870967742,METHODS,0.9857066389411082,9
XVCTGUEH,conferencePaper,2021,"Nath, Debolina; Dutta, Pushan Kumar; Bhattacharya, Anup Kumar",Detection of plant diseases and nutritional deficiencies from unhealthy plant leaves using Machine Learning techniques,IET Conference Proceedings,10.1049/icp.2022.0368,http://dx.doi.org/10.1049/icp.2022.0368,"In countries like India, which are majorly dependent on an agricultural economy, detection of crop-disease and classification has immense significance. To support agriculture, automatic disease detection and classification of plant/crop disease has become an important aspect today. Manual disease detection requires enormous amount of labour and involves too much processing-time. Therefore, image-processing plays important role for the detection of crop/plant disease from images of diseased leaves. The proposed method is based on the automatic segmentation and classification of different diseased regions of leaf from the plant/crop images, which works in three steps: In the first step, pre-processing is applied to the captured leaf image that is subjected to median filters and contrast stretching in order to remove the digitization noise and enhance the contrast of the image, respectively. In the second step, K-means clustering algorithm is employed on L*a*b* colour model of leaf image that segments pixels into uniform sets. These segments then are converted into HSV colour model and the segment that has maximum hue value among other segments are extracted as a disease segment. Finally, to the extracted diseased segment we will apply machine learning, i.e., Multi SVM classifier to classify crop image into various categorises of diseases. The same methodology is used to predict the Chlorophyll-Nitrogen content of the leaf and use the SVM classifier to show whether there is an 'efficiency' or 'deficiency' of nutrients in the crop.",2021-03,2026-01-24 00:34:03,2026-01-24 00:34:03,351-356,Institution of Engineering and Technology (IET),/home/aalejoz25/Zotero/storage/UF4FJ4WB/Nath et al. - 2021 - Detection of plant diseases and nutritional deficiencies from unhealthy plant leaves using Machine L.pdf,Machine learning; Image Processing; K-means; SVM,detection of plant diseases and nutritional deficiencies from unhealthy plant leaves using machine learning techniques,"['detection', 'of', 'plant', 'diseases', 'and', 'nutritional', 'deficiencies', 'from', 'unhealthy', 'plant', 'leaves', 'using', 'machine', 'learning', 'techniques']","['disease', 'nutritional', 'deficiency', 'unhealthy', 'technique']",disease nutritional deficiency unhealthy technique,"[('disease', 'nutritional'), ('nutritional', 'deficiency'), ('deficiency', 'unhealthy'), ('unhealthy', 'technique')]",15,118,5,"[('disease', 'nutritional', 'deficiency'), ('nutritional', 'deficiency', 'unhealthy'), ('deficiency', 'unhealthy', 'technique')]","['country', 'like', 'india', 'majorly', 'dependent', 'agricultural', 'economy', 'detection', 'crop-disease', 'classification', 'immense', 'significance', 'agriculture', 'automatic', 'disease', 'detection', 'classification', 'plant', 'crop', 'disease', 'become', 'today', 'manual', 'disease', 'detection', 'enormous', 'labour', 'involve', 'much', 'processing-time', 'image-processing', 'play', 'role', 'detection', 'crop', 'plant', 'disease', 'image', 'diseased', 'leaf', 'method', 'automatic', 'segmentation', 'classification', 'diseased', 'region', 'leaf', 'plant', 'crop', 'image', 'work', 'three', 'pre-processing', 'capture', 'leaf', 'image', 'subject', 'median', 'filter', 'contrast', 'stretch', 'order', 'remove', 'digitization', 'noise', 'enhance', 'contrast', 'image', 'k-means', 'cluster', 'algorithm', 'employ', 'colour', 'model', 'leaf', 'image', 'segment', 'pixel', 'uniform', 'segment', 'convert', 'hsv', 'colour', 'model', 'segment', 'maximum', 'hue', 'among', 'segment', 'extract', 'disease', 'segment', 'extract', 'diseased', 'segment', 'machine', 'learn', 'multi', 'svm', 'classifier', 'classify', 'crop', 'image', 'categorise', 'diseases', 'predict', 'chlorophyll-nitrogen', 'content', 'leaf', 'svm', 'classifier', 'whether', 'efficiency', 'wouldeficiency', 'nutrient', 'crop']",country like india majorly dependent agricultural economy detection crop-disease classification immense significance agriculture automatic disease detection classification plant crop disease become today manual disease detection enormous labour involve much processing-time image-processing play role detection crop plant disease image diseased leaf method automatic segmentation classification diseased region leaf plant crop image work three pre-processing capture leaf image subject median filter contrast stretch order remove digitization noise enhance contrast image k-means cluster algorithm employ colour model leaf image segment pixel uniform segment convert hsv colour model segment maximum hue among segment extract disease segment extract diseased segment machine learn multi svm classifier classify crop image categorise diseases predict chlorophyll-nitrogen content leaf svm classifier whether efficiency wouldeficiency nutrient crop,116,232,2,0.99585515,"plant, model, image, fruit, leaf","In countries like India, which are majorly dependent on an agricultural economy, detection of crop-disease and classification has immense significance. To support agriculture, automatic disease detection and classification of plantcrop disease has become an important aspect today. Manual disease detection requires enormous amount of labour and involves too much processing-time. Therefore, image-processing plays important role for the detection of cropplant disease from images of diseased leaves. The proposed method is based on the automatic segmentation and classification of different diseased regions of leaf from the plantcrop images, which works in three steps: In the first step, pre-processing is applied to the captured leaf image that is subjected to median filters and contrast stretching in order to remove the digitization noise and enhance the contrast of the image, respectively. In the second step, K-means clustering algorithm is employed on Lab colour model of leaf image that segments pixels into uniform sets. These segments then are converted into HSV colour model and the segment that has maximum hue value among other segments are extracted as a disease segment. Finally, to the extracted diseased segment we will apply machine learning, i.e., Multi SVM classifier to classify crop image into various categorises of diseases. The same methodology is used to predict the Chlorophyll-Nitrogen content of the leaf and use the SVM classifier to show whether there is an 'efficiency' or 'deficiency' of nutrients in the crop.",3,"[{'text': 'India', 'type': 'SPACY_GPE', 'start': 18, 'end': 23, 'source': 'core_web_sm'}, {'text': 'classification', 'type': 'ML_TECHNIQUE', 'start': 111, 'end': 125, 'source': 'domain_dictionary'}, {'text': 'classification', 'type': 'ML_TECHNIQUE', 'start': 208, 'end': 222, 'source': 'domain_dictionary'}, {'text': 'classification', 'type': 'ML_TECHNIQUE', 'start': 566, 'end': 580, 'source': 'domain_dictionary'}, {'text': 'k-means', 'type': 'ML_TECHNIQUE', 'start': 922, 'end': 929, 'source': 'domain_dictionary'}, {'text': 'clustering', 'type': 'ML_TECHNIQUE', 'start': 930, 'end': 940, 'source': 'domain_dictionary'}, {'text': 'colour', 'type': 'QUALITY_ATTRIBUTE', 'start': 973, 'end': 979, 'source': 'domain_dictionary'}, {'text': 'colour', 'type': 'QUALITY_ATTRIBUTE', 'start': 1083, 'end': 1089, 'source': 'domain_dictionary'}, {'text': 'hue', 'type': 'QUALITY_ATTRIBUTE', 'start': 1129, 'end': 1132, 'source': 'domain_dictionary'}, {'text': 'svm', 'type': 'ML_TECHNIQUE', 'start': 1283, 'end': 1286, 'source': 'domain_dictionary'}, {'text': 'chlorophyll', 'type': 'NUTRITIONAL_PARAMETER', 'start': 1403, 'end': 1414, 'source': 'domain_dictionary'}, {'text': 'nitrogen content', 'type': 'NUTRITIONAL_PARAMETER', 'start': 1415, 'end': 1431, 'source': 'domain_dictionary'}, {'text': 'svm', 'type': 'ML_TECHNIQUE', 'start': 1456, 'end': 1459, 'source': 'domain_dictionary'}]",13,0.07326007326007326,0.7912087912087912,0.03663003663003663,0.09890109890109892,METHODS,0.5242256290132485,9
NF8X9F6M,conferencePaper,2024,"Khannum, Ayesha; Dhanesha, R.; Kantharaj, Y.",Classification of Downy Mildew Disease in Watermelon Plant Leaf using VGG-16 Convolutional Neural Network,"4th IEEE International Conference on Mobile Networks and Wireless Communications, ICMNWC 2024",10.1109/ICMNWC63764.2024.10872300,http://dx.doi.org/10.1109/ICMNWC63764.2024.10872300,"Downy Mildew, caused by Pseudoperonospora cubensis, poses a serious threat to watermelon (Citrullus lanatus) crops, with the potential to drastically reduce yields and cause substantial economic losses in the agricultural sector. Early and accurate detection is essential for mitigating these impacts and maintaining crop productivity. An automatic detection system was developed using the VGG-16 Convolutional Neural Network (CNN) model, selected for its high accuracy. Trained and validated on a dataset of 585 images, split into 80% for training and 20% for validation, the model achieved 100% accuracy in both phases, with minimal losses of 0.0325 and 0.0098 respectively. These results underscore the model's potential for precise Downy Mildew detection, supporting improved disease management in precision agriculture.",2024,2026-01-24 00:34:03,2026-01-24 00:34:03,1-8,IEEE,/home/aalejoz25/Zotero/storage/AHSF659V/Khannum et al. - 2024 - Classification of Downy Mildew Disease in Watermelon Plant Leaf using VGG-16 Convolutional Neural Ne.pdf,binary cross-entropy loss; convolutional neural networks (CNN); downy mildew detection; training accuracy; validation accuracy; vgg- 16 model,classification of downy mildew disease in watermelon plant leaf using vgg convolutional neural network,"['classification', 'of', 'downy', 'mildew', 'disease', 'in', 'watermelon', 'plant', 'leaf', 'using', 'vgg', 'convolutional', 'neural', 'network']","['downy', 'mildew', 'disease', 'watermelon', 'vgg', 'convolutional']",downy mildew disease watermelon vgg convolutional,"[('downy', 'mildew'), ('mildew', 'disease'), ('disease', 'watermelon'), ('watermelon', 'vgg'), ('vgg', 'convolutional')]",14,105,6,"[('downy', 'mildew', 'disease'), ('mildew', 'disease', 'watermelon'), ('disease', 'watermelon', 'vgg'), ('watermelon', 'vgg', 'convolutional')]","['downy', 'mildew', 'cause', 'pseudoperonospora', 'cubensis', 'pose', 'serious', 'threat', 'watermelon', 'citrullus', 'lanatus', 'crop', 'drastically', 'yield', 'cause', 'substantial', 'economic', 'loss', 'agricultural', 'sector', 'accurate', 'detection', 'essential', 'mitigating', 'impact', 'maintain', 'crop', 'productivity', 'automatic', 'detection', 'system', 'develop', 'vgg', 'convolutional', 'neural', 'network', 'cnn', 'model', 'select', 'trained', 'validated', 'dataset', 'image', 'split', 'train', 'validation', 'model', 'minimal', 'loss', 'underscore', 'model', 'precise', 'downy', 'mildew', 'detection', 'support', 'disease', 'management', 'precision', 'agriculture']",downy mildew cause pseudoperonospora cubensis pose serious threat watermelon citrullus lanatus crop drastically yield cause substantial economic loss agricultural sector accurate detection essential mitigating impact maintain crop productivity automatic detection system develop vgg convolutional neural network cnn model select trained validated dataset image split train validation model minimal loss underscore model precise downy mildew detection support disease management precision agriculture,60,116,2,0.7638238,"plant, model, image, fruit, leaf","Downy Mildew, caused by Pseudoperonospora cubensis, poses a serious threat to watermelon (Citrullus lanatus) crops, with the potential to drastically reduce yields and cause substantial economic losses in the agricultural sector. Early and accurate detection is essential for mitigating these impacts and maintaining crop productivity. An automatic detection system was developed using the VGG-16 Convolutional Neural Network (CNN) model, selected for its high accuracy. Trained and validated on a dataset of 585 images, split into 80 for training and 20 for validation, the model achieved 100 accuracy in both phases, with minimal losses of 0.0325 and 0.0098 respectively. These results underscore the model's potential for precise Downy Mildew detection, supporting improved disease management in precision agriculture.",5,"[{'text': 'downy mildew', 'type': 'DISEASE', 'start': 0, 'end': 12, 'source': 'domain_dictionary'}, {'text': 'Pseudoperonospora', 'type': 'SPACY_GPE', 'start': 24, 'end': 41, 'source': 'core_web_sm'}, {'text': 'watermelon', 'type': 'CROP_TYPE', 'start': 78, 'end': 88, 'source': 'domain_dictionary'}, {'text': 'vgg', 'type': 'ML_MODEL', 'start': 390, 'end': 393, 'source': 'domain_dictionary'}, {'text': 'Convolutional Neural Network', 'type': 'SPACY_ORG', 'start': 397, 'end': 425, 'source': 'core_web_sm'}, {'text': 'cnn', 'type': 'ML_TECHNIQUE', 'start': 427, 'end': 430, 'source': 'domain_dictionary'}, {'text': 'accuracy', 'type': 'METRIC', 'start': 461, 'end': 469, 'source': 'domain_dictionary'}, {'text': 'accuracy', 'type': 'METRIC', 'start': 597, 'end': 605, 'source': 'domain_dictionary'}, {'text': 'downy mildew', 'type': 'DISEASE', 'start': 736, 'end': 748, 'source': 'domain_dictionary'}, {'text': 'precision', 'type': 'METRIC', 'start': 802, 'end': 811, 'source': 'domain_dictionary'}]",10,0.03773584905660377,0.6339622641509435,0.22641509433962265,0.1018867924528302,METHODS,0.7080865267563076,5
HQ8LLL5V,conferencePaper,2017,"Rangarajan, Aravind R. Krishnaswamy; Raja, P.",Design and simulation of crop monitoring robot for green house,Proceedings of 2016 International Conference on Robotics: Current Trends and Future Challenges (RCTFC),10.1109/RCTFC.2016.7893419,http://dx.doi.org/10.1109/RCTFC.2016.7893419,"Incidence of disease in horticultural crops is one of the important problems affecting the production of fruits, vegetables and flowers. Regular monitoring of crops for early diagnosis and treatment with pesticides or removal of the affected crop is some of the solution to minimize the crop loss. Monitoring of the crops by human labour is costly, time consuming, error prone due to insufficient knowledge of the disease and highly repetitive at different stages of crop growth. These needs have motivated to design a line following mobile robot with vision sensors for navigation across the field for disease identification in a green house. The robot has been designed and simulated in an open source software known as Virtual Robot Experimental Platform (V-REP) with experimental field of 40 crops. Programming for navigation is done in Lua scripting tool which is embedded with the V-REP software. Capturing of images has been performed using camera. Processing of images for identification of disease and its representation in a Graphical User Interface (GUI) has been done using an algorithm in MATLAB R2011B which interacts with V-REP tool through socket communication. Texture based analysis has been done to identify the diseased crops among the healthy crops in the simulated field setup.",2017,2026-01-24 00:34:03,2026-01-24 00:34:03,1-6,IEEE,/home/aalejoz25/Zotero/storage/Q5XBZG7I/Rangarajan and Raja - 2017 - Design and simulation of crop monitoring robot for green house.pdf,Agricultural robots; crop monitoring robots; disease identification robots; image processing,design and simulation of crop monitoring robot for green house,"['design', 'and', 'simulation', 'of', 'crop', 'monitoring', 'robot', 'for', 'green', 'house']","['design', 'simulation', 'robot', 'green', 'house']",design simulation robot green house,"[('design', 'simulation'), ('simulation', 'robot'), ('robot', 'green'), ('green', 'house')]",10,62,5,"[('design', 'simulation', 'robot'), ('simulation', 'robot', 'green'), ('robot', 'green', 'house')]","['incidence', 'disease', 'horticultural', 'crop', 'one', 'affect', 'production', 'fruit', 'vegetables', 'flower', 'regular', 'monitoring', 'crop', 'diagnosis', 'treatment', 'pesticide', 'removal', 'affected', 'crop', 'minimize', 'crop', 'loss', 'monitoring', 'crop', 'human', 'labour', 'costly', 'consume', 'error', 'prone', 'due', 'insufficient', 'knowledge', 'disease', 'highly', 'repetitive', 'crop', 'growth', 'motivate', 'design', 'line', 'follow', 'mobile', 'robot', 'vision', 'sensor', 'navigation', 'across', 'disease', 'identification', 'green', 'house', 'robot', 'design', 'simulate', 'open', 'source', 'software', 'know', 'virtual', 'robot', 'platform', 'v-rep', 'crop', 'program', 'navigation', 'lua', 'script', 'tool', 'embed', 'v-rep', 'software', 'capture', 'image', 'perform', 'camera', 'processing', 'image', 'identification', 'disease', 'representation', 'graphical', 'user', 'interface', 'gui', 'algorithm', 'matlab', 'r2011b', 'interact', 'v-rep', 'tool', 'socket', 'communication', 'texture', 'identify', 'diseased', 'crop', 'among', 'healthy', 'crop', 'simulate', 'setup']",incidence disease horticultural crop one affect production fruit vegetables flower regular monitoring crop diagnosis treatment pesticide removal affected crop minimize crop loss monitoring crop human labour costly consume error prone due insufficient knowledge disease highly repetitive crop growth motivate design line follow mobile robot vision sensor navigation across disease identification green house robot design simulate open source software know virtual robot platform v-rep crop program navigation lua script tool embed v-rep software capture image perform camera processing image identification disease representation graphical user interface gui algorithm matlab r2011b interact v-rep tool socket communication texture identify diseased crop among healthy crop simulate setup,102,204,2,0.85255575,"plant, model, image, fruit, leaf","Incidence of disease in horticultural crops is one of the important problems affecting the production of fruits, vegetables and flowers. Regular monitoring of crops for early diagnosis and treatment with pesticides or removal of the affected crop is some of the solution to minimize the crop loss. Monitoring of the crops by human labour is costly, time consuming, error prone due to insufficient knowledge of the disease and highly repetitive at different stages of crop growth. These needs have motivated to design a line following mobile robot with vision sensors for navigation across the field for disease identification in a green house. The robot has been designed and simulated in an open source software known as Virtual Robot Experimental Platform (V-REP) with experimental field of 40 crops. Programming for navigation is done in Lua scripting tool which is embedded with the V-REP software. Capturing of images has been performed using camera. Processing of images for identification of disease and its representation in a Graphical User Interface (GUI) has been done using an algorithm in MATLAB R2011B which interacts with V-REP tool through socket communication. Texture based analysis has been done to identify the diseased crops among the healthy crops in the simulated field setup.",3,"[{'text': 'Virtual Robot Experimental Platform', 'type': 'SPACY_ORG', 'start': 722, 'end': 757, 'source': 'core_web_sm'}, {'text': 'Lua', 'type': 'SPACY_PERSON', 'start': 841, 'end': 844, 'source': 'core_web_sm'}, {'text': 'the V-REP', 'type': 'SPACY_ORG', 'start': 883, 'end': 892, 'source': 'core_web_sm'}, {'text': 'Graphical User Interface', 'type': 'SPACY_ORG', 'start': 1035, 'end': 1059, 'source': 'core_web_sm'}, {'text': 'GUI', 'type': 'SPACY_ORG', 'start': 1061, 'end': 1064, 'source': 'core_web_sm'}, {'text': 'MATLAB', 'type': 'SPACY_ORG', 'start': 1102, 'end': 1108, 'source': 'core_web_sm'}, {'text': 'V-REP', 'type': 'SPACY_ORG', 'start': 1137, 'end': 1142, 'source': 'core_web_sm'}, {'text': 'texture', 'type': 'QUALITY_ATTRIBUTE', 'start': 1178, 'end': 1185, 'source': 'domain_dictionary'}]",8,0.125,0.75,0.125,0.0,METHODS,0.5306390620131621,9
VIHEWVJZ,conferencePaper,2020,"Sharath, D. M.; Kumar, S. Arun; Rohan, M. G.; Akhilesh; Suresh, K. V.; Prathap, C.",Disease detection in plants using convolutional neural network,"Proceedings of the 3rd International Conference on Smart Systems and Inventive Technology, ICSSIT 2020",10.1109/ICSSIT48917.2020.9214159,http://dx.doi.org/10.1109/ICSSIT48917.2020.9214159,"Majority population of the world depends on agriculture as their primary occupation to earn their income. If any problems occur in that primary sector, it is going to affect the livelihood of the population adversely. Hence, it is necessary to maintain the proper balance in the agriculture sector by preventing the same from adverse effects like drought, plant diseases etc. In agriculture sector, especially horticulture yield more income to the farmers than other crops. These crops are prone to many diseases very easily and manual detection of disease in crops is very much difficult in the early stage. To avoid errors due to manual detection of diseases, Machine learning methods are used. Image processing is done by capturing the infected region of image. The infected image is provided for enhancement followed by image segmentation. then, the segmented image is given as input for the classification using convolutional neural network. This entire process is going to take place over an Android platform. This Android application helps the farmers to identify the disease easily. This paper proposes the techniques involved in the detection of diseases in the very early stage using image processing and the classification is made using convolutional neural network. After the identification a proper solution are going to provide to combat the infection in a very early stage to the farmers. This will increase the income of the farmers.",2020,2026-01-24 00:34:03,2026-01-24 00:34:03,389-394,IEEE,/home/aalejoz25/Zotero/storage/GS97MTES/Sharath et al. - 2020 - Disease detection in plants using convolutional neural network.pdf,Image Processing; Activation Function; Convolutional neural networks; Gaussian Filter; Grabcut segmentation,disease detection in plants using convolutional neural network,"['disease', 'detection', 'in', 'plants', 'using', 'convolutional', 'neural', 'network']","['disease', 'convolutional']",disease convolutional,"[('disease', 'convolutional')]",8,62,2,[],"['majority', 'population', 'world', 'depend', 'agriculture', 'primary', 'occupation', 'earn', 'income', 'occur', 'primary', 'sector', 'affect', 'livelihood', 'population', 'adversely', 'necessary', 'maintain', 'proper', 'balance', 'agriculture', 'sector', 'prevent', 'adverse', 'effect', 'like', 'drought', 'plant', 'diseases', 'etc', 'agriculture', 'sector', 'horticulture', 'yield', 'income', 'farmer', 'crop', 'crop', 'prone', 'disease', 'easily', 'manual', 'detection', 'disease', 'crop', 'much', 'difficult', 'avoid', 'error', 'due', 'manual', 'detection', 'disease', 'machine', 'learn', 'method', 'image', 'process', 'capturing', 'infected', 'region', 'image', 'infect', 'image', 'enhancement', 'follow', 'image', 'segmentation', 'segment', 'image', 'give', 'input', 'classification', 'convolutional', 'neural', 'network', 'take', 'place', 'android', 'platform', 'android', 'application', 'help', 'farmer', 'identify', 'disease', 'easily', 'involve', 'detection', 'disease', 'image', 'processing', 'classification', 'make', 'convolutional', 'neural', 'network', 'identification', 'proper', 'combat', 'infection', 'farmer', 'income', 'farmer']",majority population world depend agriculture primary occupation earn income occur primary sector affect livelihood population adversely necessary maintain proper balance agriculture sector prevent adverse effect like drought plant diseases etc agriculture sector horticulture yield income farmer crop crop prone disease easily manual detection disease crop much difficult avoid error due manual detection disease machine learn method image process capturing infected region image infect image enhancement follow image segmentation segment image give input classification convolutional neural network take place android platform android application help farmer identify disease easily involve detection disease image processing classification make convolutional neural network identification proper combat infection farmer income farmer,104,230,2,0.73445827,"plant, model, image, fruit, leaf","Majority population of the world depends on agriculture as their primary occupation to earn their income. If any problems occur in that primary sector, it is going to affect the livelihood of the population adversely. Hence, it is necessary to maintain the proper balance in the agriculture sector by preventing the same from adverse effects like drought, plant diseases etc. In agriculture sector, especially horticulture yield more income to the farmers than other crops. These crops are prone to many diseases very easily and manual detection of disease in crops is very much difficult in the early stage. To avoid errors due to manual detection of diseases, Machine learning methods are used. Image processing is done by capturing the infected region of image. The infected image is provided for enhancement followed by image segmentation. then, the segmented image is given as input for the classification using convolutional neural network. This entire process is going to take place over an Android platform. This Android application helps the farmers to identify the disease easily. This paper proposes the techniques involved in the detection of diseases in the very early stage using image processing and the classification is made using convolutional neural network. After the identification a proper solution are going to provide to combat the infection in a very early stage to the farmers. This will increase the income of the farmers.",1,"[{'text': 'Machine', 'type': 'SPACY_ORG', 'start': 662, 'end': 669, 'source': 'core_web_sm'}, {'text': 'classification', 'type': 'ML_TECHNIQUE', 'start': 896, 'end': 910, 'source': 'domain_dictionary'}, {'text': 'neural network', 'type': 'ML_TECHNIQUE', 'start': 931, 'end': 945, 'source': 'domain_dictionary'}, {'text': 'Android', 'type': 'SPACY_ORG', 'start': 998, 'end': 1005, 'source': 'core_web_sm'}, {'text': 'Android', 'type': 'SPACY_ORG', 'start': 1021, 'end': 1028, 'source': 'core_web_sm'}, {'text': 'classification', 'type': 'ML_TECHNIQUE', 'start': 1219, 'end': 1233, 'source': 'domain_dictionary'}, {'text': 'neural network', 'type': 'ML_TECHNIQUE', 'start': 1262, 'end': 1276, 'source': 'domain_dictionary'}]",7,0.23255813953488372,0.7674418604651163,0.0,0.0,METHODS,0.39122206455907493,13
B4M8CMUX,conferencePaper,2022,"Krishna, Katiki Sai; Narayana, Gurugubelli V. S.",Early Blight and Late Blight Disease Prediction using CNN for Potato Leaves,"2022 2nd International Conference on Computer Science, Engineering and Applications, ICCSEA 2022",10.1109/ICCSEA54677.2022.9936100,http://dx.doi.org/10.1109/ICCSEA54677.2022.9936100,"A well-known vegetable crop farmed all throughout the world is the potato. The possibility of a large number of diseases, however, could also impair the harvest. In order to quickly deal with the crop, it is vital for the planter to recognise the type of contamination. It had been determined that the leaves were a simple indicator of many diseases. Many Machine Learning (ML) techniques as well as Convolution Neural Network (CNN) models are superior in the literature for the detection of tomato crop diseases. CNN models rely on deep learning and neural networks, which are superior than traditional machine learning methods like decision trees and kNN. Although well before CNN creates beautiful artwork, the wide range of subjects they cover renders them operationally intensive. This painting suggests a less complex CNN model with eight convolution layer At the publicly accessible dataset PlantVillage, the recommended compact model performs better than the standard machine learning techniques and pre-trained fashions with an accuracy of 98.4%. The PlantVillage dataset includes 39 classes of different crops, including tomato diseases. These crops include apple, potato, maize, grapes, and more. In comparison to VGG16, which has an amazing accuracy of 93% 5% in pretrained patterns, k-NN has the absolute best accuracy of 94% in conventional ML approaches. After image augmentation, picture pre-processing was used to improve the suggested CNN's overall performance by having the ability to modify the brightness of the image using the knowledge of a prospective variable involving a randomized width of the image. The suggested model, which has a 98% accuracy rate, is also incredibly effective with datasets other than PlantVillage.",2022-09,2026-01-24 00:34:03,2026-01-24 00:34:03,,IEEE,/home/aalejoz25/Zotero/storage/VECB56UH/Krishna and Narayana - 2022 - Early Blight and Late Blight Disease Prediction using CNN for Potato Leaves.pdf,Deep learning; and image pre-processing.; convolutional networks,early blight and late blight disease prediction using cnn for potato leaves,"['early', 'blight', 'and', 'late', 'blight', 'disease', 'prediction', 'using', 'cnn', 'for', 'potato', 'leaves']","['early', 'blight', 'late', 'blight', 'disease', 'prediction', 'cnn', 'potato']",early blight late blight disease prediction cnn potato,"[('early', 'blight'), ('blight', 'late'), ('late', 'blight'), ('blight', 'disease'), ('disease', 'prediction'), ('prediction', 'cnn'), ('cnn', 'potato')]",12,75,8,"[('early', 'blight', 'late'), ('blight', 'late', 'blight'), ('late', 'blight', 'disease'), ('blight', 'disease', 'prediction'), ('disease', 'prediction', 'cnn'), ('prediction', 'cnn', 'potato')]","['well-known', 'vegetable', 'crop', 'farm', 'throughout', 'world', 'potato', 'possibility', 'diseases', 'impair', 'harvest', 'order', 'quickly', 'deal', 'crop', 'vital', 'planter', 'recognise', 'contamination', 'determine', 'leaf', 'indicator', 'diseases', 'machine', 'learn', 'convolution', 'neural', 'network', 'cnn', 'superior', 'literature', 'detection', 'tomato', 'crop', 'diseases', 'cnn', 'rely', 'deep', 'learn', 'neural', 'network', 'superior', 'machine', 'learn', 'method', 'like', 'decision', 'tree', 'knn', 'cnn', 'creates', 'beautiful', 'artwork', 'wide', 'range', 'subject', 'cover', 'render', 'operationally', 'intensive', 'paint', 'less', 'cnn', 'model', 'eight', 'convolution', 'layer', 'publicly', 'accessible', 'dataset', 'plantvillage', 'recommend', 'compact', 'model', 'performs', 'standard', 'machine', 'learn', 'pre-trained', 'fashion', 'plantvillage', 'dataset', 'class', 'crop', 'tomato', 'disease', 'crop', 'apple', 'potato', 'maize', 'grape', 'vgg16', 'amaze', 'pretrained', 'pattern', 'k-nn', 'absolute', 'image', 'augmentation', 'picture', 'pre-processing', 'cnn', 'performance', 'ability', 'modify', 'brightness', 'image', 'knowledge', 'prospective', 'variable', 'involve', 'randomize', 'width', 'image', 'model', 'incredibly', 'datasets', 'plantvillage']",well-known vegetable crop farm throughout world potato possibility diseases impair harvest order quickly deal crop vital planter recognise contamination determine leaf indicator diseases machine learn convolution neural network cnn superior literature detection tomato crop diseases cnn rely deep learn neural network superior machine learn method like decision tree knn cnn creates beautiful artwork wide range subject cover render operationally intensive paint less cnn model eight convolution layer publicly accessible dataset plantvillage recommend compact model performs standard machine learn pre-trained fashion plantvillage dataset class crop tomato disease crop apple potato maize grape vgg16 amaze pretrained pattern k-nn absolute image augmentation picture pre-processing cnn performance ability modify brightness image knowledge prospective variable involve randomize width image model incredibly datasets plantvillage,118,268,4,0.47147512,"leaf, diseases, leave, trait, grape","A well-known vegetable crop farmed all throughout the world is the potato. The possibility of a large number of diseases, however, could also impair the harvest. In order to quickly deal with the crop, it is vital for the planter to recognise the type of contamination. It had been determined that the leaves were a simple indicator of many diseases. Many Machine Learning (ML) techniques as well as Convolution Neural Network (CNN) models are superior in the literature for the detection of tomato crop diseases. CNN models rely on deep learning and neural networks, which are superior than traditional machine learning methods like decision trees and kNN. Although well before CNN creates beautiful artwork, the wide range of subjects they cover renders them operationally intensive. This painting suggests a less complex CNN model with eight convolution layer At the publicly accessible dataset PlantVillage, the recommended compact model performs better than the standard machine learning techniques and pre-trained fashions with an accuracy of 98.4. The PlantVillage dataset includes 39 classes of different crops, including tomato diseases. These crops include apple, potato, maize, grapes, and more. In comparison to VGG16, which has an amazing accuracy of 93 5 in pretrained patterns, k-NN has the absolute best accuracy of 94 in conventional ML approaches. After image augmentation, picture pre-processing was used to improve the suggested CNN's overall performance by having the ability to modify the brightness of the image using the knowledge of a prospective variable involving a randomized width of the image. The suggested model, which has a 98 accuracy rate, is also incredibly effective with datasets other than PlantVillage.",5,"[{'text': 'potato', 'type': 'CROP_TYPE', 'start': 67, 'end': 73, 'source': 'domain_dictionary'}, {'text': 'Machine Learning', 'type': 'SPACY_PERSON', 'start': 356, 'end': 372, 'source': 'core_web_sm'}, {'text': 'ML', 'type': 'SPACY_ORG', 'start': 374, 'end': 376, 'source': 'core_web_sm'}, {'text': 'Convolution Neural Network', 'type': 'SPACY_ORG', 'start': 400, 'end': 426, 'source': 'core_web_sm'}, {'text': 'cnn', 'type': 'ML_TECHNIQUE', 'start': 428, 'end': 431, 'source': 'domain_dictionary'}, {'text': 'tomato', 'type': 'CROP_TYPE', 'start': 492, 'end': 498, 'source': 'domain_dictionary'}, {'text': 'cnn', 'type': 'ML_TECHNIQUE', 'start': 514, 'end': 517, 'source': 'domain_dictionary'}, {'text': 'deep learning', 'type': 'ML_TECHNIQUE', 'start': 533, 'end': 546, 'source': 'domain_dictionary'}, {'text': 'knn', 'type': 'ML_TECHNIQUE', 'start': 653, 'end': 656, 'source': 'domain_dictionary'}, {'text': 'cnn', 'type': 'ML_TECHNIQUE', 'start': 679, 'end': 682, 'source': 'domain_dictionary'}, {'text': 'cnn', 'type': 'ML_TECHNIQUE', 'start': 824, 'end': 827, 'source': 'domain_dictionary'}, {'text': 'PlantVillage', 'type': 'SPACY_ORG', 'start': 898, 'end': 910, 'source': 'core_web_sm'}, {'text': 'accuracy', 'type': 'METRIC', 'start': 1037, 'end': 1045, 'source': 'domain_dictionary'}, {'text': 'PlantVillage', 'type': 'SPACY_ORG', 'start': 1060, 'end': 1072, 'source': 'core_web_sm'}, {'text': 'tomato', 'type': 'CROP_TYPE', 'start': 1131, 'end': 1137, 'source': 'domain_dictionary'}, {'text': 'apple', 'type': 'SPACY_ORG', 'start': 1168, 'end': 1173, 'source': 'core_web_sm'}, {'text': 'potato', 'type': 'CROP_TYPE', 'start': 1175, 'end': 1181, 'source': 'domain_dictionary'}, {'text': 'vgg16', 'type': 'ML_MODEL', 'start': 1225, 'end': 1230, 'source': 'domain_dictionary'}, {'text': 'accuracy', 'type': 'METRIC', 'start': 1253, 'end': 1261, 'source': 'domain_dictionary'}, {'text': 'k-NN', 'type': 'SPACY_ORG', 'start': 1296, 'end': 1300, 'source': 'core_web_sm'}, {'text': 'accuracy', 'type': 'METRIC', 'start': 1323, 'end': 1331, 'source': 'domain_dictionary'}, {'text': 'ML', 'type': 'SPACY_ORG', 'start': 1355, 'end': 1357, 'source': 'core_web_sm'}, {'text': 'cnn', 'type': 'ML_TECHNIQUE', 'start': 1453, 'end': 1456, 'source': 'domain_dictionary'}, {'text': 'accuracy', 'type': 'METRIC', 'start': 1665, 'end': 1673, 'source': 'domain_dictionary'}, {'text': 'PlantVillage', 'type': 'SPACY_ORG', 'start': 1734, 'end': 1746, 'source': 'core_web_sm'}]",25,0.13513513513513514,0.5135135135135136,0.2702702702702703,0.08108108108108109,METHODS,0.843991119270503,13
RKDY6EXX,conferencePaper,2025,"Devi, K. Sumithra; Santhosh, M.",AI-Driven Gardening Assistant: Intelligent Plant Care and Disease Detection Using AI,"2025 8th International Conference on Circuit, Power and Computing Technologies, ICCPCT 2025",10.1109/ICCPCT65132.2025.11176616,http://dx.doi.org/10.1109/ICCPCT65132.2025.11176616,"The popularity of terrace and backyard gardening heightened the demand for smart, AI-enabled plant care and disease control. Here is presented the AI-Driven Gardening Assistant, an end-to-end solution that leverages computer vision and deep learning techniques for plant species identification, disease identification, and personalized care instructions. The assistant uses the YOLO algorithm, which is trained on a very large, augmented dataset covering multiple crop species, to ensure high-accuracy detection in diverse environmental conditions. A Retrieval-Augmented Generation (RAG) engine also powers an interactive chatbot through which users can ask expert, context-specific gardening advice from a highly curated knowledge base. Other than disease treatment, the assistant gives advice on terrace gardening methods and prevention. System implementation, deployment, and testing results are stated, and they indicate how the system can be applied to optimize terrace gardening using available AI-based assistance.",2025,2026-01-24 00:34:03,2026-01-24 00:34:03,1158-1162,IEEE,/home/aalejoz25/Zotero/storage/EUGFECS5/Devi and Santhosh - 2025 - AI-Driven Gardening Assistant Intelligent Plant Care and Disease Detection Using AI.pdf,Computer vision; Deep Learning; Retrieval-Augmented Generation (RAG); Terrace gardening; YOLO,aidriven gardening assistant intelligent plant care and disease detection using ai,"['aidriven', 'gardening', 'assistant', 'intelligent', 'plant', 'care', 'and', 'disease', 'detection', 'using', 'ai']","['aidriven', 'gardening', 'assistant', 'intelligent', 'care', 'disease']",aidriven gardening assistant intelligent care disease,"[('aidriven', 'gardening'), ('gardening', 'assistant'), ('assistant', 'intelligent'), ('intelligent', 'care'), ('care', 'disease')]",11,84,6,"[('aidriven', 'gardening', 'assistant'), ('gardening', 'assistant', 'intelligent'), ('assistant', 'intelligent', 'care'), ('intelligent', 'care', 'disease')]","['popularity', 'terrace', 'backyard', 'gardening', 'heighten', 'demand', 'smart', 'ai-enabled', 'plant', 'care', 'disease', 'control', 'present', 'ai-driven', 'garden', 'assistant', 'end-to-end', 'leverage', 'computer', 'vision', 'deep', 'learning', 'plant', 'specie', 'identification', 'disease', 'identification', 'personalize', 'care', 'instruction', 'assistant', 'yolo', 'algorithm', 'train', 'augmented', 'dataset', 'cover', 'crop', 'specie', 'ensure', 'high-accuracy', 'detection', 'diverse', 'environmental', 'condition', 'retrieval-augmented', 'generation', 'rag', 'engine', 'power', 'interactive', 'chatbot', 'user', 'ask', 'expert', 'context-specific', 'gardening', 'advice', 'highly', 'curated', 'knowledge', 'disease', 'treatment', 'assistant', 'give', 'advice', 'terrace', 'garden', 'method', 'prevention', 'system', 'deployment', 'test', 'stated', 'system', 'optimize', 'terrace', 'garden', 'available', 'ai-based', 'assistance']",popularity terrace backyard gardening heighten demand smart ai-enabled plant care disease control present ai-driven garden assistant end-to-end leverage computer vision deep learning plant specie identification disease identification personalize care instruction assistant yolo algorithm train augmented dataset cover crop specie ensure high-accuracy detection diverse environmental condition retrieval-augmented generation rag engine power interactive chatbot user ask expert context-specific gardening advice highly curated knowledge disease treatment assistant give advice terrace garden method prevention system deployment test stated system optimize terrace garden available ai-based assistance,81,137,2,0.8233093,"plant, model, image, fruit, leaf","The popularity of terrace and backyard gardening heightened the demand for smart, AI-enabled plant care and disease control. Here is presented the AI-Driven Gardening Assistant, an end-to-end solution that leverages computer vision and deep learning techniques for plant species identification, disease identification, and personalized care instructions. The assistant uses the YOLO algorithm, which is trained on a very large, augmented dataset covering multiple crop species, to ensure high-accuracy detection in diverse environmental conditions. A Retrieval-Augmented Generation (RAG) engine also powers an interactive chatbot through which users can ask expert, context-specific gardening advice from a highly curated knowledge base. Other than disease treatment, the assistant gives advice on terrace gardening methods and prevention. System implementation, deployment, and testing results are stated, and they indicate how the system can be applied to optimize terrace gardening using available AI-based assistance.",2,"[{'text': 'deep learning', 'type': 'ML_TECHNIQUE', 'start': 236, 'end': 249, 'source': 'domain_dictionary'}, {'text': 'yolo', 'type': 'ML_MODEL', 'start': 378, 'end': 382, 'source': 'domain_dictionary'}, {'text': 'accuracy', 'type': 'METRIC', 'start': 493, 'end': 501, 'source': 'domain_dictionary'}, {'text': 'AI', 'type': 'SPACY_GPE', 'start': 1001, 'end': 1003, 'source': 'core_web_sm'}]",4,0.06896551724137931,0.6620689655172414,0.20689655172413793,0.06206896551724138,METHODS,0.6895692898936144,6
2RTIKNLF,conferencePaper,2022,"Mubarokah, Ita; Laksono, Pujo; Cepy; Safitri, Ramadhani; Idris, Irman",Detection of Begomovirus Disease for Identification of Disease Severity Level in Tomato Leaves Using Convolutional Neural Network (CNN),"ISESD 2022 - 2022 International Symposium on Electronics and Smart Devices, Proceeding",10.1109/ISESD56103.2022.9980675,http://dx.doi.org/10.1109/ISESD56103.2022.9980675,"Tomato is one of the horticultural crops that have high demand in the community, which demands continuous increase in production and quality. On the other hand, cultivating and caring for tomato are not simple. The challenge frequently encountered by tomato farmers is the prevalence of diseases on tomato leave caused by bacteria, viruses, and fungus. If the diseases are not treated appropriately, these diseases will cause a decrease in production due to the poor quality of tomatoes. In this study, the optimized Convolutional Neural Network (CNN) model for classification and detection Begomovirus disease in tomato leave is proposed. The optimized model is obtained from the comparison of three types architectures: SSD Mobilenet V1 FPN, EfficientDet D1 and SSD Resnet 50 V1 FPN. For the purpose of this research, a dataset consisted of tomato leaves contracted with various stages of begomovirus has been collected and prepared to be used as training and validation. The dataset is grouped into 4 classes based on the severity level of the disease according to the scale of symptoms that occur in tomato leave. The Experimental results shows that the mAP value of SSD Mobilenet V1 FPN, SSD Resnet 50 V1 FPN and EfficientDet D1 model are 56.17%, 61.58% and 66.03%, respectively. The EfficientDet D1 model resulted in the highest mean Average Precision (mAP) value due to this model produced the lowest loss value of 0.1 compared to the other 2 models. The proposed model uses BiFPN method for feature extraction which resulted in higher accuracy compared to previous models which only used FPN. This performance was able to be achieved with much less number of layers.",2022-11,2026-01-24 00:34:03,2026-01-24 00:34:03,1-6,IEEE,/home/aalejoz25/Zotero/storage/ICQFAICL/Mubarokah et al. - 2022 - Detection of Begomovirus Disease for Identification of Disease Severity Level in Tomato Leaves Using.pdf,Begomovirus; Convolutional Neural Network (CNN); Disease Detection; mean Average Precission (mAP); Tomato,detection of begomovirus disease for identification of disease severity level in tomato leaves using convolutional neural network cnn,"['detection', 'of', 'begomovirus', 'disease', 'for', 'identification', 'of', 'disease', 'severity', 'level', 'in', 'tomato', 'leaves', 'using', 'convolutional', 'neural', 'network', 'cnn']","['begomovirus', 'disease', 'disease', 'severity', 'level', 'tomato', 'convolutional', 'cnn']",begomovirus disease disease severity level tomato convolutional cnn,"[('begomovirus', 'disease'), ('disease', 'disease'), ('disease', 'severity'), ('severity', 'level'), ('level', 'tomato'), ('tomato', 'convolutional'), ('convolutional', 'cnn')]",18,135,8,"[('begomovirus', 'disease', 'disease'), ('disease', 'disease', 'severity'), ('disease', 'severity', 'level'), ('severity', 'level', 'tomato'), ('level', 'tomato', 'convolutional'), ('tomato', 'convolutional', 'cnn')]","['tomato', 'one', 'horticultural', 'crop', 'demand', 'community', 'demand', 'continuous', 'production', 'quality', 'hand', 'cultivate', 'care', 'tomato', 'frequently', 'encounter', 'tomato', 'farmer', 'prevalence', 'disease', 'tomato', 'leave', 'cause', 'bacteria', 'virus', 'fungus', 'disease', 'treat', 'appropriately', 'diseases', 'cause', 'production', 'due', 'poor', 'quality', 'tomato', 'optimize', 'convolutional', 'neural', 'network', 'cnn', 'model', 'classification', 'detection', 'begomovirus', 'disease', 'tomato', 'leave', 'optimize', 'model', 'obtain', 'three', 'architecture', 'ssd', 'mobilenet', 'fpn', 'efficientdet', 'ssd', 'resnet', 'fpn', 'dataset', 'consist', 'tomato', 'leaf', 'contract', 'begomovirus', 'collect', 'prepared', 'training', 'validation', 'dataset', 'group', 'class', 'severity', 'disease', 'accord', 'scale', 'symptom', 'occur', 'tomato', 'leave', 'map', 'ssd', 'mobilenet', 'fpn', 'ssd', 'resnet', 'fpn', 'efficientdet', 'model', 'efficientdet', 'model', 'result', 'mean', 'precision', 'map', 'due', 'model', 'produce', 'loss', 'model', 'bifpn', 'method', 'feature', 'extraction', 'result', 'fpn', 'performance', 'able', 'much', 'less', 'layer']",tomato one horticultural crop demand community demand continuous production quality hand cultivate care tomato frequently encounter tomato farmer prevalence disease tomato leave cause bacteria virus fungus disease treat appropriately diseases cause production due poor quality tomato optimize convolutional neural network cnn model classification detection begomovirus disease tomato leave optimize model obtain three architecture ssd mobilenet fpn efficientdet ssd resnet fpn dataset consist tomato leaf contract begomovirus collect prepared training validation dataset group class severity disease accord scale symptom occur tomato leave map ssd mobilenet fpn ssd resnet fpn efficientdet model efficientdet model result mean precision map due model produce loss model bifpn method feature extraction result fpn performance able much less layer,112,271,2,0.6944787,"plant, model, image, fruit, leaf","Tomato is one of the horticultural crops that have high demand in the community, which demands continuous increase in production and quality. On the other hand, cultivating and caring for tomato are not simple. The challenge frequently encountered by tomato farmers is the prevalence of diseases on tomato leave caused by bacteria, viruses, and fungus. If the diseases are not treated appropriately, these diseases will cause a decrease in production due to the poor quality of tomatoes. In this study, the optimized Convolutional Neural Network (CNN) model for classification and detection Begomovirus disease in tomato leave is proposed. The optimized model is obtained from the comparison of three types architectures: SSD Mobilenet V1 FPN, EfficientDet D1 and SSD Resnet 50 V1 FPN. For the purpose of this research, a dataset consisted of tomato leaves contracted with various stages of begomovirus has been collected and prepared to be used as training and validation. The dataset is grouped into 4 classes based on the severity level of the disease according to the scale of symptoms that occur in tomato leave. The Experimental results shows that the mAP value of SSD Mobilenet V1 FPN, SSD Resnet 50 V1 FPN and EfficientDet D1 model are 56.17, 61.58 and 66.03, respectively. The EfficientDet D1 model resulted in the highest mean Average Precision (mAP) value due to this model produced the lowest loss value of 0.1 compared to the other 2 models. The proposed model uses BiFPN method for feature extraction which resulted in higher accuracy compared to previous models which only used FPN. This performance was able to be achieved with much less number of layers.",5,"[{'text': 'tomato', 'type': 'CROP_TYPE', 'start': 0, 'end': 6, 'source': 'domain_dictionary'}, {'text': 'tomato', 'type': 'CROP_TYPE', 'start': 188, 'end': 194, 'source': 'domain_dictionary'}, {'text': 'tomato', 'type': 'CROP_TYPE', 'start': 251, 'end': 257, 'source': 'domain_dictionary'}, {'text': 'tomato', 'type': 'CROP_TYPE', 'start': 299, 'end': 305, 'source': 'domain_dictionary'}, {'text': 'Convolutional Neural Network', 'type': 'SPACY_ORG', 'start': 517, 'end': 545, 'source': 'core_web_sm'}, {'text': 'cnn', 'type': 'ML_TECHNIQUE', 'start': 547, 'end': 550, 'source': 'domain_dictionary'}, {'text': 'classification', 'type': 'ML_TECHNIQUE', 'start': 562, 'end': 576, 'source': 'domain_dictionary'}, {'text': 'tomato', 'type': 'CROP_TYPE', 'start': 614, 'end': 620, 'source': 'domain_dictionary'}, {'text': 'SSD Mobilenet V1 FPN', 'type': 'SPACY_ORG', 'start': 722, 'end': 742, 'source': 'core_web_sm'}, {'text': 'EfficientDet D1', 'type': 'SPACY_PERSON', 'start': 744, 'end': 759, 'source': 'core_web_sm'}, {'text': 'ssd', 'type': 'ML_MODEL', 'start': 764, 'end': 767, 'source': 'domain_dictionary'}, {'text': 'resnet', 'type': 'ML_MODEL', 'start': 768, 'end': 774, 'source': 'domain_dictionary'}, {'text': 'tomato', 'type': 'CROP_TYPE', 'start': 843, 'end': 849, 'source': 'domain_dictionary'}, {'text': 'tomato', 'type': 'CROP_TYPE', 'start': 1104, 'end': 1110, 'source': 'domain_dictionary'}, {'text': 'Experimental', 'type': 'SPACY_ORG', 'start': 1122, 'end': 1134, 'source': 'core_web_sm'}, {'text': 'map', 'type': 'METRIC', 'start': 1158, 'end': 1161, 'source': 'domain_dictionary'}, {'text': 'SSD Mobilenet V1 FPN', 'type': 'SPACY_ORG', 'start': 1171, 'end': 1191, 'source': 'core_web_sm'}, {'text': 'ssd', 'type': 'ML_MODEL', 'start': 1193, 'end': 1196, 'source': 'domain_dictionary'}, {'text': 'resnet', 'type': 'ML_MODEL', 'start': 1197, 'end': 1203, 'source': 'domain_dictionary'}, {'text': 'EfficientDet D1', 'type': 'SPACY_PRODUCT', 'start': 1218, 'end': 1233, 'source': 'core_web_sm'}, {'text': 'mean average precision', 'type': 'METRIC', 'start': 1335, 'end': 1357, 'source': 'domain_dictionary'}, {'text': 'map', 'type': 'METRIC', 'start': 1359, 'end': 1362, 'source': 'domain_dictionary'}, {'text': 'BiFPN', 'type': 'SPACY_ORG', 'start': 1482, 'end': 1487, 'source': 'core_web_sm'}, {'text': 'feature extraction', 'type': 'ML_TECHNIQUE', 'start': 1499, 'end': 1517, 'source': 'domain_dictionary'}, {'text': 'accuracy', 'type': 'METRIC', 'start': 1543, 'end': 1551, 'source': 'domain_dictionary'}, {'text': 'FPN', 'type': 'SPACY_ORG', 'start': 1596, 'end': 1599, 'source': 'core_web_sm'}]",26,0.08810572687224671,0.6079295154185023,0.26431718061674014,0.03964757709251102,METHODS,0.7186537638797676,12
SS3NNKNJ,conferencePaper,2025,"Narayana, Dasari Varshith; Pakruddin, B.; Reddy, Y. Vikranth; Chikmurge, Anant; Mayur, R.; Lokesh, T.",Performance Analysis of Machine and Deep Learning Techniques for Pomegranate Fruit Disease Detection and Classification,2025 International Conference on Next Generation Communication &amp; Information Processing (INCIP),10.1109/incip64058.2025.11020033,http://dx.doi.org/10.1109/INCIP64058.2025.11020033,,2025,2026-01-24 00:34:03,2026-01-24 00:34:03,628-633,IEEE,/home/aalejoz25/Zotero/storage/RCEDFU7D/Narayana et al. - 2025 - Performance Analysis of Machine and Deep Learning Techniques for Pomegranate Fruit Disease Detection.pdf,,performance analysis of machine and deep learning techniques for pomegranate fruit disease detection and classification,"['performance', 'analysis', 'of', 'machine', 'and', 'deep', 'learning', 'techniques', 'for', 'pomegranate', 'fruit', 'disease', 'detection', 'and', 'classification']","['technique', 'pomegranate', 'fruit', 'disease']",technique pomegranate fruit disease,"[('technique', 'pomegranate'), ('pomegranate', 'fruit'), ('fruit', 'disease')]",15,119,4,"[('technique', 'pomegranate', 'fruit'), ('pomegranate', 'fruit', 'disease')]",[],,0,0,,,,,,[],0,0.0,0.0,0.0,0.0,UNKNOWN,0.0,0
V8F3LMY3,journalArticle,2023,"Bhat, Muzafar Rasool; Assad, Assif; Dar, B. N.; Ahanger, Abdul Naffi; Kundroo, Majid; Dar, Rayees Ahmad; Ahanger, Abdul Basit; Bhat, Z. A.",Apple diseases: detection and classification using transfer learning,Quality Assurance and Safety of Crops and Foods,10.15586/qas.v15iSP1.1167,http://dx.doi.org/10.15586/qas.v15iSP1.1167,"Human diagnosis of horticultural diseases comes with added monetary costs in the shape of time, cost, and accessibility, with still considerable possibilities of misdiagnosis. Most common plant diseases present visually recognizable symptoms like change in color, shape, or texture. Deep learning is known to work with such accuracy and precision in recognizing patterns in such visual symptoms that rivals human diagnosis. We specifically designed a deep learning–based multi-class classification model AppleNet to include extra apple plant diseases, which has not been the case with other previously designed models. Our model takes advantage of transfer learning techniques by implementing ResNET 50 Convolutional Neural Network pretrained on image-net dataset. The knowledge of features learned by ResNET 50 is being used to extract features from our dataset. This technique takes advantage of knowledge learned on a larger and more diverse dataset and also saves precious computational resources and time in training on a relatively lesser data. The hyper-parameters were uniquely fine-tuned to maximize the model efficiency. We created our own dataset from the images taken directly from the trees, which, unlike the publicly available datasets created in a controlled setting with smooth (white) background, has been created in a real world environment and includes background noise as well. This helped us train our model in a more realistic way. The results of experimentation on a collected dataset of 2897 images with data augmentation demonstrated that AppleNet can be efficiently used for apple disease detection with a classification accuracy of 96.00%. To examine the effectiveness of our proposed approach, we compared our model with other pretrained models and a baseline model created from scratch. Results of the experiment demonstrate that transfer learning improves the performance of deep learning models and using pretrained models based on residual neural network architectures gives remarkable results as compared to other pretrained models. The mean difference in classification accuracies between our proposed model AppleNet and other experimental models was 21.54%.",2023-07,2026-01-24 00:34:03,2026-01-24 00:34:03,27-37,Codon Publications,/home/aalejoz25/Zotero/storage/5DN39FWA/Bhat et al. - 2023 - Apple diseases detection and classification using transfer learning.pdf,convolutional neural network; apple disease detection; artificial intelligence; deep learning; horticulture; image augmentation; malus pumila; transfer learning,apple diseases detection and classification using transfer learning,"['apple', 'diseases', 'detection', 'and', 'classification', 'using', 'transfer', 'learning']","['apple', 'disease', 'transfer']",apple disease transfer,"[('apple', 'disease'), ('disease', 'transfer')]",8,68,3,"[('apple', 'disease', 'transfer')]","['human', 'diagnosis', 'horticultural', 'disease', 'come', 'added', 'monetary', 'cost', 'shape', 'cost', 'accessibility', 'still', 'considerable', 'possibility', 'misdiagnosis', 'common', 'plant', 'disease', 'present', 'visually', 'recognizable', 'symptom', 'like', 'change', 'color', 'shape', 'texture', 'deep', 'learning', 'know', 'precision', 'recognize', 'pattern', 'visual', 'symptom', 'rival', 'human', 'diagnosis', 'design', 'deep', 'learning-based', 'multi-class', 'classification', 'model', 'applenet', 'extra', 'apple', 'plant', 'disease', 'design', 'model', 'take', 'transfer', 'learn', 'implement', 'resnet', 'convolutional', 'neural', 'network', 'pretrained', 'image-net', 'dataset', 'knowledge', 'feature', 'learn', 'resnet', 'extract', 'feature', 'dataset', 'take', 'knowledge', 'learn', 'large', 'diverse', 'dataset', 'save', 'precious', 'computational', 'resource', 'train', 'relatively', 'less', 'data', 'hyper-parameters', 'uniquely', 'fine-tuned', 'maximize', 'model', 'efficiency', 'create', 'dataset', 'image', 'take', 'directly', 'tree', 'publicly', 'available', 'datasets', 'create', 'controlled', 'set', 'smooth', 'white', 'background', 'create', 'world', 'environment', 'background', 'noise', 'help', 'train', 'model', 'experimentation', 'collect', 'dataset', 'image', 'data', 'augmentation', 'applenet', 'efficiently', 'apple', 'disease', 'detection', 'classification', 'effectiveness', 'model', 'pretrained', 'model', 'create', 'scratch', 'transfer', 'learn', 'performance', 'deep', 'learning', 'pretrained', 'residual', 'neural', 'network', 'architecture', 'give', 'remarkable', 'pretrained', 'mean', 'difference', 'classification', 'accuracy', 'model', 'applenet']",human diagnosis horticultural disease come added monetary cost shape cost accessibility still considerable possibility misdiagnosis common plant disease present visually recognizable symptom like change color shape texture deep learning know precision recognize pattern visual symptom rival human diagnosis design deep learning-based multi-class classification model applenet extra apple plant disease design model take transfer learn implement resnet convolutional neural network pretrained image-net dataset knowledge feature learn resnet extract feature dataset take knowledge learn large diverse dataset save precious computational resource train relatively less data hyper-parameters uniquely fine-tuned maximize model efficiency create dataset image take directly tree publicly available datasets create controlled set smooth white background create world environment background noise help train model experimentation collect dataset image data augmentation applenet efficiently apple disease detection classification effectiveness model pretrained model create scratch transfer learn performance deep learning pretrained residual neural network architecture give remarkable pretrained mean difference classification accuracy model applenet,149,321,2,0.9968859,"plant, model, image, fruit, leaf","Human diagnosis of horticultural diseases comes with added monetary costs in the shape of time, cost, and accessibility, with still considerable possibilities of misdiagnosis. Most common plant diseases present visually recognizable symptoms like change in color, shape, or texture. Deep learning is known to work with such accuracy and precision in recognizing patterns in such visual symptoms that rivals human diagnosis. We specifically designed a deep learningbased multi-class classification model AppleNet to include extra apple plant diseases, which has not been the case with other previously designed models. Our model takes advantage of transfer learning techniques by implementing ResNET 50 Convolutional Neural Network pretrained on image-net dataset. The knowledge of features learned by ResNET 50 is being used to extract features from our dataset. This technique takes advantage of knowledge learned on a larger and more diverse dataset and also saves precious computational resources and time in training on a relatively lesser data. The hyper-parameters were uniquely fine-tuned to maximize the model efficiency. We created our own dataset from the images taken directly from the trees, which, unlike the publicly available datasets created in a controlled setting with smooth (white) background, has been created in a real world environment and includes background noise as well. This helped us train our model in a more realistic way. The results of experimentation on a collected dataset of 2897 images with data augmentation demonstrated that AppleNet can be efficiently used for apple disease detection with a classification accuracy of 96.00. To examine the effectiveness of our proposed approach, we compared our model with other pretrained models and a baseline model created from scratch. Results of the experiment demonstrate that transfer learning improves the performance of deep learning models and using pretrained models based on residual neural network architectures gives remarkable results as compared to other pretrained models. The mean difference in classification accuracies between our proposed model AppleNet and other experimental models was 21.54.",7,"[{'text': 'shape', 'type': 'QUALITY_ATTRIBUTE', 'start': 81, 'end': 86, 'source': 'domain_dictionary'}, {'text': 'color', 'type': 'QUALITY_ATTRIBUTE', 'start': 257, 'end': 262, 'source': 'domain_dictionary'}, {'text': 'shape', 'type': 'QUALITY_ATTRIBUTE', 'start': 264, 'end': 269, 'source': 'domain_dictionary'}, {'text': 'texture', 'type': 'QUALITY_ATTRIBUTE', 'start': 274, 'end': 281, 'source': 'domain_dictionary'}, {'text': 'deep learning', 'type': 'ML_TECHNIQUE', 'start': 283, 'end': 296, 'source': 'domain_dictionary'}, {'text': 'accuracy', 'type': 'METRIC', 'start': 324, 'end': 332, 'source': 'domain_dictionary'}, {'text': 'precision', 'type': 'METRIC', 'start': 337, 'end': 346, 'source': 'domain_dictionary'}, {'text': 'deep learning', 'type': 'ML_TECHNIQUE', 'start': 451, 'end': 464, 'source': 'domain_dictionary'}, {'text': 'classification', 'type': 'ML_TECHNIQUE', 'start': 483, 'end': 497, 'source': 'domain_dictionary'}, {'text': 'AppleNet', 'type': 'SPACY_ORG', 'start': 504, 'end': 512, 'source': 'core_web_sm'}, {'text': 'transfer learning', 'type': 'ML_TECHNIQUE', 'start': 648, 'end': 665, 'source': 'domain_dictionary'}, {'text': 'resnet', 'type': 'ML_MODEL', 'start': 693, 'end': 699, 'source': 'domain_dictionary'}, {'text': 'Convolutional Neural Network', 'type': 'SPACY_ORG', 'start': 703, 'end': 731, 'source': 'core_web_sm'}, {'text': 'resnet', 'type': 'ML_MODEL', 'start': 802, 'end': 808, 'source': 'domain_dictionary'}, {'text': 'data augmentation', 'type': 'ML_TECHNIQUE', 'start': 1529, 'end': 1546, 'source': 'domain_dictionary'}, {'text': 'AppleNet', 'type': 'SPACY_ORG', 'start': 1565, 'end': 1573, 'source': 'core_web_sm'}, {'text': 'classification', 'type': 'ML_TECHNIQUE', 'start': 1633, 'end': 1647, 'source': 'domain_dictionary'}, {'text': 'accuracy', 'type': 'METRIC', 'start': 1648, 'end': 1656, 'source': 'domain_dictionary'}, {'text': 'transfer learning', 'type': 'ML_TECHNIQUE', 'start': 1860, 'end': 1877, 'source': 'domain_dictionary'}, {'text': 'deep learning', 'type': 'ML_TECHNIQUE', 'start': 1906, 'end': 1919, 'source': 'domain_dictionary'}, {'text': 'neural network', 'type': 'ML_TECHNIQUE', 'start': 1973, 'end': 1987, 'source': 'domain_dictionary'}, {'text': 'classification', 'type': 'ML_TECHNIQUE', 'start': 2090, 'end': 2104, 'source': 'domain_dictionary'}, {'text': 'AppleNet', 'type': 'SPACY_ORG', 'start': 2143, 'end': 2151, 'source': 'core_web_sm'}]",23,0.04070556309362279,0.7327001356852103,0.18995929443690637,0.036635006784260515,METHODS,0.5733650682980642,14
CJU9G2MY,conferencePaper,2024,"B, Sundarambal; S, Manju; R, Aarthi",PlantMed - An Automated App for Monitoring the Tasks of Farmers,2024 International Conference on Smart Technologies for Sustainable Development Goals (ICSTSDG),10.1109/icstsdg61998.2024.11026485,http://dx.doi.org/10.1109/ICSTSDG61998.2024.11026485,,2024-11,2026-01-24 00:34:03,2026-01-24 00:34:03,1-8,IEEE,/home/aalejoz25/Zotero/storage/BHXCVQWW/B et al. - 2024 - PlantMed - An Automated App for Monitoring the Tasks of Farmers.pdf,,plantmed an automated app for monitoring the tasks of farmers,"['plantmed', 'an', 'automated', 'app', 'for', 'monitoring', 'the', 'tasks', 'of', 'farmers']","['plantmed', 'app', 'task', 'farmer']",plantmed app task farmer,"[('plantmed', 'app'), ('app', 'task'), ('task', 'farmer')]",11,63,4,"[('plantmed', 'app', 'task'), ('app', 'task', 'farmer')]",[],,0,0,,,,,,[],0,0.0,0.0,0.0,0.0,UNKNOWN,0.0,0
Z29XNUHV,journalArticle,2021,"Patel, Jitali; Patel, Ruhi; Shah, Saumya; Patel, Jigna",BIG DATA ANALYTICS FOR ADVANCED VITICULTURE,Scalable Computing,10.12694/SCPE.V22I3.1856,http://dx.doi.org/10.12694/SCPE.V22I3.1856,"Big data analytics involve a systematic approach to find hidden patterns to help the organization grow from large volume and variety of data. In recent years big data analytics is widely used in the agricultural domain to improve yield. Viticulture (the cultivation of grapes) is one of the most lucrative farming in India. It is a subdivision of horticulture and is the study of wine growing. The demand for Indian Wine is increasing at about 27% each year since the 21st century and thus more and more ways are being developed to improve the quality and quantity of the wine products. In this paper, we focus on a specific agricultural practice as viticulture. Weather forecasting and disease detection are the two main research areas in precision viticulture. Leaf disease detection as a part of plant pathology is the key research area in this paper. It can be applied on vineyards of India where farmers are bereft of the latest technologies. Proposed system architecture comprises four modules: Data collection, data preprocessing, classification and visualization. Database module involves grape leaf dataset, consists of healthy images combined with disease leaves such as Black measles, Black rot, and Leaf blight. Models have been implemented on Apache Hadoop using map reduce programming framework. It applies feature extraction to extract various features of the live images and classification algorithm with reduced computational complexity. Gray Level Co-occurrence Matrix (GLCM) followed by K-Nearest Neighborhood (KNN) algorithm. The system also recommends the necessary steps and remedies that the viticulturists can take to assure that the grapes can be salvaged at the right time and in the right manner based on classification results. The overall system will help Indian viticulturists to improve the harvesting process. Accuracy of the model is 82%, and it can be increased as a future work by including deep learning with time-series grape leaf images.",2021-11,2026-01-24 00:34:03,2026-01-24 00:34:03,302-312,Scalable Computing: Practice and Experience,/home/aalejoz25/Zotero/storage/CMI8EN4Q/Patel et al. - 2021 - BIG DATA ANALYTICS FOR ADVANCED VITICULTURE.pdf,Disease Detection; Big Data; Viticlture,big data analytics for advanced viticulture,"['big', 'data', 'analytics', 'for', 'advanced', 'viticulture']","['big', 'analytics', 'advanced', 'viticulture']",big analytics advanced viticulture,"[('big', 'analytics'), ('analytics', 'advanced'), ('advanced', 'viticulture')]",6,43,4,"[('big', 'analytics', 'advanced'), ('analytics', 'advanced', 'viticulture')]","['big', 'data', 'analytics', 'involve', 'systematic', 'hidden', 'pattern', 'help', 'organization', 'grow', 'volume', 'variety', 'data', 'big', 'data', 'analytics', 'widely', 'agricultural', 'yield', 'viticulture', 'cultivation', 'grapes', 'one', 'lucrative', 'farm', 'india', 'subdivision', 'horticulture', 'wine', 'grow', 'demand', 'indian', 'wine', 'increase', 'since', '21st', 'century', 'develop', 'quality', 'quantity', 'wine', 'product', 'specific', 'agricultural', 'practice', 'viticulture', 'weather', 'forecast', 'disease', 'detection', 'two', 'precision', 'viticulture', 'leaf', 'disease', 'detection', 'plant', 'pathology', 'vineyard', 'india', 'farmer', 'bereft', 'technology', 'system', 'architecture', 'comprise', 'four', 'module', 'data', 'collection', 'data', 'preprocessing', 'classification', 'visualization', 'database', 'module', 'involve', 'grape', 'leaf', 'dataset', 'consist', 'healthy', 'image', 'combine', 'disease', 'leave', 'black', 'measles', 'black', 'rot', 'leaf', 'blight', 'implement', 'apache', 'hadoop', 'map', 'program', 'feature', 'extraction', 'extract', 'feature', 'live', 'image', 'classification', 'algorithm', 'computational', 'complexity', 'gray', 'co-occurrence', 'matrix', 'glcm', 'follow', 'k-nearest', 'neighborhood', 'knn', 'algorithm', 'system', 'recommend', 'necessary', 'remedy', 'viticulturist', 'take', 'assure', 'grape', 'salvage', 'right', 'right', 'manner', 'classification', 'system', 'help', 'indian', 'viticulturist', 'harvest', 'model', 'deep', 'learn', 'time-series', 'grape', 'leaf', 'image']",big data analytics involve systematic hidden pattern help organization grow volume variety data big data analytics widely agricultural yield viticulture cultivation grapes one lucrative farm india subdivision horticulture wine grow demand indian wine increase since 21st century develop quality quantity wine product specific agricultural practice viticulture weather forecast disease detection two precision viticulture leaf disease detection plant pathology vineyard india farmer bereft technology system architecture comprise four module data collection data preprocessing classification visualization database module involve grape leaf dataset consist healthy image combine disease leave black measles black rot leaf blight implement apache hadoop map program feature extraction extract feature live image classification algorithm computational complexity gray co-occurrence matrix glcm follow k-nearest neighborhood knn algorithm system recommend necessary remedy viticulturist take assure grape salvage right right manner classification system help indian viticulturist harvest model deep learn time-series grape leaf image,141,309,2,0.64946544,"plant, model, image, fruit, leaf","Big data analytics involve a systematic approach to find hidden patterns to help the organization grow from large volume and variety of data. In recent years big data analytics is widely used in the agricultural domain to improve yield. Viticulture (the cultivation of grapes) is one of the most lucrative farming in India. It is a subdivision of horticulture and is the study of wine growing. The demand for Indian Wine is increasing at about 27 each year since the 21st century and thus more and more ways are being developed to improve the quality and quantity of the wine products. In this paper, we focus on a specific agricultural practice as viticulture. Weather forecasting and disease detection are the two main research areas in precision viticulture. Leaf disease detection as a part of plant pathology is the key research area in this paper. It can be applied on vineyards of India where farmers are bereft of the latest technologies. Proposed system architecture comprises four modules: Data collection, data preprocessing, classification and visualization. Database module involves grape leaf dataset, consists of healthy images combined with disease leaves such as Black measles, Black rot, and Leaf blight. Models have been implemented on Apache Hadoop using map reduce programming framework. It applies feature extraction to extract various features of the live images and classification algorithm with reduced computational complexity. Gray Level Co-occurrence Matrix (GLCM) followed by K-Nearest Neighborhood (KNN) algorithm. The system also recommends the necessary steps and remedies that the viticulturists can take to assure that the grapes can be salvaged at the right time and in the right manner based on classification results. The overall system will help Indian viticulturists to improve the harvesting process. Accuracy of the model is 82, and it can be increased as a future work by including deep learning with time-series grape leaf images.",8,"[{'text': 'volume', 'type': 'QUALITY_ATTRIBUTE', 'start': 114, 'end': 120, 'source': 'domain_dictionary'}, {'text': 'India', 'type': 'SPACY_GPE', 'start': 317, 'end': 322, 'source': 'core_web_sm'}, {'text': 'Indian Wine', 'type': 'SPACY_PERSON', 'start': 409, 'end': 420, 'source': 'core_web_sm'}, {'text': 'precision', 'type': 'METRIC', 'start': 740, 'end': 749, 'source': 'domain_dictionary'}, {'text': 'India', 'type': 'SPACY_GPE', 'start': 889, 'end': 894, 'source': 'core_web_sm'}, {'text': 'classification', 'type': 'ML_TECHNIQUE', 'start': 1038, 'end': 1052, 'source': 'domain_dictionary'}, {'text': 'black rot', 'type': 'DISEASE', 'start': 1196, 'end': 1205, 'source': 'domain_dictionary'}, {'text': 'Apache Hadoop', 'type': 'SPACY_ORG', 'start': 1256, 'end': 1269, 'source': 'core_web_sm'}, {'text': 'map', 'type': 'METRIC', 'start': 1276, 'end': 1279, 'source': 'domain_dictionary'}, {'text': 'feature extraction', 'type': 'ML_TECHNIQUE', 'start': 1321, 'end': 1339, 'source': 'domain_dictionary'}, {'text': 'classification', 'type': 'ML_TECHNIQUE', 'start': 1391, 'end': 1405, 'source': 'domain_dictionary'}, {'text': 'Gray Level Co-occurrence', 'type': 'SPACY_ORG', 'start': 1455, 'end': 1479, 'source': 'core_web_sm'}, {'text': 'GLCM', 'type': 'SPACY_ORG', 'start': 1488, 'end': 1492, 'source': 'core_web_sm'}, {'text': 'K-Nearest Neighborhood', 'type': 'SPACY_ORG', 'start': 1506, 'end': 1528, 'source': 'core_web_sm'}, {'text': 'knn', 'type': 'ML_TECHNIQUE', 'start': 1530, 'end': 1533, 'source': 'domain_dictionary'}, {'text': 'classification', 'type': 'ML_TECHNIQUE', 'start': 1732, 'end': 1746, 'source': 'domain_dictionary'}, {'text': 'accuracy', 'type': 'METRIC', 'start': 1842, 'end': 1850, 'source': 'domain_dictionary'}, {'text': 'deep learning', 'type': 'ML_TECHNIQUE', 'start': 1926, 'end': 1939, 'source': 'domain_dictionary'}]",18,0.12269938650306748,0.5521472392638036,0.21472392638036808,0.11042944785276074,METHODS,0.8360545793225415,17
D7ZE3CIA,conferencePaper,2018,"Arya, M. S.; Anjali, K.; Unni, Divya",Detection of unhealthy plant leaves using image processing and genetic algorithm with Arduino,"EPSCICON 2018 - 4th International Conference on Power, Signals, Control and Computation",10.1109/EPSCICON.2018.8379584,http://dx.doi.org/10.1109/EPSCICON.2018.8379584,"India is an agricultural country and about seventy percent of our population depends on agriculture. One-third of our national income comes from agriculture. So the disease detection of plants plays an important role in the agricultural field. Majority of the plant diseases are caused by the attack of bacteria, fungi, virus etc. If proper care is not taken in this area, it may lead to serious effects on plants and adversely affects the productivity and quality. To detect, the plant diseases we need a fast automatic way. The main approach adopted in practice for detection and identification of plant diseases is naked eye observation through experts. The decision making capability of an expert also depends on his/her physical condition, such as fatigue and eye sight, work pressure, climate etc. So this method is time consuming and less efficient. Here, a project is proposed with an idea of detecting plant diseases using image processing. Image processing toolbox of Matlab is used for measuring affected area of disease and to determine the difference in the color of the disease affected area. This concept can be extended to detect the symptoms of any type of plant diseases that is affected on different horticulture crops. The algorithm can be used to classify the leaves and the classified outcomes are separated using Arduino based conveyor belt system. This reduces an important task of monitoring of farms crops at very early stage itself to detect the symptom of diseases appear on plant leaves.",2018,2026-01-24 00:34:04,2026-01-24 00:34:04,1-5,IEEE,/home/aalejoz25/Zotero/storage/PQFXTBMN/Arya et al. - 2018 - Detection of unhealthy plant leaves using image processing and genetic algorithm with Arduino.pdf,Image processing; Arduino; Conveyor belt; Genetic algorithm; Matlab,detection of unhealthy plant leaves using image processing and genetic algorithm with arduino,"['detection', 'of', 'unhealthy', 'plant', 'leaves', 'using', 'image', 'processing', 'and', 'genetic', 'algorithm', 'with', 'arduino']","['unhealthy', 'genetic', 'arduino']",unhealthy genetic arduino,"[('unhealthy', 'genetic'), ('genetic', 'arduino')]",13,93,3,"[('unhealthy', 'genetic', 'arduino')]","['india', 'agricultural', 'country', 'seventy', 'population', 'depend', 'agriculture', 'one-third', 'national', 'income', 'come', 'agriculture', 'disease', 'detection', 'plant', 'play', 'role', 'agricultural', 'majority', 'plant', 'disease', 'cause', 'attack', 'bacteria', 'fungi', 'virus', 'etc', 'proper', 'care', 'take', 'lead', 'serious', 'effect', 'plant', 'adversely', 'affect', 'productivity', 'quality', 'detect', 'plant', 'diseases', 'fast', 'automatic', 'adopt', 'practice', 'detection', 'identification', 'plant', 'diseases', 'naked', 'eye', 'observation', 'expert', 'decision', 'make', 'capability', 'expert', 'depend', 'physical', 'condition', 'fatigue', 'eye', 'sight', 'pressure', 'climate', 'etc', 'method', 'consume', 'less', 'project', 'idea', 'detect', 'plant', 'disease', 'image', 'processing', 'image', 'processing', 'toolbox', 'matlab', 'measure', 'affected', 'disease', 'determine', 'difference', 'color', 'disease', 'affect', 'concept', 'extend', 'detect', 'symptom', 'plant', 'disease', 'affect', 'horticulture', 'crop', 'algorithm', 'classify', 'leaf', 'classify', 'separated', 'arduino', 'conveyor', 'belt', 'system', 'monitor', 'farm', 'crop', 'detect', 'symptom', 'disease', 'appear', 'plant', 'leaf']",india agricultural country seventy population depend agriculture one-third national income come agriculture disease detection plant play role agricultural majority plant disease cause attack bacteria fungi virus etc proper care take lead serious effect plant adversely affect productivity quality detect plant diseases fast automatic adopt practice detection identification plant diseases naked eye observation expert decision make capability expert depend physical condition fatigue eye sight pressure climate etc method consume less project idea detect plant disease image processing image processing toolbox matlab measure affected disease determine difference color disease affect concept extend detect symptom plant disease affect horticulture crop algorithm classify leaf classify separated arduino conveyor belt system monitor farm crop detect symptom disease appear plant leaf,115,247,2,0.58256435,"plant, model, image, fruit, leaf","India is an agricultural country and about seventy percent of our population depends on agriculture. One-third of our national income comes from agriculture. So the disease detection of plants plays an important role in the agricultural field. Majority of the plant diseases are caused by the attack of bacteria, fungi, virus etc. If proper care is not taken in this area, it may lead to serious effects on plants and adversely affects the productivity and quality. To detect, the plant diseases we need a fast automatic way. The main approach adopted in practice for detection and identification of plant diseases is naked eye observation through experts. The decision making capability of an expert also depends on hisher physical condition, such as fatigue and eye sight, work pressure, climate etc. So this method is time consuming and less efficient. Here, a project is proposed with an idea of detecting plant diseases using image processing. Image processing toolbox of Matlab is used for measuring affected area of disease and to determine the difference in the color of the disease affected area. This concept can be extended to detect the symptoms of any type of plant diseases that is affected on different horticulture crops. The algorithm can be used to classify the leaves and the classified outcomes are separated using Arduino based conveyor belt system. This reduces an important task of monitoring of farms crops at very early stage itself to detect the symptom of diseases appear on plant leaves.",3,"[{'text': 'India', 'type': 'SPACY_GPE', 'start': 0, 'end': 5, 'source': 'core_web_sm'}, {'text': 'Matlab', 'type': 'SPACY_ORG', 'start': 978, 'end': 984, 'source': 'core_web_sm'}, {'text': 'color', 'type': 'QUALITY_ATTRIBUTE', 'start': 1071, 'end': 1076, 'source': 'domain_dictionary'}, {'text': 'Arduino', 'type': 'SPACY_ORG', 'start': 1336, 'end': 1343, 'source': 'core_web_sm'}]",4,0.0,0.7999999999999999,0.0,0.2,METHODS,0.3609640472994117,12
RGVX6P9X,document,2025,"Mushtaq, Muhammad Ahtasham; Ateeq, Muhammad; Ikram, Muhammad; Alam, Shariq Mahmood; Kaleem, Muhammad Mohsin; Ashraf, Muhammad Atiq; Asim, Muhammad; Almutairi, Khalid F.; Seleiman, Mahmoud F.; Shireen, Fareeha",Securing fruit trees future: AI-driven early warning and predictive systems for abiotic stress in changing climate,,10.1016/j.stress.2025.100953,http://dx.doi.org/10.1016/j.stress.2025.100953,"Horticultural fruit crops are important product for global food security as they provide important macro and micronutrients. Emerging abiotic stresses—drought, salinity, temperature extremes, and waterlogging—threaten crop productivity by disrupting key physiological processes, challenging sustainable agriculture under climate change. Traditionally, these challenges are tackled through physiological strategies and conventional breeding methods; which lacks scalability, adaptability, and real-time feedback. Advancement in technology, distinctly artificial intelligence (AI), and machine learning have revolutionized precision farming in agriculture. AI integrated approaches such as stress prediction, irrigation optimization, and image-based phenotyping have enhanced agriculture, while machine learning models like Random Forest and Gradient Boosting improve stress management. However, the acquiring of such AI based system in horticultural crops still faces numerous challenges. Specifically, multi-omics, data accessibility, algorithmic biases, the cost of implementation and requirements for robust training programs need to integrate for sustainable agriculture. Addressing these barriers is essential to enable the effective integration of AI technologies for resilient, carbon-neutral fruit production under climate stress. This review highlights recent developments in AI-driven stress detection, predictive modeling, remote sensing, and machine learning frameworks that support precision horticulture and climate-smart agriculture.",2025-09,2026-01-24 00:34:04,2026-01-24 00:34:04,,Elsevier BV,/home/aalejoz25/Zotero/storage/2W6BQI5G/Mushtaq et al. - 2025 - Securing fruit trees future AI-driven early warning and predictive systems for abiotic stress in ch.pdf,Agricultural sustainability; Artificial intelligence; Predictive strategies; Remote sensing; Stress resilience,securing fruit trees future aidriven early warning and predictive systems for abiotic stress in changing climate,"['securing', 'fruit', 'trees', 'future', 'aidriven', 'early', 'warning', 'and', 'predictive', 'systems', 'for', 'abiotic', 'stress', 'in', 'changing', 'climate']","['securing', 'fruit', 'tree', 'future', 'aidriven', 'early', 'warning', 'predictive', 'system', 'abiotic', 'stress', 'changing', 'climate']",securing fruit tree future aidriven early warning predictive system abiotic stress changing climate,"[('securing', 'fruit'), ('fruit', 'tree'), ('tree', 'future'), ('future', 'aidriven'), ('aidriven', 'early'), ('early', 'warning'), ('warning', 'predictive'), ('predictive', 'system'), ('system', 'abiotic'), ('abiotic', 'stress'), ('stress', 'changing'), ('changing', 'climate')]",16,114,13,"[('securing', 'fruit', 'tree'), ('fruit', 'tree', 'future'), ('tree', 'future', 'aidriven'), ('future', 'aidriven', 'early'), ('aidriven', 'early', 'warning'), ('early', 'warning', 'predictive'), ('warning', 'predictive', 'system'), ('predictive', 'system', 'abiotic'), ('system', 'abiotic', 'stress'), ('abiotic', 'stress', 'changing'), ('stress', 'changing', 'climate')]","['horticultural', 'fruit', 'crop', 'product', 'global', 'food', 'security', 'macro', 'micronutrient', 'emerge', 'abiotic', 'stresses-drought', 'salinity', 'temperature', 'extremes', 'waterlogging-threaten', 'crop', 'productivity', 'disrupt', 'physiological', 'challenge', 'sustainable', 'agriculture', 'climate', 'change', 'traditionally', 'tackle', 'physiological', 'strategy', 'breed', 'method', 'lack', 'scalability', 'adaptability', 'real-time', 'feedback', 'advancement', 'technology', 'distinctly', 'artificial', 'intelligence', 'machine', 'learn', 'revolutionized', 'precision', 'farm', 'agriculture', 'integrate', 'stress', 'prediction', 'irrigation', 'optimization', 'image-based', 'phenotyping', 'agriculture', 'machine', 'learn', 'like', 'random', 'forest', 'gradient', 'boost', 'stress', 'management', 'acquire', 'system', 'horticultural', 'crop', 'still', 'face', 'multi-omics', 'data', 'accessibility', 'algorithmic', 'bias', 'cost', 'requirement', 'robust', 'train', 'program', 'integrate', 'sustainable', 'agriculture', 'address', 'barrier', 'essential', 'integration', 'technology', 'resilient', 'carbon-neutral', 'fruit', 'production', 'climate', 'stress', 'review', 'highlight', 'development', 'ai-driven', 'stress', 'detection', 'predictive', 'model', 'remote', 'sense', 'machine', 'learn', 'precision', 'horticulture', 'climate-smart', 'agriculture']",horticultural fruit crop product global food security macro micronutrient emerge abiotic stresses-drought salinity temperature extremes waterlogging-threaten crop productivity disrupt physiological challenge sustainable agriculture climate change traditionally tackle physiological strategy breed method lack scalability adaptability real-time feedback advancement technology distinctly artificial intelligence machine learn revolutionized precision farm agriculture integrate stress prediction irrigation optimization image-based phenotyping agriculture machine learn like random forest gradient boost stress management acquire system horticultural crop still face multi-omics data accessibility algorithmic bias cost requirement robust train program integrate sustainable agriculture address barrier essential integration technology resilient carbon-neutral fruit production climate stress review highlight development ai-driven stress detection predictive model remote sense machine learn precision horticulture climate-smart agriculture,110,183,3,0.534195,"soil, data, management, technology, enhance","Horticultural fruit crops are important product for global food security as they provide important macro and micronutrients. Emerging abiotic stressesdrought, salinity, temperature extremes, and waterloggingthreaten crop productivity by disrupting key physiological processes, challenging sustainable agriculture under climate change. Traditionally, these challenges are tackled through physiological strategies and conventional breeding methods; which lacks scalability, adaptability, and real-time feedback. Advancement in technology, distinctly artificial intelligence (AI), and machine learning have revolutionized precision farming in agriculture. AI integrated approaches such as stress prediction, irrigation optimization, and image-based phenotyping have enhanced agriculture, while machine learning models like Random Forest and Gradient Boosting improve stress management. However, the acquiring of such AI based system in horticultural crops still faces numerous challenges. Specifically, multi-omics, data accessibility, algorithmic biases, the cost of implementation and requirements for robust training programs need to integrate for sustainable agriculture. Addressing these barriers is essential to enable the effective integration of AI technologies for resilient, carbon-neutral fruit production under climate stress. This review highlights recent developments in AI-driven stress detection, predictive modeling, remote sensing, and machine learning frameworks that support precision horticulture and climate-smart agriculture.",8,"[{'text': 'waterlogging', 'type': 'STRESS_TYPE', 'start': 196, 'end': 208, 'source': 'domain_dictionary'}, {'text': 'precision', 'type': 'METRIC', 'start': 621, 'end': 630, 'source': 'domain_dictionary'}, {'text': 'random forest', 'type': 'ML_TECHNIQUE', 'start': 822, 'end': 835, 'source': 'domain_dictionary'}, {'text': 'gradient boosting', 'type': 'ML_TECHNIQUE', 'start': 840, 'end': 857, 'source': 'domain_dictionary'}, {'text': 'AI', 'type': 'SPACY_GPE', 'start': 916, 'end': 918, 'source': 'core_web_sm'}, {'text': 'AI', 'type': 'SPACY_GPE', 'start': 1253, 'end': 1255, 'source': 'core_web_sm'}, {'text': 'AI', 'type': 'SPACY_GPE', 'start': 1384, 'end': 1386, 'source': 'core_web_sm'}, {'text': 'remote sensing', 'type': 'SENSING_TECHNOLOGY', 'start': 1433, 'end': 1447, 'source': 'domain_dictionary'}, {'text': 'precision', 'type': 'METRIC', 'start': 1494, 'end': 1503, 'source': 'domain_dictionary'}]",9,0.31746031746031744,0.3809523809523809,0.15873015873015872,0.14285714285714285,METHODS,0.939225137041503,9
L7VBD8SI,conferencePaper,2017,"Kiani, Ehsan; Mamedov, Tofik",Identification of plant disease infection using soft-computing: Application to modern botany,Procedia Computer Science,10.1016/j.procs.2017.11.323,http://dx.doi.org/10.1016/j.procs.2017.11.323,"Botany is the scientific examination of plants characters. Plant disease can be caused either by living organisms having wide range as harmful or benign ones which grow specifically on the horticultural plant leaves or deficiency of minerals e.g. iron, phosphate, nitrogen, etc. Modern agriculture requires smart and feasible techniques to replace the human intelligence with machine intelligence. Whereas a human identifies the disease infected leaves by his eye, the machine should also be capable of vision-based disease identification. The objective of this paper is to practically verify the applicability of a new computer-vision method for discrimination between the healthy and disease infected strawberry leaves which does not require neural network or time consuming trainings. The proposed method was tested under outdoor lighting condition using a regular DLSR camera without any particular lens. Since the type and infection degree of disease is approximated a human brain a fuzzy decision maker classifies the leaves over the images captured on-site having the same properties of human vision. Optimizing the fuzzy parameters for a typical horticultural field at a mid-day summer Mediterranean day in produced 96% accuracy for segmented iron deficiency and 93% accuracy for segmented using a typical human instant classification approximation as the benchmark holding higher accuracy than a human eye identifier. The fuzzy-base classifier provides approximate result for decision making on the leaf status as if it is healthy or not.",2017,2026-01-24 00:34:04,2026-01-24 00:34:04,893-900,Elsevier BV,/home/aalejoz25/Zotero/storage/REXHVMJQ/Kiani and Mamedov - 2017 - Identification of plant disease infection using soft-computing Application to modern botany.pdf,approximate result (AR); Botany; computer-vision; disease-infected leaf; fuzzy-based classifier; strawberry,identification of plant disease infection using softcomputing application to modern botany,"['identification', 'of', 'plant', 'disease', 'infection', 'using', 'softcomputing', 'application', 'to', 'modern', 'botany']","['disease', 'infection', 'softcomputing', 'modern', 'botany']",disease infection softcomputing modern botany,"[('disease', 'infection'), ('infection', 'softcomputing'), ('softcomputing', 'modern'), ('modern', 'botany')]",11,92,5,"[('disease', 'infection', 'softcomputing'), ('infection', 'softcomputing', 'modern'), ('softcomputing', 'modern', 'botany')]","['botany', 'scientific', 'examination', 'plant', 'character', 'plant', 'disease', 'cause', 'either', 'live', 'organism', 'wide', 'range', 'harmful', 'benign', 'one', 'grow', 'horticultural', 'plant', 'leave', 'deficiency', 'mineral', 'iron', 'phosphate', 'nitrogen', 'etc', 'modern', 'agriculture', 'smart', 'feasible', 'replace', 'human', 'intelligence', 'machine', 'intelligence', 'human', 'identifies', 'disease', 'infect', 'leave', 'eye', 'machine', 'capable', 'vision-based', 'disease', 'identification', 'practically', 'verify', 'applicability', 'computer-vision', 'method', 'discrimination', 'healthy', 'disease', 'infect', 'strawberry', 'leave', 'neural', 'network', 'consume', 'training', 'method', 'test', 'outdoor', 'lighting', 'condition', 'regular', 'dlsr', 'camera', 'without', 'particular', 'lens', 'since', 'infection', 'degree', 'disease', 'approximate', 'human', 'brain', 'fuzzy', 'decision', 'maker', 'classify', 'leave', 'image', 'capture', 'on-site', 'human', 'vision', 'optimize', 'fuzzy', 'parameter', 'horticultural', 'mid-day', 'summer', 'mediterranean', 'day', 'produce', 'segment', 'iron', 'deficiency', 'segment', 'human', 'instant', 'classification', 'approximation', 'hold', 'human', 'eye', 'identifier', 'fuzzy-base', 'classifier', 'approximate', 'decision', 'make', 'leaf', 'status', 'healthy']",botany scientific examination plant character plant disease cause either live organism wide range harmful benign one grow horticultural plant leave deficiency mineral iron phosphate nitrogen etc modern agriculture smart feasible replace human intelligence machine intelligence human identifies disease infect leave eye machine capable vision-based disease identification practically verify applicability computer-vision method discrimination healthy disease infect strawberry leave neural network consume training method test outdoor lighting condition regular dlsr camera without particular lens since infection degree disease approximate human brain fuzzy decision maker classify leave image capture on-site human vision optimize fuzzy parameter horticultural mid-day summer mediterranean day produce segment iron deficiency segment human instant classification approximation hold human eye identifier fuzzy-base classifier approximate decision make leaf status healthy,118,230,2,0.48461115,"plant, model, image, fruit, leaf","Botany is the scientific examination of plants characters. Plant disease can be caused either by living organisms having wide range as harmful or benign ones which grow specifically on the horticultural plant leaves or deficiency of minerals e.g. iron, phosphate, nitrogen, etc. Modern agriculture requires smart and feasible techniques to replace the human intelligence with machine intelligence. Whereas a human identifies the disease infected leaves by his eye, the machine should also be capable of vision-based disease identification. The objective of this paper is to practically verify the applicability of a new computer-vision method for discrimination between the healthy and disease infected strawberry leaves which does not require neural network or time consuming trainings. The proposed method was tested under outdoor lighting condition using a regular DLSR camera without any particular lens. Since the type and infection degree of disease is approximated a human brain a fuzzy decision maker classifies the leaves over the images captured on-site having the same properties of human vision. Optimizing the fuzzy parameters for a typical horticultural field at a mid-day summer Mediterranean day in produced 96 accuracy for segmented iron deficiency and 93 accuracy for segmented using a typical human instant classification approximation as the benchmark holding higher accuracy than a human eye identifier. The fuzzy-base classifier provides approximate result for decision making on the leaf status as if it is healthy or not.",3,"[{'text': 'iron', 'type': 'NUTRITIONAL_PARAMETER', 'start': 247, 'end': 251, 'source': 'domain_dictionary'}, {'text': 'strawberry', 'type': 'CROP_TYPE', 'start': 703, 'end': 713, 'source': 'domain_dictionary'}, {'text': 'neural network', 'type': 'ML_TECHNIQUE', 'start': 744, 'end': 758, 'source': 'domain_dictionary'}, {'text': 'DLSR', 'type': 'SPACY_ORG', 'start': 868, 'end': 872, 'source': 'core_web_sm'}, {'text': 'accuracy', 'type': 'METRIC', 'start': 1228, 'end': 1236, 'source': 'domain_dictionary'}, {'text': 'iron', 'type': 'NUTRITIONAL_PARAMETER', 'start': 1251, 'end': 1255, 'source': 'domain_dictionary'}, {'text': 'accuracy', 'type': 'METRIC', 'start': 1275, 'end': 1283, 'source': 'domain_dictionary'}, {'text': 'classification', 'type': 'ML_TECHNIQUE', 'start': 1328, 'end': 1342, 'source': 'domain_dictionary'}, {'text': 'accuracy', 'type': 'METRIC', 'start': 1389, 'end': 1397, 'source': 'domain_dictionary'}]",9,0.11235955056179778,0.6067415730337079,0.2808988764044944,0.0,METHODS,0.6531498006034854,8
RMCJFWS3,journalArticle,2023,"Garg, Shankey; Singh, Pradeep",An aggregated loss function based lightweight few shot model for plant leaf disease classification,Multimedia Tools and Applications,10.1007/s11042-023-14372-7,http://dx.doi.org/10.1007/s11042-023-14372-7,"In India, a significant portion of the annual crop is lost due to plant diseases. It is required to monitor agriculture's growth and health status of plants to help farmers take prompt actions regarding any plant disease. An automatic plant disease classification algorithm is necessary to identify and prevent plant diseases at an early stage. This paper aims to classify plant diseases using a lightweight transfer learning model using only a few samples. Few-shot classification aims to identify unseen classes while training with small labeled data. The proposed work uses an aggregated loss function formed by the combination of triplet loss and cross-entropy loss with MobileNetV2 as a base model for the effective classification of plant disease using small samples. Two publicly available datasets (PlantVillage having 54,303 leaf samples and Plantdoc having 2598 Leaf samples) were considered for the evaluation of the proposed work. Different domain splits were considered to divide the dataset into the source, and target domains, and a large quantum of experimentation is conducted on the target dataset considering various sample sizes. For the analysis of plantvillage dataset, four domain splits were considered, and it is found that an average improvement in accuracy, when compared with recent work, is 1.49% for split-1, 16.25% for split-2, 2.9% for split-3, and 2.1%for split-4 using the proposed aggregated loss and the lightweight transfer learning model for the target domain data (K-ways, N-shot). Two domain splits were considered for the plantdoc dataset, and it gives an accuracy of around 81% using 30 samples and more than 40% using only 1 sample. The proposed work is compared with several state-of-the-art works using different evaluation metrics like, loss functions, execution time, model size, and model parameters.",2023-02,2026-01-24 00:34:04,2026-01-24 00:34:04,23797-23815,Springer Science and Business Media LLC,/home/aalejoz25/Zotero/storage/E7C24JR2/Garg and Singh - 2023 - An aggregated loss function based lightweight few shot model for plant leaf disease classification.pdf,Deep learning; Few-shot classification; Lightweight models; Loss function,an aggregated loss function based lightweight few shot model for plant leaf disease classification,"['an', 'aggregated', 'loss', 'function', 'based', 'lightweight', 'few', 'shot', 'model', 'for', 'plant', 'leaf', 'disease', 'classification']","['aggregated', 'loss', 'function', 'lightweight', 'shot', 'disease']",aggregated loss function lightweight shot disease,"[('aggregated', 'loss'), ('loss', 'function'), ('function', 'lightweight'), ('lightweight', 'shot'), ('shot', 'disease')]",14,98,6,"[('aggregated', 'loss', 'function'), ('loss', 'function', 'lightweight'), ('function', 'lightweight', 'shot'), ('lightweight', 'shot', 'disease')]","['india', 'portion', 'annual', 'crop', 'lose', 'due', 'plant', 'disease', 'monitor', 'agriculture', 'growth', 'health', 'status', 'plant', 'help', 'farmer', 'take', 'prompt', 'action', 'regard', 'plant', 'disease', 'automatic', 'plant', 'disease', 'classification', 'algorithm', 'necessary', 'identify', 'prevent', 'plant', 'diseases', 'classify', 'plant', 'disease', 'lightweight', 'transfer', 'learn', 'model', 'sample', 'few-shot', 'classification', 'identify', 'unseen', 'class', 'train', 'label', 'data', 'aggregate', 'loss', 'function', 'form', 'combination', 'triplet', 'loss', 'cross-entropy', 'loss', 'mobilenetv2', 'model', 'classification', 'plant', 'disease', 'sample', 'two', 'publicly', 'available', 'datasets', 'plantvillage', 'leaf', 'sample', 'plantdoc', 'leaf', 'sample', 'consider', 'split', 'consider', 'divide', 'dataset', 'source', 'target', 'domains', 'quantum', 'experimentation', 'conduct', 'target', 'dataset', 'consider', 'sample', 'size', 'plantvillage', 'dataset', 'four', 'split', 'consider', 'improvement', 'split', 'split', 'split', 'split', 'aggregate', 'loss', 'lightweight', 'transfer', 'learn', 'model', 'target', 'data', 'k-ways', 'n-shot', 'two', 'split', 'consider', 'plantdoc', 'dataset', 'give', 'sample', 'sample', 'work', 'like', 'loss', 'function', 'execution', 'model', 'size', 'model', 'parameter']",india portion annual crop lose due plant disease monitor agriculture growth health status plant help farmer take prompt action regard plant disease automatic plant disease classification algorithm necessary identify prevent plant diseases classify plant disease lightweight transfer learn model sample few-shot classification identify unseen class train label data aggregate loss function form combination triplet loss cross-entropy loss mobilenetv2 model classification plant disease sample two publicly available datasets plantvillage leaf sample plantdoc leaf sample consider split consider divide dataset source target domains quantum experimentation conduct target dataset consider sample size plantvillage dataset four split consider improvement split split split split aggregate loss lightweight transfer learn model target data k-ways n-shot two split consider plantdoc dataset give sample sample work like loss function execution model size model parameter,126,283,2,0.99614066,"plant, model, image, fruit, leaf","In India, a significant portion of the annual crop is lost due to plant diseases. It is required to monitor agriculture's growth and health status of plants to help farmers take prompt actions regarding any plant disease. An automatic plant disease classification algorithm is necessary to identify and prevent plant diseases at an early stage. This paper aims to classify plant diseases using a lightweight transfer learning model using only a few samples. Few-shot classification aims to identify unseen classes while training with small labeled data. The proposed work uses an aggregated loss function formed by the combination of triplet loss and cross-entropy loss with MobileNetV2 as a base model for the effective classification of plant disease using small samples. Two publicly available datasets (PlantVillage having 54,303 leaf samples and Plantdoc having 2598 Leaf samples) were considered for the evaluation of the proposed work. Different domain splits were considered to divide the dataset into the source, and target domains, and a large quantum of experimentation is conducted on the target dataset considering various sample sizes. For the analysis of plantvillage dataset, four domain splits were considered, and it is found that an average improvement in accuracy, when compared with recent work, is 1.49 for split-1, 16.25 for split-2, 2.9 for split-3, and 2.1for split-4 using the proposed aggregated loss and the lightweight transfer learning model for the target domain data (K-ways, N-shot). Two domain splits were considered for the plantdoc dataset, and it gives an accuracy of around 81 using 30 samples and more than 40 using only 1 sample. The proposed work is compared with several state-of-the-art works using different evaluation metrics like, loss functions, execution time, model size, and model parameters.",7,"[{'text': 'India', 'type': 'SPACY_GPE', 'start': 3, 'end': 8, 'source': 'core_web_sm'}, {'text': 'classification', 'type': 'ML_TECHNIQUE', 'start': 249, 'end': 263, 'source': 'domain_dictionary'}, {'text': 'transfer learning', 'type': 'ML_TECHNIQUE', 'start': 408, 'end': 425, 'source': 'domain_dictionary'}, {'text': 'classification', 'type': 'ML_TECHNIQUE', 'start': 467, 'end': 481, 'source': 'domain_dictionary'}, {'text': 'mobilenetv2', 'type': 'ML_MODEL', 'start': 675, 'end': 686, 'source': 'domain_dictionary'}, {'text': 'classification', 'type': 'ML_TECHNIQUE', 'start': 721, 'end': 735, 'source': 'domain_dictionary'}, {'text': 'PlantVillage', 'type': 'SPACY_ORG', 'start': 807, 'end': 819, 'source': 'core_web_sm'}, {'text': 'plantdoc', 'type': 'DATASET', 'start': 851, 'end': 859, 'source': 'domain_dictionary'}, {'text': 'accuracy', 'type': 'METRIC', 'start': 1275, 'end': 1283, 'source': 'domain_dictionary'}, {'text': 'transfer learning', 'type': 'ML_TECHNIQUE', 'start': 1452, 'end': 1469, 'source': 'domain_dictionary'}, {'text': 'plantdoc', 'type': 'DATASET', 'start': 1563, 'end': 1571, 'source': 'domain_dictionary'}, {'text': 'accuracy', 'type': 'METRIC', 'start': 1597, 'end': 1605, 'source': 'domain_dictionary'}, {'text': 'size', 'type': 'QUALITY_ATTRIBUTE', 'start': 1821, 'end': 1825, 'source': 'domain_dictionary'}]",13,0.024390243902439025,0.7317073170731707,0.24390243902439024,0.0,METHODS,0.4784589433471597,11
ABQANIWQ,journalArticle,2025,"Joshi, Kamaldeep; Hooda, Sahil; Yadav, Yashasvi; Singh, Gurdiyal; Nehra, Ashima; Tuteja, Narendra; Gill, Ritu; Gill, Sarvajeet Singh",Genetic algorithm enhanced deep learning with data augmentation for nitrogen and potassium deficiency detection in eggplant,Current Plant Biology,10.1016/j.cpb.2025.100546,http://dx.doi.org/10.1016/j.cpb.2025.100546,"The quality of horticultural crops is significantly crucial for agricultural yield because of market demand, quality, and the priority of consumers. Macronutrients like nitrogen (N) and potassium (K) are crucial for the normal growth and development of crops. Thus, detecting nutritional deficiency in eggplant is very important for ensuring optimal growth and yield. The traditional approaches are time-consuming and require expert knowledge. The previously reported research in eggplant with a deep learning (DL) approach targeted disease detection and classification work. No work has been reported on eggplant nutritional deficiency detection using the genetic algorithm (GA) based tuning approach with data augmentation. This paper presents a YOLOv9 deep-learning model, optimized with a GA to find the best hyperparameters and data augmentation techniques to increase its robustness. The study used the OLID I dataset to detect nutritional deficiencies in eggplant leaves. The experimental results show that our approach achieved an accuracy of 94.52 %, mAP50 of 94.55 %, mAP50–95 of 93.23 %, Precision of 95.9 %, Recall of 92.8 %, and F1 Score of 94.32 %. These results suggest that the proposed approach is a significant step towards developing a practical application to support farmers in detecting nutrition deficiencies in the eggplant crop.",2025,2026-01-24 00:34:04,2026-01-24 00:34:04,100546,Elsevier BV,/home/aalejoz25/Zotero/storage/B4YNZT4V/Joshi et al. - 2025 - Genetic algorithm enhanced deep learning with data augmentation for nitrogen and potassium deficienc.pdf,Deep learning; Genetic algorithm; Data augmentation; Eggplant; Nutritional deficiency detection; OLID I dataset; YOLOv9,genetic algorithm enhanced deep learning with data augmentation for nitrogen and potassium deficiency detection in eggplant,"['genetic', 'algorithm', 'enhanced', 'deep', 'learning', 'with', 'data', 'augmentation', 'for', 'nitrogen', 'and', 'potassium', 'deficiency', 'detection', 'in', 'eggplant']","['genetic', 'augmentation', 'nitrogen', 'potassium', 'deficiency', 'eggplant']",genetic augmentation nitrogen potassium deficiency eggplant,"[('genetic', 'augmentation'), ('augmentation', 'nitrogen'), ('nitrogen', 'potassium'), ('potassium', 'deficiency'), ('deficiency', 'eggplant')]",16,123,6,"[('genetic', 'augmentation', 'nitrogen'), ('augmentation', 'nitrogen', 'potassium'), ('nitrogen', 'potassium', 'deficiency'), ('potassium', 'deficiency', 'eggplant')]","['quality', 'horticultural', 'crop', 'crucial', 'agricultural', 'yield', 'market', 'demand', 'quality', 'priority', 'consumer', 'macronutrients', 'like', 'nitrogen', 'potassium', 'crucial', 'normal', 'growth', 'development', 'crop', 'detect', 'nutritional', 'deficiency', 'eggplant', 'ensure', 'optimal', 'growth', 'yield', 'time-consuming', 'expert', 'knowledge', 'eggplant', 'deep', 'learning', 'target', 'disease', 'detection', 'classification', 'eggplant', 'nutritional', 'deficiency', 'detection', 'genetic', 'algorithm', 'tune', 'data', 'augmentation', 'yolov9', 'deeplearning', 'model', 'optimized', 'hyperparameters', 'data', 'augmentation', 'robustness', 'olid', 'dataset', 'detect', 'nutritional', 'deficiency', 'eggplant', 'leave', 'map50', 'map50', 'precision', 'recall', 'towards', 'develop', 'application', 'farmer', 'detect', 'nutrition', 'deficiency', 'eggplant', 'crop']",quality horticultural crop crucial agricultural yield market demand quality priority consumer macronutrients like nitrogen potassium crucial normal growth development crop detect nutritional deficiency eggplant ensure optimal growth yield time-consuming expert knowledge eggplant deep learning target disease detection classification eggplant nutritional deficiency detection genetic algorithm tune data augmentation yolov9 deeplearning model optimized hyperparameters data augmentation robustness olid dataset detect nutritional deficiency eggplant leave map50 map50 precision recall towards develop application farmer detect nutrition deficiency eggplant crop,75,201,2,0.87629676,"plant, model, image, fruit, leaf","The quality of horticultural crops is significantly crucial for agricultural yield because of market demand, quality, and the priority of consumers. Macronutrients like nitrogen (N) and potassium (K) are crucial for the normal growth and development of crops. Thus, detecting nutritional deficiency in eggplant is very important for ensuring optimal growth and yield. The traditional approaches are time-consuming and require expert knowledge. The previously reported research in eggplant with a deep learning (DL) approach targeted disease detection and classification work. No work has been reported on eggplant nutritional deficiency detection using the genetic algorithm (GA) based tuning approach with data augmentation. This paper presents a YOLOv9 deep-learning model, optimized with a GA to find the best hyperparameters and data augmentation techniques to increase its robustness. The study used the OLID I dataset to detect nutritional deficiencies in eggplant leaves. The experimental results show that our approach achieved an accuracy of 94.52 , mAP50 of 94.55 , mAP5095 of 93.23 , Precision of 95.9 , Recall of 92.8 , and F1 Score of 94.32 . These results suggest that the proposed approach is a significant step towards developing a practical application to support farmers in detecting nutrition deficiencies in the eggplant crop.",7,"[{'text': 'potassium', 'type': 'NUTRITIONAL_PARAMETER', 'start': 186, 'end': 195, 'source': 'domain_dictionary'}, {'text': 'eggplant', 'type': 'CROP_TYPE', 'start': 302, 'end': 310, 'source': 'domain_dictionary'}, {'text': 'eggplant', 'type': 'CROP_TYPE', 'start': 480, 'end': 488, 'source': 'domain_dictionary'}, {'text': 'deep learning', 'type': 'ML_TECHNIQUE', 'start': 496, 'end': 509, 'source': 'domain_dictionary'}, {'text': 'classification', 'type': 'ML_TECHNIQUE', 'start': 555, 'end': 569, 'source': 'domain_dictionary'}, {'text': 'eggplant', 'type': 'CROP_TYPE', 'start': 605, 'end': 613, 'source': 'domain_dictionary'}, {'text': 'GA', 'type': 'SPACY_ORG', 'start': 676, 'end': 678, 'source': 'core_web_sm'}, {'text': 'data augmentation', 'type': 'ML_TECHNIQUE', 'start': 707, 'end': 724, 'source': 'domain_dictionary'}, {'text': 'data augmentation', 'type': 'ML_TECHNIQUE', 'start': 833, 'end': 850, 'source': 'domain_dictionary'}, {'text': 'OLID', 'type': 'SPACY_ORG', 'start': 909, 'end': 913, 'source': 'core_web_sm'}, {'text': 'eggplant', 'type': 'CROP_TYPE', 'start': 962, 'end': 970, 'source': 'domain_dictionary'}, {'text': 'accuracy', 'type': 'METRIC', 'start': 1039, 'end': 1047, 'source': 'domain_dictionary'}, {'text': 'precision', 'type': 'METRIC', 'start': 1099, 'end': 1108, 'source': 'domain_dictionary'}, {'text': 'Recall of', 'type': 'SPACY_ORG', 'start': 1120, 'end': 1129, 'source': 'core_web_sm'}, {'text': 'f1 score', 'type': 'METRIC', 'start': 1142, 'end': 1150, 'source': 'domain_dictionary'}, {'text': 'eggplant', 'type': 'CROP_TYPE', 'start': 1339, 'end': 1347, 'source': 'domain_dictionary'}]",16,0.07142857142857142,0.4714285714285714,0.39285714285714285,0.0642857142857143,METHODS,0.783736500743342,10
AEV5FNKP,journalArticle,2025,"Devora-Guadarrama, Maryjose; Luna-Benoso, Benjamín; Alarcón-Paredes, Antonio; Martínez-Perales, Jose Cruz; Morales-Rodríguez, Úrsula Samantha",Deep Learning-Based Citrus Canker and Huanglongbing Disease Detection Using Leaf Images,Computers,10.3390/computers14110500,http://dx.doi.org/10.3390/computers14110500,"Early detection of plant diseases is key to ensuring food production, reducing economic losses, minimizing the use of agrochemicals, and maintaining the sustainability of the agricultural sector. Citrus plants, an important source of vitamin C, fiber, and antioxidants, are among the world's most significant fruit crops but face threats such as canker and Huanglongbing (HLB), incurable diseases that require management strategies to mitigate their impact. Manual diagnosis, although common, I s imprecise, slow, and costly; therefore, efficient alternatives are emerging to identify diseases from early stages using Artificial Intelligence techniques. This study evaluated four deep learning models, specifically convolutional neural networks. In this study, we evaluated four convolutional neural network models (DenseNet121, ResNet50, EfficientNetB0, and MobileNetV2) to detect canker and HLB in citrus leaf images. We applied preprocessing and data-augmentation techniques; transfer learning via selective fine-tuning; stratified k-fold cross-validation; regularization methods such as dropout and weight decay; and hyperparameter-optimization techniques. The models were evaluated by the loss value and by metrics derived from the confusion matrix, including accuracy, recall, and F1-score. The best-performing model was EfficientNetB0, which achieved an average accuracy of 99.88% and the lowest loss value of 0.0058 using cross-entropy as the loss function. Since EfficientNetB0 is a lightweight model, the results show that lightweight models can achieve favorable performance compared to robust models, models that can be useful for disease detection in the agricultural sector using portable devices or drones for field monitoring. The high accuracy obtained is mainly because only two diseases were considered; consequently, it is possible that these results do not hold in a database that includes a larger number of diseases.",2025-11,2026-01-24 00:34:04,2026-01-24 00:34:04,500,MDPI AG,/home/aalejoz25/Zotero/storage/MVHHZCKQ/Devora-Guadarrama et al. - 2025 - Deep Learning-Based Citrus Canker and Huanglongbing Disease Detection Using Leaf Images.pdf,deep learning; citrus canker; Huanglongbing,deep learningbased citrus canker and huanglongbing disease detection using leaf images,"['deep', 'learningbased', 'citrus', 'canker', 'and', 'huanglongbing', 'disease', 'detection', 'using', 'leaf', 'images']","['learningbased', 'citrus', 'canker', 'huanglongbing', 'disease']",learningbased citrus canker huanglongbing disease,"[('learningbased', 'citrus'), ('citrus', 'canker'), ('canker', 'huanglongbing'), ('huanglongbing', 'disease')]",11,87,5,"[('learningbased', 'citrus', 'canker'), ('citrus', 'canker', 'huanglongbing'), ('canker', 'huanglongbing', 'disease')]","['detection', 'plant', 'diseases', 'ensure', 'food', 'production', 'reduce', 'economic', 'loss', 'minimize', 'agrochemicals', 'maintain', 'sustainability', 'agricultural', 'sector', 'citrus', 'plant', 'source', 'vitamin', 'fiber', 'antioxidant', 'among', 'world', 'fruit', 'crop', 'face', 'threat', 'canker', 'huanglongbing', 'hlb', 'incurable', 'disease', 'management', 'strategy', 'mitigate', 'impact', 'manual', 'diagnosis', 'common', 'imprecise', 'slow', 'costly', 'alternative', 'emerge', 'identify', 'diseases', 'artificial', 'intelligence', 'evaluate', 'four', 'deep', 'learn', 'convolutional', 'neural', 'network', 'evaluate', 'four', 'convolutional', 'neural', 'network', 'densenet121', 'resnet50', 'efficientnetb0', 'mobilenetv2', 'detect', 'canker', 'hlb', 'citrus', 'leaf', 'image', 'preprocessing', 'data-augmentation', 'transfer', 'learn', 'via', 'selective', 'fine-tuning', 'stratify', 'k-fold', 'crossvalidation', 'regularization', 'method', 'dropout', 'weight', 'decay', 'hyperparameter-optimization', 'evaluated', 'loss', 'derive', 'confusion', 'matrix', 'recall', 'f1-score', 'best-performing', 'model', 'efficientnetb0', 'loss', 'cross-entropy', 'loss', 'function', 'since', 'efficientnetb0', 'lightweight', 'model', 'lightweight', 'favorable', 'performance', 'robust', 'useful', 'disease', 'detection', 'agricultural', 'sector', 'portable', 'device', 'drone', 'monitor', 'obtain', 'mainly', 'two', 'disease', 'consider', 'hold', 'database', 'large', 'disease']",detection plant diseases ensure food production reduce economic loss minimize agrochemicals maintain sustainability agricultural sector citrus plant source vitamin fiber antioxidant among world fruit crop face threat canker huanglongbing hlb incurable disease management strategy mitigate impact manual diagnosis common imprecise slow costly alternative emerge identify diseases artificial intelligence evaluate four deep learn convolutional neural network evaluate four convolutional neural network densenet121 resnet50 efficientnetb0 mobilenetv2 detect canker hlb citrus leaf image preprocessing data-augmentation transfer learn via selective fine-tuning stratify k-fold crossvalidation regularization method dropout weight decay hyperparameter-optimization evaluated loss derive confusion matrix recall f1-score best-performing model efficientnetb0 loss cross-entropy loss function since efficientnetb0 lightweight model lightweight favorable performance robust useful disease detection agricultural sector portable device drone monitor obtain mainly two disease consider hold database large disease,126,268,2,0.7151801,"plant, model, image, fruit, leaf","Early detection of plant diseases is key to ensuring food production, reducing economic losses, minimizing the use of agrochemicals, and maintaining the sustainability of the agricultural sector. Citrus plants, an important source of vitamin C, fiber, and antioxidants, are among the world's most significant fruit crops but face threats such as canker and Huanglongbing (HLB), incurable diseases that require management strategies to mitigate their impact. Manual diagnosis, although common, I s imprecise, slow, and costly; therefore, efficient alternatives are emerging to identify diseases from early stages using Artificial Intelligence techniques. This study evaluated four deep learning models, specifically convolutional neural networks. In this study, we evaluated four convolutional neural network models (DenseNet121, ResNet50, EfficientNetB0, and MobileNetV2) to detect canker and HLB in citrus leaf images. We applied preprocessing and data-augmentation techniques; transfer learning via selective fine-tuning; stratified k-fold cross-validation; regularization methods such as dropout and weight decay; and hyperparameter-optimization techniques. The models were evaluated by the loss value and by metrics derived from the confusion matrix, including accuracy, recall, and F1-score. The best-performing model was EfficientNetB0, which achieved an average accuracy of 99.88 and the lowest loss value of 0.0058 using cross-entropy as the loss function. Since EfficientNetB0 is a lightweight model, the results show that lightweight models can achieve favorable performance compared to robust models, models that can be useful for disease detection in the agricultural sector using portable devices or drones for field monitoring. The high accuracy obtained is mainly because only two diseases were considered; consequently, it is possible that these results do not hold in a database that includes a larger number of diseases.",7,"[{'text': 'vitamin c', 'type': 'NUTRITIONAL_PARAMETER', 'start': 234, 'end': 243, 'source': 'domain_dictionary'}, {'text': 'Huanglongbing', 'type': 'SPACY_PERSON', 'start': 357, 'end': 370, 'source': 'core_web_sm'}, {'text': 'HLB', 'type': 'SPACY_ORG', 'start': 372, 'end': 375, 'source': 'core_web_sm'}, {'text': 'Artificial Intelligence', 'type': 'SPACY_ORG', 'start': 618, 'end': 641, 'source': 'core_web_sm'}, {'text': 'deep learning', 'type': 'ML_TECHNIQUE', 'start': 680, 'end': 693, 'source': 'domain_dictionary'}, {'text': 'neural network', 'type': 'ML_TECHNIQUE', 'start': 793, 'end': 807, 'source': 'domain_dictionary'}, {'text': 'ResNet50', 'type': 'SPACY_WORK_OF_ART', 'start': 829, 'end': 837, 'source': 'core_web_sm'}, {'text': 'EfficientNetB0', 'type': 'SPACY_GPE', 'start': 839, 'end': 853, 'source': 'core_web_sm'}, {'text': 'mobilenetv2', 'type': 'ML_MODEL', 'start': 859, 'end': 870, 'source': 'domain_dictionary'}, {'text': 'HLB', 'type': 'SPACY_ORG', 'start': 893, 'end': 896, 'source': 'core_web_sm'}, {'text': 'transfer learning', 'type': 'ML_TECHNIQUE', 'start': 979, 'end': 996, 'source': 'domain_dictionary'}, {'text': 'fine-tuning', 'type': 'ML_TECHNIQUE', 'start': 1011, 'end': 1022, 'source': 'domain_dictionary'}, {'text': 'cross-validation', 'type': 'ML_TECHNIQUE', 'start': 1042, 'end': 1058, 'source': 'domain_dictionary'}, {'text': 'weight', 'type': 'QUALITY_ATTRIBUTE', 'start': 1103, 'end': 1109, 'source': 'domain_dictionary'}, {'text': 'decay', 'type': 'QUALITY_ATTRIBUTE', 'start': 1110, 'end': 1115, 'source': 'domain_dictionary'}, {'text': 'confusion matrix', 'type': 'METRIC', 'start': 1237, 'end': 1253, 'source': 'domain_dictionary'}, {'text': 'accuracy', 'type': 'METRIC', 'start': 1265, 'end': 1273, 'source': 'domain_dictionary'}, {'text': 'recall', 'type': 'METRIC', 'start': 1275, 'end': 1281, 'source': 'domain_dictionary'}, {'text': 'f1-score', 'type': 'METRIC', 'start': 1287, 'end': 1295, 'source': 'domain_dictionary'}, {'text': 'accuracy', 'type': 'METRIC', 'start': 1369, 'end': 1377, 'source': 'domain_dictionary'}, {'text': 'EfficientNetB0', 'type': 'SPACY_ORG', 'start': 1472, 'end': 1486, 'source': 'core_web_sm'}, {'text': 'accuracy', 'type': 'METRIC', 'start': 1752, 'end': 1760, 'source': 'domain_dictionary'}]",22,0.0574712643678161,0.6206896551724138,0.2873563218390805,0.03448275862068966,METHODS,0.674202449717459,10
SUBEHAAK,conferencePaper,2016,"Padol, Pranjali B.; Yadav, Anjali A.",SVM classifier based grape leaf disease detection,"Conference on Advances in Signal Processing, CASP 2016",10.1109/CASP.2016.7746160,https://doi.org/10.1109/casp.2016.7746160,"Grape constitutes one of the most widely grown fruit crops in the India. Productivity of grape decreases due to infections caused by various types of diseases on its fruit, stem and leaf. Leaf diseases are mainly caused by bacteria, fungi, virus etc. Diseases are a major factor limiting fruit production and diseases are often difficult to control. Without accurate disease diagnosis, proper control actions cannot be used at the appropriate time. Image Processing is one of the widely used technique is adopted for the plant leaf diseases detection and classification. This paper is intended to aid in the detection and classification leaf diseases of grape using SVM classification technique. First the diseased region is found using segmentation by K-means clustering, then both color and texture features are extracted. Finally classification technique is used to detect the type of leaf disease. The proposed system can successfully detect and classify the examined disease with accuracy of 88.89%.",2016,2026-01-24 00:34:04,2026-01-24 00:34:04,175-179,IEEE,/home/aalejoz25/Zotero/storage/42I8B6XV/Padol and Yadav - 2016 - SVM classifier based grape leaf disease detection.pdf,Image Processing; Feature extraction; K-means clustering; Leaf diseases detection; SVM Classification,svm classifier based grape leaf disease detection,"['svm', 'classifier', 'based', 'grape', 'leaf', 'disease', 'detection']","['svm', 'classifier', 'grape', 'disease']",svm classifier grape disease,"[('svm', 'classifier'), ('classifier', 'grape'), ('grape', 'disease')]",7,49,4,"[('svm', 'classifier', 'grape'), ('classifier', 'grape', 'disease')]","['grape', 'constitute', 'one', 'widely', 'grown', 'fruit', 'crop', 'india', 'productivity', 'grape', 'due', 'infection', 'cause', 'disease', 'fruit', 'stem', 'leaf', 'leaf', 'disease', 'mainly', 'cause', 'bacteria', 'fungi', 'virus', 'etc', 'diseases', 'limit', 'fruit', 'production', 'disease', 'often', 'difficult', 'control', 'without', 'accurate', 'disease', 'diagnosis', 'proper', 'control', 'action', 'appropriate', 'image', 'process', 'one', 'widely', 'adopt', 'plant', 'leaf', 'diseases', 'detection', 'classification', 'intend', 'aid', 'detection', 'classification', 'leaf', 'diseases', 'grape', 'svm', 'classification', 'diseased', 'region', 'segmentation', 'k-means', 'cluster', 'color', 'texture', 'feature', 'extract', 'classification', 'detect', 'leaf', 'disease', 'system', 'detect', 'classify', 'examine', 'disease']",grape constitute one widely grown fruit crop india productivity grape due infection cause disease fruit stem leaf leaf disease mainly cause bacteria fungi virus etc diseases limit fruit production disease often difficult control without accurate disease diagnosis proper control action appropriate image process one widely adopt plant leaf diseases detection classification intend aid detection classification leaf diseases grape svm classification diseased region segmentation k-means cluster color texture feature extract classification detect leaf disease system detect classify examine disease,78,155,2,0.63803935,"plant, model, image, fruit, leaf","Grape constitutes one of the most widely grown fruit crops in the India. Productivity of grape decreases due to infections caused by various types of diseases on its fruit, stem and leaf. Leaf diseases are mainly caused by bacteria, fungi, virus etc. Diseases are a major factor limiting fruit production and diseases are often difficult to control. Without accurate disease diagnosis, proper control actions cannot be used at the appropriate time. Image Processing is one of the widely used technique is adopted for the plant leaf diseases detection and classification. This paper is intended to aid in the detection and classification leaf diseases of grape using SVM classification technique. First the diseased region is found using segmentation by K-means clustering, then both color and texture features are extracted. Finally classification technique is used to detect the type of leaf disease. The proposed system can successfully detect and classify the examined disease with accuracy of 88.89.",3,"[{'text': 'Grape', 'type': 'SPACY_ORG', 'start': 0, 'end': 5, 'source': 'core_web_sm'}, {'text': 'India', 'type': 'SPACY_GPE', 'start': 66, 'end': 71, 'source': 'core_web_sm'}, {'text': 'Image Processing', 'type': 'SPACY_ORG', 'start': 449, 'end': 465, 'source': 'core_web_sm'}, {'text': 'classification', 'type': 'ML_TECHNIQUE', 'start': 555, 'end': 569, 'source': 'domain_dictionary'}, {'text': 'classification', 'type': 'ML_TECHNIQUE', 'start': 622, 'end': 636, 'source': 'domain_dictionary'}, {'text': 'svm', 'type': 'ML_TECHNIQUE', 'start': 666, 'end': 669, 'source': 'domain_dictionary'}, {'text': 'classification', 'type': 'ML_TECHNIQUE', 'start': 670, 'end': 684, 'source': 'domain_dictionary'}, {'text': 'k-means', 'type': 'ML_TECHNIQUE', 'start': 753, 'end': 760, 'source': 'domain_dictionary'}, {'text': 'clustering', 'type': 'ML_TECHNIQUE', 'start': 761, 'end': 771, 'source': 'domain_dictionary'}, {'text': 'color', 'type': 'QUALITY_ATTRIBUTE', 'start': 783, 'end': 788, 'source': 'domain_dictionary'}, {'text': 'texture', 'type': 'QUALITY_ATTRIBUTE', 'start': 793, 'end': 800, 'source': 'domain_dictionary'}, {'text': 'classification', 'type': 'ML_TECHNIQUE', 'start': 833, 'end': 847, 'source': 'domain_dictionary'}, {'text': 'accuracy', 'type': 'METRIC', 'start': 985, 'end': 993, 'source': 'domain_dictionary'}]",13,0.12987012987012986,0.6233766233766234,0.12987012987012986,0.11688311688311688,METHODS,0.7759511470372003,9
X2VYR87P,journalArticle,2025,"Yehulu, Getachew Tadesse; Walle, Yelkal Mulualem; Haile, Melaku Bitew; Yohannes, Surafel Tsegaye; Tegegne, Andargie Geteneh; Tesfaye, Destaw Gizaw; Baye, Getachew Alemu",Mango fruit disease detection and classification using MobileNetV3_large model,Scientific African,10.1016/j.sciaf.2025.e03061,http://dx.doi.org/10.1016/j.sciaf.2025.e03061,"Mangoes are appreciated globally for their flavor, nutritional value, and economic significance, which are one of the most significant tropical fruit crops. Various fruit diseases also negatively impact mango production, decreasing yield and quality. This shows the critical necessity for precise and timely disease identification. This study targets the issue of a lack of effective automated diagnosis tools and a lack of research on diseases affecting the mango fruit rather than the leaves. To effectively identify and categorize the main diseases of mango fruit, such as Alternaria, Anthracnose, Black Mold Rot, and Stem-End Rot, a deep learning model had to be developed. A publicly available Kaggle dataset was used and augmented to 8297 samples to enhance generalization. The preprocessing phase involved background removal, image resizing, noise reduction, and z-score normalization to improve image quality and maintain consistency. Features were obtained using a customized MobileNetV3-Large architecture that significantly reduced the number of trainable parameters from 5507,432 to 566,325 and the model size from 21.8 MB to 6.29 MB, making it highly suitable for deployment on mobile and resource-constrained devices. Featured extracts were classified using the XGBoost algorithm, developing a hybrid MobileNetV3-Large–XGBoost model. Experiment results showed 98.95 % test accuracy, reflecting excellent reliability and precision in disease detection. Findings show that the proposed model not only enhances automatic fruit disease detection but also provides a viable solution for real-time disease monitoring and control. The deployment's potential helps farmers and agricultural experts with the capability to detect early infection, reduce crop loss, improve disease management approaches, and enhance sustainable mango growth.",2025,2026-01-24 00:34:04,2026-01-24 00:34:04,e03061,Elsevier BV,/home/aalejoz25/Zotero/storage/L92PQ7ME/Yehulu et al. - 2025 - Mango fruit disease detection and classification using MobileNetV3_large model.pdf,Feature extraction; Deep learning model; Image-based diagnosis; Smart agriculture; XGBoost classifier,mango fruit disease detection and classification using mobilenetvlarge model,"['mango', 'fruit', 'disease', 'detection', 'and', 'classification', 'using', 'mobilenetvlarge', 'model']","['mango', 'fruit', 'disease', 'mobilenetvlarge']",mango fruit disease mobilenetvlarge,"[('mango', 'fruit'), ('fruit', 'disease'), ('disease', 'mobilenetvlarge')]",9,78,4,"[('mango', 'fruit', 'disease'), ('fruit', 'disease', 'mobilenetvlarge')]","['mango', 'appreciate', 'globally', 'flavor', 'nutritional', 'economic', 'significance', 'one', 'tropical', 'fruit', 'crop', 'fruit', 'diseases', 'negatively', 'impact', 'mango', 'production', 'decrease', 'yield', 'quality', 'necessity', 'precise', 'timely', 'disease', 'identification', 'target', 'lack', 'automated', 'diagnosis', 'tool', 'lack', 'disease', 'affect', 'mango', 'fruit', 'rather', 'leave', 'effectively', 'identify', 'categorize', 'disease', 'mango', 'fruit', 'alternaria', 'anthracnose', 'black', 'mold', 'rot', 'stem-end', 'rot', 'deep', 'learning', 'model', 'develop', 'publicly', 'available', 'kaggle', 'dataset', 'augment', 'sample', 'enhance', 'generalization', 'preprocessing', 'involve', 'background', 'removal', 'image', 'resize', 'noise', 'reduction', 'z-score', 'normalization', 'image', 'quality', 'maintain', 'consistency', 'feature', 'obtain', 'customized', 'mobilenetv3-large', 'architecture', 'trainable', 'parameter', 'model', 'size', 'making', 'highly', 'suitable', 'deployment', 'mobile', 'resource-constrained', 'device', 'feature', 'extract', 'classify', 'xgboost', 'algorithm', 'develop', 'hybrid', 'mobilenetv3-large-xgboost', 'model', 'test', 'reflect', 'excellent', 'reliability', 'precision', 'disease', 'detection', 'model', 'enhance', 'automatic', 'fruit', 'disease', 'detection', 'viable', 'real-time', 'disease', 'monitoring', 'control', 'deployment', 'help', 'farmer', 'agricultural', 'expert', 'capability', 'detect', 'infection', 'crop', 'loss', 'disease', 'management', 'enhance', 'sustainable', 'mango', 'growth']",mango appreciate globally flavor nutritional economic significance one tropical fruit crop fruit diseases negatively impact mango production decrease yield quality necessity precise timely disease identification target lack automated diagnosis tool lack disease affect mango fruit rather leave effectively identify categorize disease mango fruit alternaria anthracnose black mold rot stem-end rot deep learning model develop publicly available kaggle dataset augment sample enhance generalization preprocessing involve background removal image resize noise reduction z-score normalization image quality maintain consistency feature obtain customized mobilenetv3-large architecture trainable parameter model size making highly suitable deployment mobile resource-constrained device feature extract classify xgboost algorithm develop hybrid mobilenetv3-large-xgboost model test reflect excellent reliability precision disease detection model enhance automatic fruit disease detection viable real-time disease monitoring control deployment help farmer agricultural expert capability detect infection crop loss disease management enhance sustainable mango growth,135,258,2,0.87833,"plant, model, image, fruit, leaf","Mangoes are appreciated globally for their flavor, nutritional value, and economic significance, which are one of the most significant tropical fruit crops. Various fruit diseases also negatively impact mango production, decreasing yield and quality. This shows the critical necessity for precise and timely disease identification. This study targets the issue of a lack of effective automated diagnosis tools and a lack of research on diseases affecting the mango fruit rather than the leaves. To effectively identify and categorize the main diseases of mango fruit, such as Alternaria, Anthracnose, Black Mold Rot, and Stem-End Rot, a deep learning model had to be developed. A publicly available Kaggle dataset was used and augmented to 8297 samples to enhance generalization. The preprocessing phase involved background removal, image resizing, noise reduction, and z-score normalization to improve image quality and maintain consistency. Features were obtained using a customized MobileNetV3-Large architecture that significantly reduced the number of trainable parameters from 5507,432 to 566,325 and the model size from 21.8 MB to 6.29 MB, making it highly suitable for deployment on mobile and resource-constrained devices. Featured extracts were classified using the XGBoost algorithm, developing a hybrid MobileNetV3-LargeXGBoost model. Experiment results showed 98.95  test accuracy, reflecting excellent reliability and precision in disease detection. Findings show that the proposed model not only enhances automatic fruit disease detection but also provides a viable solution for real-time disease monitoring and control. The deployment's potential helps farmers and agricultural experts with the capability to detect early infection, reduce crop loss, improve disease management approaches, and enhance sustainable mango growth.",7,"[{'text': 'Alternaria', 'type': 'SPACY_PERSON', 'start': 576, 'end': 586, 'source': 'core_web_sm'}, {'text': 'anthracnose', 'type': 'DISEASE', 'start': 588, 'end': 599, 'source': 'domain_dictionary'}, {'text': 'Black Mold Rot', 'type': 'SPACY_ORG', 'start': 601, 'end': 615, 'source': 'core_web_sm'}, {'text': 'deep learning', 'type': 'ML_TECHNIQUE', 'start': 637, 'end': 650, 'source': 'domain_dictionary'}, {'text': 'Kaggle', 'type': 'SPACY_PERSON', 'start': 699, 'end': 705, 'source': 'core_web_sm'}, {'text': 'size', 'type': 'QUALITY_ATTRIBUTE', 'start': 1117, 'end': 1121, 'source': 'domain_dictionary'}, {'text': 'MB', 'type': 'SPACY_ORG', 'start': 1143, 'end': 1145, 'source': 'core_web_sm'}, {'text': 'xgboost', 'type': 'ML_TECHNIQUE', 'start': 1276, 'end': 1283, 'source': 'domain_dictionary'}, {'text': 'xgboost', 'type': 'ML_TECHNIQUE', 'start': 1333, 'end': 1340, 'source': 'domain_dictionary'}, {'text': 'accuracy', 'type': 'METRIC', 'start': 1387, 'end': 1395, 'source': 'domain_dictionary'}, {'text': 'precision', 'type': 'METRIC', 'start': 1434, 'end': 1443, 'source': 'domain_dictionary'}]",11,0.13123359580052493,0.5039370078740157,0.3412073490813648,0.023622047244094488,METHODS,0.7698383567994894,12
83EIRGS5,conferencePaper,2024,"Raut, Savita C.; Kasat, Nilesh N.",A Review: Citrus Disease Detection Using Machine Learning Approach,"2024 2nd DMIHER International Conference on Artificial Intelligence in Healthcare, Education and Industry, IDICAIEI 2024",10.1109/IDICAIEI61867.2024.10842864,http://dx.doi.org/10.1109/IDICAIEI61867.2024.10842864,"Citrus is an important fruit crops worldwide, and diseases are one of the major constraints affecting their production and quality. An early stage detection and precise classification of citrus diseases are very important for the disease management, effectively. Diseases can affect Leaves, Fruits and stem of citrus plant. Traditional methods for disease detection and classification are time-consuming and expensive. Various techniques are proposed for the classification and detection of citrus crop diseases. Use of Machine Learning algorithms like SVM, ANN, Fuzzy C-Means Classifier, KNN, and CNN classifier are proposed by many researchers worldwide after the investigation and validation of results. This work includes the study of various citrus crop diseases and the review of literature on automatic detection and identification of the diseases using machine learning and Deep learning approaches. It also includes the brief overview of the techniques in order to improve the detection accuracy using Data Augmentation and Transfer Learning.",2024-11,2026-01-24 00:34:04,2026-01-24 00:34:04,1-5,IEEE,/home/aalejoz25/Zotero/storage/EUNB5MGZ/Raut and Kasat - 2024 - A Review Citrus Disease Detection Using Machine Learning Approach.pdf,Citrus diseases; Data Augmentation; Deep learnings(DL); Machine Learning(ML); Timely detection; Transfer Learning,a review citrus disease detection using machine learning approach,"['a', 'review', 'citrus', 'disease', 'detection', 'using', 'machine', 'learning', 'approach']","['citrus', 'disease']",citrus disease,"[('citrus', 'disease')]",9,66,2,[],"['citrus', 'fruit', 'crop', 'worldwide', 'diseases', 'one', 'constraint', 'affect', 'production', 'quality', 'detection', 'precise', 'classification', 'citrus', 'diseases', 'disease', 'management', 'effectively', 'diseases', 'affect', 'leave', 'fruit', 'stem', 'citrus', 'plant', 'method', 'disease', 'detection', 'classification', 'time-consuming', 'expensive', 'classification', 'detection', 'citrus', 'crop', 'diseases', 'machine', 'learn', 'algorithm', 'like', 'svm', 'ann', 'fuzzy', 'c-means', 'classifier', 'knn', 'cnn', 'classifier', 'researcher', 'worldwide', 'investigation', 'validation', 'citrus', 'crop', 'diseases', 'review', 'literature', 'automatic', 'detection', 'identification', 'diseases', 'machine', 'learn', 'deep', 'learning', 'brief', 'overview', 'order', 'detection', 'data', 'augmentation', 'transfer', 'learning']",citrus fruit crop worldwide diseases one constraint affect production quality detection precise classification citrus diseases disease management effectively diseases affect leave fruit stem citrus plant method disease detection classification time-consuming expensive classification detection citrus crop diseases machine learn algorithm like svm ann fuzzy c-means classifier knn cnn classifier researcher worldwide investigation validation citrus crop diseases review literature automatic detection identification diseases machine learn deep learning brief overview order detection data augmentation transfer learning,73,152,2,0.47457305,"plant, model, image, fruit, leaf","Citrus is an important fruit crops worldwide, and diseases are one of the major constraints affecting their production and quality. An early stage detection and precise classification of citrus diseases are very important for the disease management, effectively. Diseases can affect Leaves, Fruits and stem of citrus plant. Traditional methods for disease detection and classification are time-consuming and expensive. Various techniques are proposed for the classification and detection of citrus crop diseases. Use of Machine Learning algorithms like SVM, ANN, Fuzzy C-Means Classifier, KNN, and CNN classifier are proposed by many researchers worldwide after the investigation and validation of results. This work includes the study of various citrus crop diseases and the review of literature on automatic detection and identification of the diseases using machine learning and Deep learning approaches. It also includes the brief overview of the techniques in order to improve the detection accuracy using Data Augmentation and Transfer Learning.",1,"[{'text': 'classification', 'type': 'ML_TECHNIQUE', 'start': 169, 'end': 183, 'source': 'domain_dictionary'}, {'text': 'Leaves', 'type': 'SPACY_WORK_OF_ART', 'start': 283, 'end': 289, 'source': 'core_web_sm'}, {'text': 'classification', 'type': 'ML_TECHNIQUE', 'start': 370, 'end': 384, 'source': 'domain_dictionary'}, {'text': 'classification', 'type': 'ML_TECHNIQUE', 'start': 459, 'end': 473, 'source': 'domain_dictionary'}, {'text': 'Machine Learning', 'type': 'SPACY_PERSON', 'start': 520, 'end': 536, 'source': 'core_web_sm'}, {'text': 'svm', 'type': 'ML_TECHNIQUE', 'start': 553, 'end': 556, 'source': 'domain_dictionary'}, {'text': 'ann', 'type': 'ML_TECHNIQUE', 'start': 558, 'end': 561, 'source': 'domain_dictionary'}, {'text': 'Fuzzy C-Means Classifier', 'type': 'SPACY_ORG', 'start': 563, 'end': 587, 'source': 'core_web_sm'}, {'text': 'knn', 'type': 'ML_TECHNIQUE', 'start': 589, 'end': 592, 'source': 'domain_dictionary'}, {'text': 'cnn', 'type': 'ML_TECHNIQUE', 'start': 598, 'end': 601, 'source': 'domain_dictionary'}, {'text': 'deep learning', 'type': 'ML_TECHNIQUE', 'start': 882, 'end': 895, 'source': 'domain_dictionary'}, {'text': 'accuracy', 'type': 'METRIC', 'start': 996, 'end': 1004, 'source': 'domain_dictionary'}, {'text': 'data augmentation', 'type': 'ML_TECHNIQUE', 'start': 1011, 'end': 1028, 'source': 'domain_dictionary'}, {'text': 'transfer learning', 'type': 'ML_TECHNIQUE', 'start': 1033, 'end': 1050, 'source': 'domain_dictionary'}]",14,0.1716738197424893,0.6180257510729614,0.1716738197424893,0.03862660944206009,METHODS,0.7416364780221574,8
49DJ5QXV,document,2025,"Yang, Yanqiu; Mali, Priyanka; Arthur, Lawrence; Molaei, Faezeh; Atsyo, Sena; Geng, Jiarui; He, Long; Ghatrehsamani, Shirin",Advanced technologies for precision tree fruit disease management: A review,,10.1016/j.compag.2024.109704,http://dx.doi.org/10.1016/j.compag.2024.109704,"Effective disease management in tree fruit cultivation is essential for ensuring crop health, improving yield, and minimizing economic losses. In recent years, the adoption of advanced technologies has revolutionized the approach to managing tree fruit diseases. This review explores the integration of precision agriculture tools, such as Unmanned Aerial Vehicles (UAVs), Unmanned Ground Vehicles (UGVs), and various sensor technologies, alongside sophisticated machine learning algorithms and predictive models. The effectiveness of these technologies in disease scouting, monitoring, detection, and prediction is evaluated, emphasizing their potential to enhance crop health, reduce economic losses, and minimize environmental impacts. Despite the promising advancements, challenges such as data quality, computational demands, and the need for robust, generalizable models persist. This review underscores the transformative potential of these technologies in promoting a resilient, efficient, and sustainable tree fruit industry, highlighting the need for continued research and development to fully realize their benefits.",2025-02,2026-01-24 00:34:04,2026-01-24 00:34:04,,Elsevier BV,/home/aalejoz25/Zotero/storage/625XNPR7/Yang et al. - 2025 - Advanced technologies for precision tree fruit disease management A review.pdf,Remote sensing; Disease diagnostic; GIS; Machine learning algorithms; Precision agriculture; Tree fruit disease management; Unmanned vehicles,advanced technologies for precision tree fruit disease management a review,"['advanced', 'technologies', 'for', 'precision', 'tree', 'fruit', 'disease', 'management', 'a', 'review']","['advanced', 'technology', 'tree', 'fruit', 'disease', 'management']",advanced technology tree fruit disease management,"[('advanced', 'technology'), ('technology', 'tree'), ('tree', 'fruit'), ('fruit', 'disease'), ('disease', 'management')]",10,75,6,"[('advanced', 'technology', 'tree'), ('technology', 'tree', 'fruit'), ('tree', 'fruit', 'disease'), ('fruit', 'disease', 'management')]","['disease', 'management', 'tree', 'fruit', 'cultivation', 'essential', 'ensure', 'crop', 'health', 'improve', 'yield', 'minimize', 'economic', 'loss', 'adoption', 'advance', 'technology', 'revolutionize', 'manage', 'tree', 'fruit', 'diseases', 'review', 'integration', 'precision', 'agriculture', 'tool', 'unmanned', 'aerial', 'vehicle', 'uavs', 'unmanned', 'ground', 'vehicle', 'ugvs', 'sensor', 'technology', 'alongside', 'sophisticated', 'machine', 'learn', 'algorithms', 'predictive', 'effectiveness', 'technology', 'disease', 'scout', 'monitoring', 'detection', 'prediction', 'evaluate', 'emphasize', 'enhance', 'crop', 'health', 'economic', 'loss', 'minimize', 'environmental', 'impact', 'advancement', 'data', 'quality', 'computational', 'demand', 'robust', 'generalizable', 'persist', 'review', 'underscore', 'transformative', 'technology', 'promote', 'resilient', 'sustainable', 'tree', 'fruit', 'industry', 'highlight', 'continue', 'development', 'fully', 'realize', 'benefit']",disease management tree fruit cultivation essential ensure crop health improve yield minimize economic loss adoption advance technology revolutionize manage tree fruit diseases review integration precision agriculture tool unmanned aerial vehicle uavs unmanned ground vehicle ugvs sensor technology alongside sophisticated machine learn algorithms predictive effectiveness technology disease scout monitoring detection prediction evaluate emphasize enhance crop health economic loss minimize environmental impact advancement data quality computational demand robust generalizable persist review underscore transformative technology promote resilient sustainable tree fruit industry highlight continue development fully realize benefit,84,146,3,0.39294082,"soil, data, management, technology, enhance","Effective disease management in tree fruit cultivation is essential for ensuring crop health, improving yield, and minimizing economic losses. In recent years, the adoption of advanced technologies has revolutionized the approach to managing tree fruit diseases. This review explores the integration of precision agriculture tools, such as Unmanned Aerial Vehicles (UAVs), Unmanned Ground Vehicles (UGVs), and various sensor technologies, alongside sophisticated machine learning algorithms and predictive models. The effectiveness of these technologies in disease scouting, monitoring, detection, and prediction is evaluated, emphasizing their potential to enhance crop health, reduce economic losses, and minimize environmental impacts. Despite the promising advancements, challenges such as data quality, computational demands, and the need for robust, generalizable models persist. This review underscores the transformative potential of these technologies in promoting a resilient, efficient, and sustainable tree fruit industry, highlighting the need for continued research and development to fully realize their benefits.",8,"[{'text': 'precision', 'type': 'METRIC', 'start': 303, 'end': 312, 'source': 'domain_dictionary'}, {'text': 'Unmanned Aerial Vehicles', 'type': 'SPACY_ORG', 'start': 340, 'end': 364, 'source': 'core_web_sm'}, {'text': 'UAVs', 'type': 'SPACY_ORG', 'start': 366, 'end': 370, 'source': 'core_web_sm'}, {'text': 'Unmanned Ground Vehicles', 'type': 'SPACY_ORG', 'start': 373, 'end': 397, 'source': 'core_web_sm'}]",4,0.19801980198019803,0.297029702970297,0.1485148514851485,0.3564356435643565,DISCUSSION,0.9609575294435276,6
6KZL5WPX,conferencePaper,2009,"Feng, Jie; Li, Hongning; Shi, Junsheng; Yang, Weiping; Liao, Ningfang",Cucumber disease diagnosis using multispectral images,PIAGENG 2009: Image Processing and Photonics for Agricultural Engineering,10.1117/12.836944,http://dx.doi.org/10.1117/12.836944,"In this paper, multispectral imaging technique for plant diseases diagnosis is presented. Firstly, multispectral imaging system is designed. This system utilizes 15 narrow-band filters, a panchromatic band, a monochrome CCD camera, and standard illumination observing environment. The spectral reflectance and color of 8 Macbeth color patches are reproduced between 400nm and 700nm in the process. In addition, spectral reflectance angle and color difference is obtained through measurements and analysis of color patches using spectrometer and multispectral imaging system. The result shows that 16 narrow-bands multispectral imaging system realizes good accuracy in spectral reflectance and color reproduction. Secondly, a horticultural plant, cucumber' familiar disease are the researching objects. 210 multispectral samples are obtained by multispectral and are classified by BP artificial neural network. The classification accuracies of Sphaerotheca fuliginea, Corynespora cassiicola, Pseudoperonospora cubensis are 100%. Trichothecium roseum and Cladosporium cucumerinum are 96.67% and 90.00%. It is confirmed that the multispectral imaging system realizes good accuracy in the cucumber diseases diagnosis. ©2009 SPIE.",2009-07,2026-01-24 00:34:04,2026-01-24 00:34:04,74890E,SPIE,/home/aalejoz25/Zotero/storage/QLMQHG9J/Feng et al. - 2009 - Cucumber disease diagnosis using multispectral images.pdf,,cucumber disease diagnosis using multispectral images,"['cucumber', 'disease', 'diagnosis', 'using', 'multispectral', 'images']","['cucumber', 'disease', 'diagnosis', 'multispectral']",cucumber disease diagnosis multispectral,"[('cucumber', 'disease'), ('disease', 'diagnosis'), ('diagnosis', 'multispectral')]",6,53,4,"[('cucumber', 'disease', 'diagnosis'), ('disease', 'diagnosis', 'multispectral')]","['multispectral', 'imaging', 'plant', 'diseases', 'diagnosis', 'present', 'firstly', 'multispectral', 'imaging', 'system', 'design', 'system', 'narrow-band', 'filter', 'panchromatic', 'band', 'monochrome', 'ccd', 'camera', 'standard', 'illumination', 'observe', 'environment', 'spectral', 'reflectance', 'color', 'macbeth', 'color', 'patch', 'reproduce', '400nm', '700nm', 'addition', 'spectral', 'reflectance', 'angle', 'color', 'difference', 'obtain', 'measurement', 'color', 'patch', 'spectrometer', 'multispectral', 'image', 'system', 'narrow-bands', 'multispectral', 'imaging', 'system', 'realize', 'spectral', 'reflectance', 'color', 'reproduction', 'secondly', 'horticultural', 'plant', 'cucumber', 'familiar', 'disease', 'research', 'object', 'multispectral', 'sample', 'obtain', 'multispectral', 'classified', 'artificial', 'neural', 'network', 'classification', 'accuracy', 'sphaerotheca', 'fuliginea', 'corynespora', 'cassiicola', 'pseudoperonospora', 'cubensis', 'trichothecium', 'roseum', 'cladosporium', 'cucumerinum', 'multispectral', 'imaging', 'system', 'realize', 'cucumber', 'disease', 'diagnosis', 'spie']",multispectral imaging plant diseases diagnosis present firstly multispectral imaging system design system narrow-band filter panchromatic band monochrome ccd camera standard illumination observe environment spectral reflectance color macbeth color patch reproduce 400nm 700nm addition spectral reflectance angle color difference obtain measurement color patch spectrometer multispectral image system narrow-bands multispectral imaging system realize spectral reflectance color reproduction secondly horticultural plant cucumber familiar disease research object multispectral sample obtain multispectral classified artificial neural network classification accuracy sphaerotheca fuliginea corynespora cassiicola pseudoperonospora cubensis trichothecium roseum cladosporium cucumerinum multispectral imaging system realize cucumber disease diagnosis spie,91,161,4,0.9931885,"leaf, diseases, leave, trait, grape","In this paper, multispectral imaging technique for plant diseases diagnosis is presented. Firstly, multispectral imaging system is designed. This system utilizes 15 narrow-band filters, a panchromatic band, a monochrome CCD camera, and standard illumination observing environment. The spectral reflectance and color of 8 Macbeth color patches are reproduced between 400nm and 700nm in the process. In addition, spectral reflectance angle and color difference is obtained through measurements and analysis of color patches using spectrometer and multispectral imaging system. The result shows that 16 narrow-bands multispectral imaging system realizes good accuracy in spectral reflectance and color reproduction. Secondly, a horticultural plant, cucumber' familiar disease are the researching objects. 210 multispectral samples are obtained by multispectral and are classified by BP artificial neural network. The classification accuracies of Sphaerotheca fuliginea, Corynespora cassiicola, Pseudoperonospora cubensis are 100. Trichothecium roseum and Cladosporium cucumerinum are 96.67 and 90.00. It is confirmed that the multispectral imaging system realizes good accuracy in the cucumber diseases diagnosis. 2009 SPIE.",4,"[{'text': 'multispectral imaging', 'type': 'SENSING_TECHNOLOGY', 'start': 15, 'end': 36, 'source': 'domain_dictionary'}, {'text': 'multispectral imaging', 'type': 'SENSING_TECHNOLOGY', 'start': 99, 'end': 120, 'source': 'domain_dictionary'}, {'text': 'CCD', 'type': 'SPACY_ORG', 'start': 220, 'end': 223, 'source': 'core_web_sm'}, {'text': 'color', 'type': 'QUALITY_ATTRIBUTE', 'start': 310, 'end': 315, 'source': 'domain_dictionary'}, {'text': 'color', 'type': 'QUALITY_ATTRIBUTE', 'start': 329, 'end': 334, 'source': 'domain_dictionary'}, {'text': 'color', 'type': 'QUALITY_ATTRIBUTE', 'start': 442, 'end': 447, 'source': 'domain_dictionary'}, {'text': 'color', 'type': 'QUALITY_ATTRIBUTE', 'start': 508, 'end': 513, 'source': 'domain_dictionary'}, {'text': 'multispectral imaging', 'type': 'SENSING_TECHNOLOGY', 'start': 545, 'end': 566, 'source': 'domain_dictionary'}, {'text': 'multispectral imaging', 'type': 'SENSING_TECHNOLOGY', 'start': 613, 'end': 634, 'source': 'domain_dictionary'}, {'text': 'accuracy', 'type': 'METRIC', 'start': 656, 'end': 664, 'source': 'domain_dictionary'}, {'text': 'color', 'type': 'QUALITY_ATTRIBUTE', 'start': 693, 'end': 698, 'source': 'domain_dictionary'}, {'text': 'cucumber', 'type': 'CROP_TYPE', 'start': 746, 'end': 754, 'source': 'domain_dictionary'}, {'text': 'artificial neural network', 'type': 'ML_TECHNIQUE', 'start': 883, 'end': 908, 'source': 'domain_dictionary'}, {'text': 'classification', 'type': 'ML_TECHNIQUE', 'start': 914, 'end': 928, 'source': 'domain_dictionary'}, {'text': 'Sphaerotheca', 'type': 'SPACY_PERSON', 'start': 943, 'end': 955, 'source': 'core_web_sm'}, {'text': 'Corynespora', 'type': 'SPACY_PERSON', 'start': 967, 'end': 978, 'source': 'core_web_sm'}, {'text': 'Pseudoperonospora', 'type': 'SPACY_GPE', 'start': 991, 'end': 1008, 'source': 'core_web_sm'}, {'text': 'Cladosporium', 'type': 'SPACY_ORG', 'start': 1053, 'end': 1065, 'source': 'core_web_sm'}, {'text': 'multispectral imaging', 'type': 'SENSING_TECHNOLOGY', 'start': 1126, 'end': 1147, 'source': 'domain_dictionary'}, {'text': 'accuracy', 'type': 'METRIC', 'start': 1169, 'end': 1177, 'source': 'domain_dictionary'}, {'text': 'cucumber', 'type': 'CROP_TYPE', 'start': 1185, 'end': 1193, 'source': 'domain_dictionary'}]",21,0.09433962264150944,0.33962264150943394,0.5660377358490566,0.0,RESULTS,0.6575922235873276,12
TXHYS3SF,conferencePaper,2023,"Sivaganesh; Chaitra, H.; Kumar, C. V. S. S. Manohar; Kaushik, Manoj; Sharathchandra, R. G.; Nidamanuri, Rama Rao",Hyperspectral Detection of Fusarium Wilt in Tomato Plants Using Machine Learning-Based Approaches,International Geoscience and Remote Sensing Symposium (IGARSS),10.1109/IGARSS52108.2023.10282890,http://dx.doi.org/10.1109/IGARSS52108.2023.10282890,"Crop health is vital in agricultural nations like India. One of India's most important crops, tomato, is farmed and consumed globally. Bacteria, viruses, and fungi may damage tomato plants and other food and vegetable crops. Fusarium wilt is a seed-borne fungal infection that causes severe damage in the growth and yield of tomato crop. The objective of this research is the assessment of spectral discriminability and classification of health and Fusarium wilt diseased-tomato plants using hyperspectral data. In-situ reflectance measurements of healthy and infected plants over a tomato growing region (Tumkur, Karnataka, India) have been collected, processed, and analyzed to spectrally differentiate diseased and healthy plants. Various statistical and machine-learning approaches have been applied for assessing the spectral discrimination of diseased plants with sensitivity to five different levels of disease severity. Results suggest the existence of stable spectral features which differentiate healthy and diseases plants at distinct levels of disease severity. The discrimination has substantial variance with the method used. Amongst the methods used, Linear Discriminant Analysis (LDA), Gradient Boosting, and XGBoost methods offer spectral discrimination of about 80% accuracy.",2023-07,2026-01-24 00:34:04,2026-01-24 00:34:04,7583-7585,IEEE,/home/aalejoz25/Zotero/storage/AJWCQYSW/Sivaganesh et al. - 2023 - Hyperspectral Detection of Fusarium Wilt in Tomato Plants Using Machine Learning-Based Approaches.pdf,,hyperspectral detection of fusarium wilt in tomato plants using machine learningbased approaches,"['hyperspectral', 'detection', 'of', 'fusarium', 'wilt', 'in', 'tomato', 'plants', 'using', 'machine', 'learningbased', 'approaches']","['hyperspectral', 'fusarium', 'wilt', 'tomato', 'learningbased', 'approach']",hyperspectral fusarium wilt tomato learningbased approach,"[('hyperspectral', 'fusarium'), ('fusarium', 'wilt'), ('wilt', 'tomato'), ('tomato', 'learningbased'), ('learningbased', 'approach')]",12,97,6,"[('hyperspectral', 'fusarium', 'wilt'), ('fusarium', 'wilt', 'tomato'), ('wilt', 'tomato', 'learningbased'), ('tomato', 'learningbased', 'approach')]","['crop', 'health', 'vital', 'agricultural', 'nation', 'like', 'india', 'one', 'india', 'crop', 'tomato', 'farm', 'consume', 'globally', 'bacteria', 'virus', 'fungi', 'damage', 'tomato', 'plant', 'food', 'vegetable', 'crop', 'fusarium', 'wilt', 'seed-borne', 'fungal', 'infection', 'cause', 'severe', 'damage', 'growth', 'yield', 'tomato', 'crop', 'spectral', 'discriminability', 'classification', 'health', 'fusarium', 'wilt', 'diseased-tomato', 'plant', 'hyperspectral', 'data', 'in-situ', 'reflectance', 'measurement', 'healthy', 'infect', 'plant', 'tomato', 'grow', 'region', 'tumkur', 'karnataka', 'india', 'collect', 'processed', 'analyze', 'spectrally', 'differentiate', 'diseased', 'healthy', 'plant', 'statistical', 'machinelearning', 'assess', 'spectral', 'discrimination', 'diseased', 'plant', 'sensitivity', 'five', 'disease', 'severity', 'existence', 'stable', 'spectral', 'feature', 'differentiate', 'healthy', 'disease', 'plant', 'distinct', 'disease', 'severity', 'discrimination', 'substantial', 'variance', 'method', 'amongst', 'method', 'linear', 'discriminant', 'lda', 'gradient', 'boost', 'xgboost', 'method', 'offer', 'spectral', 'discrimination']",crop health vital agricultural nation like india one india crop tomato farm consume globally bacteria virus fungi damage tomato plant food vegetable crop fusarium wilt seed-borne fungal infection cause severe damage growth yield tomato crop spectral discriminability classification health fusarium wilt diseased-tomato plant hyperspectral data in-situ reflectance measurement healthy infect plant tomato grow region tumkur karnataka india collect processed analyze spectrally differentiate diseased healthy plant statistical machinelearning assess spectral discrimination diseased plant sensitivity five disease severity existence stable spectral feature differentiate healthy disease plant distinct disease severity discrimination substantial variance method amongst method linear discriminant lda gradient boost xgboost method offer spectral discrimination,103,180,2,0.7756394,"plant, model, image, fruit, leaf","Crop health is vital in agricultural nations like India. One of India's most important crops, tomato, is farmed and consumed globally. Bacteria, viruses, and fungi may damage tomato plants and other food and vegetable crops. Fusarium wilt is a seed-borne fungal infection that causes severe damage in the growth and yield of tomato crop. The objective of this research is the assessment of spectral discriminability and classification of health and Fusarium wilt diseased-tomato plants using hyperspectral data. In-situ reflectance measurements of healthy and infected plants over a tomato growing region (Tumkur, Karnataka, India) have been collected, processed, and analyzed to spectrally differentiate diseased and healthy plants. Various statistical and machine-learning approaches have been applied for assessing the spectral discrimination of diseased plants with sensitivity to five different levels of disease severity. Results suggest the existence of stable spectral features which differentiate healthy and diseases plants at distinct levels of disease severity. The discrimination has substantial variance with the method used. Amongst the methods used, Linear Discriminant Analysis (LDA), Gradient Boosting, and XGBoost methods offer spectral discrimination of about 80 accuracy.",4,"[{'text': 'India', 'type': 'SPACY_GPE', 'start': 50, 'end': 55, 'source': 'core_web_sm'}, {'text': 'India', 'type': 'SPACY_GPE', 'start': 64, 'end': 69, 'source': 'core_web_sm'}, {'text': 'tomato', 'type': 'CROP_TYPE', 'start': 94, 'end': 100, 'source': 'domain_dictionary'}, {'text': 'tomato', 'type': 'CROP_TYPE', 'start': 175, 'end': 181, 'source': 'domain_dictionary'}, {'text': 'fusarium wilt', 'type': 'DISEASE', 'start': 225, 'end': 238, 'source': 'domain_dictionary'}, {'text': 'tomato', 'type': 'CROP_TYPE', 'start': 325, 'end': 331, 'source': 'domain_dictionary'}, {'text': 'classification', 'type': 'ML_TECHNIQUE', 'start': 420, 'end': 434, 'source': 'domain_dictionary'}, {'text': 'fusarium wilt', 'type': 'DISEASE', 'start': 449, 'end': 462, 'source': 'domain_dictionary'}, {'text': 'tomato', 'type': 'CROP_TYPE', 'start': 472, 'end': 478, 'source': 'domain_dictionary'}, {'text': 'tomato', 'type': 'CROP_TYPE', 'start': 583, 'end': 589, 'source': 'domain_dictionary'}, {'text': 'Tumkur', 'type': 'SPACY_ORG', 'start': 606, 'end': 612, 'source': 'core_web_sm'}, {'text': 'Karnataka', 'type': 'SPACY_GPE', 'start': 614, 'end': 623, 'source': 'core_web_sm'}, {'text': 'India', 'type': 'SPACY_GPE', 'start': 625, 'end': 630, 'source': 'core_web_sm'}, {'text': 'sensitivity', 'type': 'METRIC', 'start': 870, 'end': 881, 'source': 'domain_dictionary'}, {'text': 'linear discriminant analysis', 'type': 'ML_TECHNIQUE', 'start': 1166, 'end': 1194, 'source': 'domain_dictionary'}, {'text': 'lda', 'type': 'ML_TECHNIQUE', 'start': 1196, 'end': 1199, 'source': 'domain_dictionary'}, {'text': 'gradient boosting', 'type': 'ML_TECHNIQUE', 'start': 1202, 'end': 1219, 'source': 'domain_dictionary'}, {'text': 'xgboost', 'type': 'ML_TECHNIQUE', 'start': 1225, 'end': 1232, 'source': 'domain_dictionary'}, {'text': 'accuracy', 'type': 'METRIC', 'start': 1284, 'end': 1292, 'source': 'domain_dictionary'}]",19,0.23529411764705882,0.4235294117647058,0.23529411764705882,0.10588235294117647,METHODS,0.9251440038956146,10
H86FUI4K,conferencePaper,2025,"Zaludin, Zakirah; Khalid, Nurul Syahirah; Danial, Nor Dalila Binti Nor; Ayob, Mohd Nasir; Hasan, Mohd Zamri; Ibrahim, Ismail Ishaq",Machine Learning (ML) and Deep Learning (DL) Based Detection of Bacterial Heart Rot (BHR) in Pineapple Leaves,2025 IEEE 15th International Conference on System Engineering and Technology (ICSET),10.1109/ICSET65917.2025.11283911,https://ieeexplore.ieee.org/document/11283911/,,2025-10,2026-01-24 00:34:04,2026-01-24 00:34:04,318-323,IEEE,/home/aalejoz25/Zotero/storage/TGG7QDQ6/Zaludin et al. - 2025 - Machine Learning (ML) and Deep Learning (DL) Based Detection of Bacterial Heart Rot (BHR) in Pineapp.pdf,,machine learning ml and deep learning dl based detection of bacterial heart rot bhr in pineapple leaves,"['machine', 'learning', 'ml', 'and', 'deep', 'learning', 'dl', 'based', 'detection', 'of', 'bacterial', 'heart', 'rot', 'bhr', 'in', 'pineapple', 'leaves']","['bacterial', 'heart', 'rot', 'bhr', 'pineapple']",bacterial heart rot bhr pineapple,"[('bacterial', 'heart'), ('heart', 'rot'), ('rot', 'bhr'), ('bhr', 'pineapple')]",17,109,5,"[('bacterial', 'heart', 'rot'), ('heart', 'rot', 'bhr'), ('rot', 'bhr', 'pineapple')]",[],,0,0,,,,,,[],0,0.0,0.0,0.0,0.0,UNKNOWN,0.0,0
SW58P9RV,conferencePaper,2023,"Manjunatha, B.; Moorthy, K. Sankara; Srinivasan, Vellayan; Awasthi, Manuj; Ashok, Merugu; Suresh, M.",Machine Learning and Internet of Things for infection Prediction in Fruits and Vegetables,"Proceedings of the 2023 2nd International Conference on Augmented Intelligence and Sustainable Systems, ICAISS 2023",10.1109/ICAISS58487.2023.10250558,http://dx.doi.org/10.1063/5.0189928,"Future agriculture will depend heavily on connected devices, detectors and the Internet of Things (IoT) to be more productive and sustainable. WSNs Technology-based communications and data can be used to solve the majority of the critical challenges in economics, technology, and environmental protection. Increasing the number of connected devices produces a significant amount of data in many different modalities. Additionally, geographical and temporal factors contribute to the rise in the number of networked devices. After being carefully processed and analyzed, this enormous volume of data will offer a deeper understanding that motivation enhances future forecasting, executive, and management of sensor compulsion.",2023,2026-01-24 00:34:04,2026-01-24 00:34:04,587-592,AIP Publishing,/home/aalejoz25/Zotero/storage/38VKPJZE/Manjunatha et al. - 2023 - Machine Learning and Internet of Things for infection Prediction in Fruits and Vegetables.pdf,Machine Learning; Agriculture; Crops; Infection; Internet of Things; Plants; Wireless,machine learning and internet of things for infection prediction in fruits and vegetables,"['machine', 'learning', 'and', 'internet', 'of', 'things', 'for', 'infection', 'prediction', 'in', 'fruits', 'and', 'vegetables']","['internet', 'thing', 'infection', 'prediction', 'fruit', 'vegetable']",internet thing infection prediction fruit vegetable,"[('internet', 'thing'), ('thing', 'infection'), ('infection', 'prediction'), ('prediction', 'fruit'), ('fruit', 'vegetable')]",13,89,6,"[('internet', 'thing', 'infection'), ('thing', 'infection', 'prediction'), ('infection', 'prediction', 'fruit'), ('prediction', 'fruit', 'vegetable')]","['agriculture', 'depend', 'heavily', 'connect', 'device', 'detector', 'internet', 'thing', 'iot', 'productive', 'sustainable', 'wsns', 'technology-based', 'communication', 'data', 'solve', 'majority', 'economics', 'technology', 'environmental', 'protection', 'increase', 'connect', 'device', 'produce', 'data', 'modality', 'geographical', 'temporal', 'contribute', 'rise', 'networked', 'device', 'carefully', 'process', 'analyze', 'enormous', 'volume', 'data', 'offer', 'deeper', 'understand', 'motivation', 'enhances', 'forecast', 'executive', 'management', 'sensor', 'compulsion']",agriculture depend heavily connect device detector internet thing iot productive sustainable wsns technology-based communication data solve majority economics technology environmental protection increase connect device produce data modality geographical temporal contribute rise networked device carefully process analyze enormous volume data offer deeper understand motivation enhances forecast executive management sensor compulsion,49,101,3,0.56776196,"soil, data, management, technology, enhance","Future agriculture will depend heavily on connected devices, detectors and the Internet of Things (IoT) to be more productive and sustainable. WSNs Technology-based communications and data can be used to solve the majority of the critical challenges in economics, technology, and environmental protection. Increasing the number of connected devices produces a significant amount of data in many different modalities. Additionally, geographical and temporal factors contribute to the rise in the number of networked devices. After being carefully processed and analyzed, this enormous volume of data will offer a deeper understanding that motivation enhances future forecasting, executive, and management of sensor compulsion.",2,"[{'text': 'WSNs Technology', 'type': 'SPACY_ORG', 'start': 143, 'end': 158, 'source': 'core_web_sm'}, {'text': 'volume', 'type': 'QUALITY_ATTRIBUTE', 'start': 584, 'end': 590, 'source': 'domain_dictionary'}]",2,0.15384615384615385,0.0,0.15384615384615385,0.6923076923076923,DISCUSSION,0.5990919737394952,5
KHLN3JAU,conferencePaper,2025,"Zhang, Kai Ting; Su, Chien Hsing; Tang, Jih Hsin",Application of Deep Learning-Based Visual Recognition for the Prevention of Rose Leaf Mite Damage,"ICCE-Taiwan 2025 - 12th IEEE International Conference on Consumer Electronics - Taiwan: Generative AI in Innovative Consumer Technology, Proceedings",10.1109/ICCE-Taiwan66881.2025.11208032,https://doi.org/10.1109/icce-taiwan66881.2025.11208032,"This study applies Convolutional Neural Networks (CNNs) to detect two-spotted spider mite (Tetranychus urticae) infestations on rose leaves in Taiwan. Rose cultivation, a vital component of Taiwan's horticultural industry, is frequently threatened by these infestations, which cause leaf chlorosis and substantial yield losses. A dataset comprising 1,051 images of both healthy and infested rose leaves was constructed, and AlexNet and VGG16 models were employed for classification. K-Fold cross-validation was used to enhance model robustness and the reliability of evaluation. Experimental results show that the VGG16 model achieved superior performance, with 90.11% accuracy and a standard deviation of 1.39%, outperforming AlexNet, which attained 88.11% accuracy.",2025,2026-01-24 00:34:04,2026-01-24 00:34:04,343-344,IEEE,/home/aalejoz25/Zotero/storage/74AMWRM3/Zhang et al. - 2025 - Application of Deep Learning-Based Visual Recognition for the Prevention of Rose Leaf Mite Damage.pdf,Deep Learning; Agriculture; Image Recognition,application of deep learningbased visual recognition for the prevention of rose leaf mite damage,"['application', 'of', 'deep', 'learningbased', 'visual', 'recognition', 'for', 'the', 'prevention', 'of', 'rose', 'leaf', 'mite', 'damage']","['learningbased', 'visual', 'recognition', 'prevention', 'rose', 'mite', 'damage']",learningbased visual recognition prevention rose mite damage,"[('learningbased', 'visual'), ('visual', 'recognition'), ('recognition', 'prevention'), ('prevention', 'rose'), ('rose', 'mite'), ('mite', 'damage')]",14,97,7,"[('learningbased', 'visual', 'recognition'), ('visual', 'recognition', 'prevention'), ('recognition', 'prevention', 'rose'), ('prevention', 'rose', 'mite'), ('rose', 'mite', 'damage')]","['convolutional', 'neural', 'network', 'cnns', 'detect', 'two-spotted', 'spider', 'mite', 'tetranychus', 'urticae', 'infestation', 'rise', 'leaf', 'taiwan', 'rise', 'cultivation', 'vital', 'taiwan', 'horticultural', 'industry', 'frequently', 'threaten', 'infestation', 'cause', 'leaf', 'chlorosis', 'substantial', 'yield', 'loss', 'dataset', 'comprise', 'image', 'healthy', 'infest', 'rise', 'leaf', 'construct', 'alexnet', 'vgg16', 'employ', 'classification', 'k-fold', 'crossvalidation', 'enhance', 'model', 'robustness', 'reliability', 'vgg16', 'model', 'superior', 'performance', 'standard', 'deviation', 'outperform', 'alexnet', 'attain']",convolutional neural network cnns detect two-spotted spider mite tetranychus urticae infestation rise leaf taiwan rise cultivation vital taiwan horticultural industry frequently threaten infestation cause leaf chlorosis substantial yield loss dataset comprise image healthy infest rise leaf construct alexnet vgg16 employ classification k-fold crossvalidation enhance model robustness reliability vgg16 model superior performance standard deviation outperform alexnet attain,56,104,2,0.69792855,"plant, model, image, fruit, leaf","This study applies Convolutional Neural Networks (CNNs) to detect two-spotted spider mite (Tetranychus urticae) infestations on rose leaves in Taiwan. Rose cultivation, a vital component of Taiwan's horticultural industry, is frequently threatened by these infestations, which cause leaf chlorosis and substantial yield losses. A dataset comprising 1,051 images of both healthy and infested rose leaves was constructed, and AlexNet and VGG16 models were employed for classification. K-Fold cross-validation was used to enhance model robustness and the reliability of evaluation. Experimental results show that the VGG16 model achieved superior performance, with 90.11 accuracy and a standard deviation of 1.39, outperforming AlexNet, which attained 88.11 accuracy.",5,"[{'text': 'Convolutional Neural Networks', 'type': 'SPACY_ORG', 'start': 19, 'end': 48, 'source': 'core_web_sm'}, {'text': 'Taiwan', 'type': 'SPACY_GPE', 'start': 143, 'end': 149, 'source': 'core_web_sm'}, {'text': 'Taiwan', 'type': 'SPACY_GPE', 'start': 190, 'end': 196, 'source': 'core_web_sm'}, {'text': 'alexnet', 'type': 'ML_MODEL', 'start': 424, 'end': 431, 'source': 'domain_dictionary'}, {'text': 'vgg16', 'type': 'ML_MODEL', 'start': 436, 'end': 441, 'source': 'domain_dictionary'}, {'text': 'classification', 'type': 'ML_TECHNIQUE', 'start': 467, 'end': 481, 'source': 'domain_dictionary'}, {'text': 'K-Fold', 'type': 'SPACY_ORG', 'start': 483, 'end': 489, 'source': 'core_web_sm'}, {'text': 'cross-validation', 'type': 'ML_TECHNIQUE', 'start': 490, 'end': 506, 'source': 'domain_dictionary'}, {'text': 'vgg16', 'type': 'ML_MODEL', 'start': 614, 'end': 619, 'source': 'domain_dictionary'}, {'text': 'accuracy', 'type': 'METRIC', 'start': 669, 'end': 677, 'source': 'domain_dictionary'}, {'text': 'alexnet', 'type': 'ML_MODEL', 'start': 727, 'end': 734, 'source': 'domain_dictionary'}, {'text': 'accuracy', 'type': 'METRIC', 'start': 758, 'end': 766, 'source': 'domain_dictionary'}]",12,0.04310344827586207,0.5689655172413793,0.3879310344827586,0.0,METHODS,0.5941929038692347,5
2HYVSISX,conferencePaper,2024,"Krishnan, Hari; Priyadharshini, K.; Gowsic, M.; Mahesh, N.; Vijayananth, S.; Sudhakar, P.",Retraction Notice: Plant disease analysis using image processing in MATLAB,"2019 IEEE International Conference on System, Computation, Automation and Networking (ICSCAN)",10.1109/icscan46389.2019.10702764,,,2024-03,2026-01-24 00:34:04,2026-01-24 00:34:04,1,IEEE,/home/aalejoz25/Zotero/storage/JR9PE5VA/Krishnan et al. - 2024 - Retraction Notice Plant disease analysis using image processing in MATLAB.pdf,,retraction notice plant disease analysis using image processing in matlab,"['retraction', 'notice', 'plant', 'disease', 'analysis', 'using', 'image', 'processing', 'in', 'matlab']","['retraction', 'notice', 'disease', 'matlab']",retraction notice disease matlab,"[('retraction', 'notice'), ('notice', 'disease'), ('disease', 'matlab')]",10,74,4,"[('retraction', 'notice', 'disease'), ('notice', 'disease', 'matlab')]",[],,0,0,,,,,,[],0,0.0,0.0,0.0,0.0,UNKNOWN,0.0,0
CKZDTXJ4,conferencePaper,2023,"Rayed, Md Eshmam; Abdullah-Al-Akib; Alfaz, Nazia; Niha, Sadia Islam; Islam, S. M. Sajibul",A vision transformer-based approach for recognizing seven prevalent mango leaf diseases,"2023 26th International Conference on Computer and Information Technology, ICCIT 2023",10.1109/ICCIT60459.2023.10441449,http://dx.doi.org/10.1109/ICCIT60459.2023.10441449,"Plant diseases, particularly affecting fruit crops, pose a significant challenge to the worldwide supply of fresh food due to their direct impact on the quality of fruits, resulting in an overall decline in agricultural production. The traditional approach of detecting leaf diseases in fruit plants requires farmers to undertake manual inspection which exhibits a lack of reliability and consistency. Moreover, the manual inspection procedure is prone to errors due to its reliance on the farmer's knowledge and skill. Mango referred to as the ""king of all fruits"", is renowned for its rich composition of various vitamins and vital nutrients. Mangoes are susceptible to many diseases that adversely damage their visual appeal, and flavor, and have significant implications on the overall economy. The identification of diseases affecting mango plant leaves using automated recognition remains a challenge due to the diverse range of symptoms and limited availability of data. There have been several deep learning-based research studies focused on identifying diseases in mango leaves; however, the majority of these studies have employed a convolutional neural network (CNN) trained on a small number of data. This study presents a Vision Transformer (ViT) based approach to detect diseases in mango leaves using publicly available data namely MangoLeafBD. The ViT model has been selected as the detection model due to its parameter efficiency compared to deep CNN models. The ViT has produced remarkable overall classification accuracy of 100%, precision of 100%, recall of 100%, and f1-score of 100% for disease detection on mango leaves which is better than the existing CNN approaches on the MangoLeafBD dataset. This demonstrates that our approach has the potential to assist farmers in the field by providing automated, simple, and more reliable mango leaf disease diagnosis.",2023,2026-01-24 00:34:04,2026-01-24 00:34:04,1-6,IEEE,/home/aalejoz25/Zotero/storage/PV74U6Y3/Rayed et al. - 2023 - A vision transformer-based approach for recognizing seven prevalent mango leaf diseases.pdf,Deep learning; Image classification; Mango leaf disease; Vision Transformer (ViT),a vision transformerbased approach for recognizing seven prevalent mango leaf diseases,"['a', 'vision', 'transformerbased', 'approach', 'for', 'recognizing', 'seven', 'prevalent', 'mango', 'leaf', 'diseases']","['transformerbased', 'recognizing', 'seven', 'prevalent', 'mango', 'disease']",transformerbased recognizing seven prevalent mango disease,"[('transformerbased', 'recognizing'), ('recognizing', 'seven'), ('seven', 'prevalent'), ('prevalent', 'mango'), ('mango', 'disease')]",11,87,6,"[('transformerbased', 'recognizing', 'seven'), ('recognizing', 'seven', 'prevalent'), ('seven', 'prevalent', 'mango'), ('prevalent', 'mango', 'disease')]","['plant', 'disease', 'affect', 'fruit', 'crop', 'pose', 'worldwide', 'supply', 'fresh', 'food', 'due', 'direct', 'impact', 'quality', 'fruit', 'decline', 'agricultural', 'production', 'detect', 'leaf', 'disease', 'fruit', 'plant', 'farmer', 'undertake', 'manual', 'inspection', 'exhibit', 'lack', 'reliability', 'consistency', 'manual', 'inspection', 'prone', 'error', 'due', 'reliance', 'farmer', 'knowledge', 'skill', 'mango', 'refer', 'king', 'fruit', 'renowned', 'rich', 'composition', 'vitamin', 'vital', 'nutrient', 'mango', 'susceptible', 'disease', 'adversely', 'damage', 'visual', 'appeal', 'flavor', 'implication', 'economy', 'identification', 'diseases', 'affect', 'mango', 'plant', 'leave', 'automate', 'recognition', 'remain', 'due', 'diverse', 'range', 'symptom', 'limited', 'availability', 'data', 'deep', 'learning-based', 'study', 'identify', 'disease', 'mango', 'leave', 'majority', 'study', 'employ', 'convolutional', 'neural', 'network', 'cnn', 'train', 'data', 'vision', 'transformer', 'vit', 'detect', 'diseases', 'mango', 'leaf', 'publicly', 'available', 'data', 'namely', 'mangoleafbd', 'vit', 'model', 'select', 'detection', 'model', 'due', 'parameter', 'efficiency', 'deep', 'cnn', 'vit', 'produce', 'remarkable', 'classification', 'precision', 'recall', 'f1-score', 'disease', 'detection', 'mango', 'leave', 'cnn', 'mangoleafbd', 'dataset', 'assist', 'farmer', 'provide', 'automate', 'reliable', 'mango', 'leaf', 'disease', 'diagnosis']",plant disease affect fruit crop pose worldwide supply fresh food due direct impact quality fruit decline agricultural production detect leaf disease fruit plant farmer undertake manual inspection exhibit lack reliability consistency manual inspection prone error due reliance farmer knowledge skill mango refer king fruit renowned rich composition vitamin vital nutrient mango susceptible disease adversely damage visual appeal flavor implication economy identification diseases affect mango plant leave automate recognition remain due diverse range symptom limited availability data deep learning-based study identify disease mango leave majority study employ convolutional neural network cnn train data vision transformer vit detect diseases mango leaf publicly available data namely mangoleafbd vit model select detection model due parameter efficiency deep cnn vit produce remarkable classification precision recall f1-score disease detection mango leave cnn mangoleafbd dataset assist farmer provide automate reliable mango leaf disease diagnosis,137,286,2,0.7752625,"plant, model, image, fruit, leaf","Plant diseases, particularly affecting fruit crops, pose a significant challenge to the worldwide supply of fresh food due to their direct impact on the quality of fruits, resulting in an overall decline in agricultural production. The traditional approach of detecting leaf diseases in fruit plants requires farmers to undertake manual inspection which exhibits a lack of reliability and consistency. Moreover, the manual inspection procedure is prone to errors due to its reliance on the farmer's knowledge and skill. Mango referred to as the ""king of all fruits"", is renowned for its rich composition of various vitamins and vital nutrients. Mangoes are susceptible to many diseases that adversely damage their visual appeal, and flavor, and have significant implications on the overall economy. The identification of diseases affecting mango plant leaves using automated recognition remains a challenge due to the diverse range of symptoms and limited availability of data. There have been several deep learning-based research studies focused on identifying diseases in mango leaves; however, the majority of these studies have employed a convolutional neural network (CNN) trained on a small number of data. This study presents a Vision Transformer (ViT) based approach to detect diseases in mango leaves using publicly available data namely MangoLeafBD. The ViT model has been selected as the detection model due to its parameter efficiency compared to deep CNN models. The ViT has produced remarkable overall classification accuracy of 100, precision of 100, recall of 100, and f1-score of 100 for disease detection on mango leaves which is better than the existing CNN approaches on the MangoLeafBD dataset. This demonstrates that our approach has the potential to assist farmers in the field by providing automated, simple, and more reliable mango leaf disease diagnosis.",1,"[{'text': 'deep learning', 'type': 'ML_TECHNIQUE', 'start': 1002, 'end': 1015, 'source': 'domain_dictionary'}, {'text': 'neural network', 'type': 'ML_TECHNIQUE', 'start': 1157, 'end': 1171, 'source': 'domain_dictionary'}, {'text': 'cnn', 'type': 'ML_TECHNIQUE', 'start': 1173, 'end': 1176, 'source': 'domain_dictionary'}, {'text': 'Vision Transformer', 'type': 'SPACY_ORG', 'start': 1235, 'end': 1253, 'source': 'core_web_sm'}, {'text': 'vit', 'type': 'ML_MODEL', 'start': 1255, 'end': 1258, 'source': 'domain_dictionary'}, {'text': 'MangoLeafBD', 'type': 'SPACY_PRODUCT', 'start': 1347, 'end': 1358, 'source': 'core_web_sm'}, {'text': 'vit', 'type': 'ML_MODEL', 'start': 1364, 'end': 1367, 'source': 'domain_dictionary'}, {'text': 'cnn', 'type': 'ML_TECHNIQUE', 'start': 1464, 'end': 1467, 'source': 'domain_dictionary'}, {'text': 'vit', 'type': 'ML_MODEL', 'start': 1480, 'end': 1483, 'source': 'domain_dictionary'}, {'text': 'classification', 'type': 'ML_TECHNIQUE', 'start': 1516, 'end': 1530, 'source': 'domain_dictionary'}, {'text': 'accuracy', 'type': 'METRIC', 'start': 1531, 'end': 1539, 'source': 'domain_dictionary'}, {'text': 'precision', 'type': 'METRIC', 'start': 1549, 'end': 1558, 'source': 'domain_dictionary'}, {'text': 'recall', 'type': 'METRIC', 'start': 1568, 'end': 1574, 'source': 'domain_dictionary'}, {'text': 'f1-score', 'type': 'METRIC', 'start': 1588, 'end': 1596, 'source': 'domain_dictionary'}, {'text': 'cnn', 'type': 'ML_TECHNIQUE', 'start': 1677, 'end': 1680, 'source': 'domain_dictionary'}]",15,0.17073170731707318,0.40975609756097564,0.24390243902439024,0.175609756097561,METHODS,0.9500091259345519,11
BARGI5CG,conferencePaper,2024,"Janjua, Ubaid ur Rehman; Maimaitijiang, Maitiniyazi; Millett, Bruce; Yabwalo, Dalitso; Dilmurat, Kamila; Billah, Mohammad Maruf; Khan, Shahid Nawaz; Shires, Madalyn; Sehgal, Sunish K.; Ali, Shaukat",Wheat Fusarium Head Blight Disease Severity Estimation using UAS Multispectral Imagery and Machine Learning,"2024 International Conference on Frontiers of Information Technology, FIT 2024",10.1109/FIT63703.2024.10838453,http://dx.doi.org/10.1109/FIT63703.2024.10838453,"Wheat is an important primary crop that feeds billions of people worldwide. Wheat diseases, particularly Fusarium Head Blight (FHB), often have severe effects on yield quality and the health of humans and livestock. Traditional field-based methods for monitoring wheat diseases are time-consuming and inefficient. Remote sensing approach, particularly the use of aerial imaging via Uncrewed Aircraft Systems (UAS) has become an essential tool for fine-scale and rapid field scouting and crop disease monitoring in recent years. This study investigates the potential of combining high-resolution UAS multispectral imagery with machine learning (ML) methods to detect FHB disease severity. Two experimental wheat fields were set up in Brookings, South Dakota, USA, in 2022. The severity of FHB disease was assessed periodically through visual observation, with synchronous UAS flights collecting multispectral imagery. UAS-based canopy spectral and texture features were derived and used as input variables to develop ML-based classification and regression models to estimate FHB disease severity. Conventional ML methods such as Support Vector Machine (SVM) and Random Forest (RF), along with deep learning models like Deep Neural Network (DNN) and One-Dimensional Convolutional Neural Network (1D-CNN), were employed. SVM demonstrated superior performance in both classification and regression analyses for predicting FHB disease severity levels, achieving an overall accuracy of 0.80 using texture features in classification and an R2 of 0.73 using spectral features in regression. The results show that both spectral and texture features are important features for estimating wheat FHB disease severity. UAS remote sensing, coupled with ML-based approaches, provides a rapid and accurate method to assess FHB disease severity at a fine scale over large areas.",2024,2026-01-24 00:34:04,2026-01-24 00:34:04,1-6,IEEE,/home/aalejoz25/Zotero/storage/6UY5L2RT/Janjua et al. - 2024 - Wheat Fusarium Head Blight Disease Severity Estimation using UAS Multispectral Imagery and Machine L.pdf,machine learning; Fusarium Head Blight (FHB); spectral features; texture features; Uncrewed Aircraft Systems (UAS),wheat fusarium head blight disease severity estimation using uas multispectral imagery and machine learning,"['wheat', 'fusarium', 'head', 'blight', 'disease', 'severity', 'estimation', 'using', 'uas', 'multispectral', 'imagery', 'and', 'machine', 'learning']","['wheat', 'fusarium', 'head', 'blight', 'disease', 'severity', 'estimation', 'uas', 'multispectral', 'imagery']",wheat fusarium head blight disease severity estimation uas multispectral imagery,"[('wheat', 'fusarium'), ('fusarium', 'head'), ('head', 'blight'), ('blight', 'disease'), ('disease', 'severity'), ('severity', 'estimation'), ('estimation', 'uas'), ('uas', 'multispectral'), ('multispectral', 'imagery')]",14,107,10,"[('wheat', 'fusarium', 'head'), ('fusarium', 'head', 'blight'), ('head', 'blight', 'disease'), ('blight', 'disease', 'severity'), ('disease', 'severity', 'estimation'), ('severity', 'estimation', 'uas'), ('estimation', 'uas', 'multispectral'), ('uas', 'multispectral', 'imagery')]","['wheat', 'primary', 'crop', 'feed', 'billion', 'people', 'worldwide', 'wheat', 'disease', 'fusarium', 'head', 'blight', 'fhb', 'often', 'severe', 'effect', 'yield', 'quality', 'health', 'human', 'livestock', 'field-based', 'method', 'monitor', 'wheat', 'disease', 'time-consuming', 'inefficient', 'remote', 'sense', 'aerial', 'imaging', 'via', 'uncrewed', 'aircraft', 'uas', 'become', 'essential', 'tool', 'fine-scale', 'rapid', 'scout', 'crop', 'disease', 'monitor', 'combine', 'high-resolution', 'uas', 'multispectral', 'imagery', 'machine', 'learn', 'method', 'detect', 'fhb', 'disease', 'severity', 'two', 'wheat', 'brookings', 'south', 'dakota', 'usa', 'severity', 'fhb', 'disease', 'assess', 'periodically', 'visual', 'observation', 'synchronous', 'uas', 'flight', 'collect', 'multispectral', 'imagery', 'uas-based', 'canopy', 'spectral', 'texture', 'feature', 'derive', 'input', 'variable', 'develop', 'ml-based', 'classification', 'regression', 'estimate', 'fhb', 'disease', 'severity', 'method', 'vector', 'machine', 'svm', 'random', 'forest', 'along', 'deep', 'learning', 'like', 'deep', 'neural', 'network', 'dnn', 'one-dimensional', 'convolutional', 'neural', 'network', '1d-cnn', 'employ', 'svm', 'superior', 'performance', 'classification', 'regression', 'predict', 'fhb', 'disease', 'severity', 'achieve', 'texture', 'feature', 'classification', 'spectral', 'feature', 'regression', 'spectral', 'texture', 'feature', 'feature', 'estimate', 'wheat', 'fhb', 'disease', 'severity', 'uas', 'remote', 'sense', 'couple', 'ml-based', 'rapid', 'accurate', 'method', 'assess', 'fhb', 'disease', 'severity', 'fine', 'scale']",wheat primary crop feed billion people worldwide wheat disease fusarium head blight fhb often severe effect yield quality health human livestock field-based method monitor wheat disease time-consuming inefficient remote sense aerial imaging via uncrewed aircraft uas become essential tool fine-scale rapid scout crop disease monitor combine high-resolution uas multispectral imagery machine learn method detect fhb disease severity two wheat brookings south dakota usa severity fhb disease assess periodically visual observation synchronous uas flight collect multispectral imagery uas-based canopy spectral texture feature derive input variable develop ml-based classification regression estimate fhb disease severity method vector machine svm random forest along deep learning like deep neural network dnn one-dimensional convolutional neural network 1d-cnn employ svm superior performance classification regression predict fhb disease severity achieve texture feature classification spectral feature regression spectral texture feature feature estimate wheat fhb disease severity uas remote sense couple ml-based rapid accurate method assess fhb disease severity fine scale,151,265,2,0.6252923,"plant, model, image, fruit, leaf","Wheat is an important primary crop that feeds billions of people worldwide. Wheat diseases, particularly Fusarium Head Blight (FHB), often have severe effects on yield quality and the health of humans and livestock. Traditional field-based methods for monitoring wheat diseases are time-consuming and inefficient. Remote sensing approach, particularly the use of aerial imaging via Uncrewed Aircraft Systems (UAS) has become an essential tool for fine-scale and rapid field scouting and crop disease monitoring in recent years. This study investigates the potential of combining high-resolution UAS multispectral imagery with machine learning (ML) methods to detect FHB disease severity. Two experimental wheat fields were set up in Brookings, South Dakota, USA, in 2022. The severity of FHB disease was assessed periodically through visual observation, with synchronous UAS flights collecting multispectral imagery. UAS-based canopy spectral and texture features were derived and used as input variables to develop ML-based classification and regression models to estimate FHB disease severity. Conventional ML methods such as Support Vector Machine (SVM) and Random Forest (RF), along with deep learning models like Deep Neural Network (DNN) and One-Dimensional Convolutional Neural Network (1D-CNN), were employed. SVM demonstrated superior performance in both classification and regression analyses for predicting FHB disease severity levels, achieving an overall accuracy of 0.80 using texture features in classification and an R2 of 0.73 using spectral features in regression. The results show that both spectral and texture features are important features for estimating wheat FHB disease severity. UAS remote sensing, coupled with ML-based approaches, provides a rapid and accurate method to assess FHB disease severity at a fine scale over large areas.",8,"[{'text': 'Head Blight', 'type': 'SPACY_PERSON', 'start': 114, 'end': 125, 'source': 'core_web_sm'}, {'text': 'FHB', 'type': 'SPACY_ORG', 'start': 127, 'end': 130, 'source': 'core_web_sm'}, {'text': 'remote sensing', 'type': 'SENSING_TECHNOLOGY', 'start': 314, 'end': 328, 'source': 'domain_dictionary'}, {'text': 'aerial imaging', 'type': 'SENSING_TECHNOLOGY', 'start': 363, 'end': 377, 'source': 'domain_dictionary'}, {'text': 'Uncrewed Aircraft Systems', 'type': 'SPACY_ORG', 'start': 382, 'end': 407, 'source': 'core_web_sm'}, {'text': 'UAS', 'type': 'SPACY_ORG', 'start': 409, 'end': 412, 'source': 'core_web_sm'}, {'text': 'UAS', 'type': 'SPACY_ORG', 'start': 595, 'end': 598, 'source': 'core_web_sm'}, {'text': 'ML', 'type': 'SPACY_ORG', 'start': 644, 'end': 646, 'source': 'core_web_sm'}, {'text': 'Brookings', 'type': 'SPACY_GPE', 'start': 733, 'end': 742, 'source': 'core_web_sm'}, {'text': 'South Dakota', 'type': 'SPACY_GPE', 'start': 744, 'end': 756, 'source': 'core_web_sm'}, {'text': 'USA', 'type': 'SPACY_GPE', 'start': 758, 'end': 761, 'source': 'core_web_sm'}, {'text': 'UAS', 'type': 'SPACY_ORG', 'start': 871, 'end': 874, 'source': 'core_web_sm'}, {'text': 'UAS', 'type': 'SPACY_ORG', 'start': 917, 'end': 920, 'source': 'core_web_sm'}, {'text': 'texture', 'type': 'QUALITY_ATTRIBUTE', 'start': 947, 'end': 954, 'source': 'domain_dictionary'}, {'text': 'ML', 'type': 'SPACY_ORG', 'start': 1016, 'end': 1018, 'source': 'core_web_sm'}, {'text': 'classification', 'type': 'ML_TECHNIQUE', 'start': 1025, 'end': 1039, 'source': 'domain_dictionary'}, {'text': 'regression', 'type': 'ML_TECHNIQUE', 'start': 1044, 'end': 1054, 'source': 'domain_dictionary'}, {'text': 'FHB', 'type': 'SPACY_ORG', 'start': 1074, 'end': 1077, 'source': 'core_web_sm'}, {'text': 'support vector machine', 'type': 'ML_TECHNIQUE', 'start': 1128, 'end': 1150, 'source': 'domain_dictionary'}, {'text': 'svm', 'type': 'ML_TECHNIQUE', 'start': 1152, 'end': 1155, 'source': 'domain_dictionary'}, {'text': 'random forest', 'type': 'ML_TECHNIQUE', 'start': 1161, 'end': 1174, 'source': 'domain_dictionary'}, {'text': 'rf', 'type': 'ML_TECHNIQUE', 'start': 1176, 'end': 1178, 'source': 'domain_dictionary'}, {'text': 'deep learning', 'type': 'ML_TECHNIQUE', 'start': 1192, 'end': 1205, 'source': 'domain_dictionary'}, {'text': 'Deep Neural Network', 'type': 'SPACY_ORG', 'start': 1218, 'end': 1237, 'source': 'core_web_sm'}, {'text': 'neural network', 'type': 'ML_TECHNIQUE', 'start': 1278, 'end': 1292, 'source': 'domain_dictionary'}, {'text': 'cnn', 'type': 'ML_TECHNIQUE', 'start': 1297, 'end': 1300, 'source': 'domain_dictionary'}, {'text': 'svm', 'type': 'ML_TECHNIQUE', 'start': 1318, 'end': 1321, 'source': 'domain_dictionary'}, {'text': 'classification', 'type': 'ML_TECHNIQUE', 'start': 1364, 'end': 1378, 'source': 'domain_dictionary'}, {'text': 'regression', 'type': 'ML_TECHNIQUE', 'start': 1383, 'end': 1393, 'source': 'domain_dictionary'}, {'text': 'FHB', 'type': 'SPACY_ORG', 'start': 1418, 'end': 1421, 'source': 'core_web_sm'}, {'text': 'accuracy', 'type': 'METRIC', 'start': 1468, 'end': 1476, 'source': 'domain_dictionary'}, {'text': 'texture', 'type': 'QUALITY_ATTRIBUTE', 'start': 1491, 'end': 1498, 'source': 'domain_dictionary'}, {'text': 'classification', 'type': 'ML_TECHNIQUE', 'start': 1511, 'end': 1525, 'source': 'domain_dictionary'}, {'text': 'r2', 'type': 'METRIC', 'start': 1533, 'end': 1535, 'source': 'domain_dictionary'}, {'text': 'regression', 'type': 'ML_TECHNIQUE', 'start': 1571, 'end': 1581, 'source': 'domain_dictionary'}, {'text': 'texture', 'type': 'QUALITY_ATTRIBUTE', 'start': 1623, 'end': 1630, 'source': 'domain_dictionary'}, {'text': 'FHB', 'type': 'SPACY_ORG', 'start': 1684, 'end': 1687, 'source': 'core_web_sm'}, {'text': 'UAS', 'type': 'SPACY_ORG', 'start': 1706, 'end': 1709, 'source': 'core_web_sm'}, {'text': 'remote sensing', 'type': 'SENSING_TECHNOLOGY', 'start': 1710, 'end': 1724, 'source': 'domain_dictionary'}, {'text': 'ML', 'type': 'SPACY_ORG', 'start': 1739, 'end': 1741, 'source': 'core_web_sm'}, {'text': 'FHB', 'type': 'SPACY_ORG', 'start': 1807, 'end': 1810, 'source': 'core_web_sm'}]",41,0.1322751322751323,0.634920634920635,0.1851851851851852,0.04761904761904762,METHODS,0.730916167315529,12
TD7MCHXZ,conferencePaper,2022,"Rekha, K. S.; Phaneendra, H. D.; Gandha, B. C. Shri; Rohan, H.; Niranjan, B. N. Sai; Badrinat, Chitrala",Disease Detection in Tomato Plants Using CNN,"2022 IEEE 3rd Global Conference for Advancement in Technology, GCAT 2022",10.1109/GCAT55367.2022.9972186,http://dx.doi.org/10.1109/GCAT55367.2022.9972186,"Tomato is one of the highest yield cash crops in the World and is produced in large quantity to fulfil the huge market demand. In India tomato season prevails throughout the year and has high commercial value, it is harvested four times a year based on the geo location. Diseases indirectly affect the quality and yield of the crops. In this regard always prevention is better than cure is the best way to go, so early diseases detection plays a crucial role for high quality yielding and plays a crucial role in scientific agricultural practice with proper pesticides for specific category of disease. The objective of the study is to categorise tomato diseases using deep hidden layers of Convolution Neural Network (CNN),for the identification and classifying 8different classes of diseases in tomato leaf with an accuracy around 94.17%, our model which uses CNN allows the farmers to get an accurate disease prediction based on the photo uploaded by them and remedies for the diseases is suggested, the processing of image is done by using feature extraction methods where feature such as shape, colour, and texture are taken in consideration.",2022-10,2026-01-24 00:34:04,2026-01-24 00:34:04,1-6,IEEE,/home/aalejoz25/Zotero/storage/BMBJ44TV/Rekha et al. - 2022 - Disease Detection in Tomato Plants Using CNN.pdf,Convolution Neural Network (CNN),disease detection in tomato plants using cnn,"['disease', 'detection', 'in', 'tomato', 'plants', 'using', 'cnn']","['disease', 'tomato', 'cnn']",disease tomato cnn,"[('disease', 'tomato'), ('tomato', 'cnn')]",7,44,3,"[('disease', 'tomato', 'cnn')]","['tomato', 'one', 'yield', 'cash', 'crop', 'world', 'produce', 'quantity', 'fulfil', 'huge', 'market', 'demand', 'india', 'tomato', 'season', 'prevail', 'throughout', 'commercial', 'harvest', 'four', 'geo', 'location', 'diseases', 'indirectly', 'affect', 'quality', 'yield', 'crop', 'regard', 'always', 'prevention', 'cure', 'diseases', 'detection', 'play', 'crucial', 'role', 'quality', 'yield', 'play', 'crucial', 'role', 'scientific', 'agricultural', 'practice', 'proper', 'pesticide', 'specific', 'category', 'disease', 'categorise', 'tomato', 'diseases', 'deep', 'hidden', 'layer', 'convolution', 'neural', 'network', 'cnn', 'identification', 'classify', '8different', 'class', 'diseases', 'tomato', 'leaf', 'model', 'cnn', 'farmer', 'get', 'accurate', 'disease', 'prediction', 'photo', 'uploaded', 'remedy', 'diseases', 'process', 'image', 'feature', 'extraction', 'method', 'feature', 'shape', 'colour', 'texture', 'take', 'consideration']",tomato one yield cash crop world produce quantity fulfil huge market demand india tomato season prevail throughout commercial harvest four geo location diseases indirectly affect quality yield crop regard always prevention cure diseases detection play crucial role quality yield play crucial role scientific agricultural practice proper pesticide specific category disease categorise tomato diseases deep hidden layer convolution neural network cnn identification classify 8different class diseases tomato leaf model cnn farmer get accurate disease prediction photo uploaded remedy diseases process image feature extraction method feature shape colour texture take consideration,89,189,2,0.9428771,"plant, model, image, fruit, leaf","Tomato is one of the highest yield cash crops in the World and is produced in large quantity to fulfil the huge market demand. In India tomato season prevails throughout the year and has high commercial value, it is harvested four times a year based on the geo location. Diseases indirectly affect the quality and yield of the crops. In this regard always prevention is better than cure is the best way to go, so early diseases detection plays a crucial role for high quality yielding and plays a crucial role in scientific agricultural practice with proper pesticides for specific category of disease. The objective of the study is to categorise tomato diseases using deep hidden layers of Convolution Neural Network (CNN),for the identification and classifying 8different classes of diseases in tomato leaf with an accuracy around 94.17, our model which uses CNN allows the farmers to get an accurate disease prediction based on the photo uploaded by them and remedies for the diseases is suggested, the processing of image is done by using feature extraction methods where feature such as shape, colour, and texture are taken in consideration.",5,"[{'text': 'tomato', 'type': 'CROP_TYPE', 'start': 0, 'end': 6, 'source': 'domain_dictionary'}, {'text': 'India', 'type': 'SPACY_GPE', 'start': 130, 'end': 135, 'source': 'core_web_sm'}, {'text': 'tomato', 'type': 'CROP_TYPE', 'start': 136, 'end': 142, 'source': 'domain_dictionary'}, {'text': 'geo', 'type': 'SPACY_PRODUCT', 'start': 257, 'end': 260, 'source': 'core_web_sm'}, {'text': 'tomato', 'type': 'CROP_TYPE', 'start': 647, 'end': 653, 'source': 'domain_dictionary'}, {'text': 'Convolution Neural Network', 'type': 'SPACY_ORG', 'start': 691, 'end': 717, 'source': 'core_web_sm'}, {'text': 'cnn', 'type': 'ML_TECHNIQUE', 'start': 719, 'end': 722, 'source': 'domain_dictionary'}, {'text': 'tomato', 'type': 'CROP_TYPE', 'start': 797, 'end': 803, 'source': 'domain_dictionary'}, {'text': 'accuracy', 'type': 'METRIC', 'start': 817, 'end': 825, 'source': 'domain_dictionary'}, {'text': 'cnn', 'type': 'ML_TECHNIQUE', 'start': 862, 'end': 865, 'source': 'domain_dictionary'}, {'text': 'feature extraction', 'type': 'ML_TECHNIQUE', 'start': 1044, 'end': 1062, 'source': 'domain_dictionary'}, {'text': 'shape', 'type': 'QUALITY_ATTRIBUTE', 'start': 1093, 'end': 1098, 'source': 'domain_dictionary'}, {'text': 'colour', 'type': 'QUALITY_ATTRIBUTE', 'start': 1100, 'end': 1106, 'source': 'domain_dictionary'}, {'text': 'texture', 'type': 'QUALITY_ATTRIBUTE', 'start': 1112, 'end': 1119, 'source': 'domain_dictionary'}]",14,0.0617283950617284,0.8148148148148148,0.1234567901234568,0.0,METHODS,0.43067232652857257,5
QYMPJTHF,conferencePaper,2014,"Pujari, Jagadeesh D.; Yakkundimath, Rajesh; Byadgi, Abdulmunaf S.",Identification and classification of fungal disease affected on agriculture/horticulture crops using image processing techniques,"2014 IEEE International Conference on Computational Intelligence and Computing Research, IEEE ICCIC 2014",10.1109/ICCIC.2014.7238283,http://dx.doi.org/10.1109/ICCIC.2014.7238283,"This paper presents a study on the image processing techniques used to identify and classify fungal disease symptoms affected on different agriculture/horticulture crops. Many diseases exhibit general symptoms that are be caused by different pathogens produced by leaves, roots etc. Images Often do not possess sufficient details to assist in diagnosis, resulting in waste of time, misshaping the diagnostician to arrive at incorrect diagnosis. Farmers experience great difficulties and also in changing from one disease control policy to another i.e. intensive use of pesticides. Farmers are also concerned about the huge costs involved in these activities and severe loss. The cost intensity, automatic correct identification and classification of diseases based on their particular symptoms is very useful to farmers and also agriculture scientists. Early detection of diseases is a major challenge in horticulture / agriculture science. Development of proper methodology, certainly of use in these areas. Plant diseases are caused by bacteria, fungi, virus, nematodes, etc., of which fungi is the main disease causing organism. The present study has been focused on early detection and classification of fungal disease and its related symptoms.",2014,2026-01-24 00:34:04,2026-01-24 00:34:04,1-4,IEEE,/home/aalejoz25/Zotero/storage/LPD2FPD5/Pujari et al. - 2014 - Identification and classification of fungal disease affected on agriculturehorticulture crops using.pdf,agriculture crops; fungal disease; horticulture crops; pattern recognition,identification and classification of fungal disease affected on agriculturehorticulture crops using image processing techniques,"['identification', 'and', 'classification', 'of', 'fungal', 'disease', 'affected', 'on', 'agriculturehorticulture', 'crops', 'using', 'image', 'processing', 'techniques']","['fungal', 'disease', 'affected', 'agriculturehorticulture', 'technique']",fungal disease affected agriculturehorticulture technique,"[('fungal', 'disease'), ('disease', 'affected'), ('affected', 'agriculturehorticulture'), ('agriculturehorticulture', 'technique')]",14,128,5,"[('fungal', 'disease', 'affected'), ('disease', 'affected', 'agriculturehorticulture'), ('affected', 'agriculturehorticulture', 'technique')]","['image', 'processing', 'identify', 'classify', 'fungal', 'disease', 'symptom', 'affect', 'agriculture', 'horticulture', 'crop', 'diseases', 'exhibit', 'general', 'symptom', 'cause', 'pathogen', 'produce', 'leave', 'root', 'etc', 'image', 'often', 'possess', 'sufficient', 'detail', 'assist', 'diagnosis', 'waste', 'misshaping', 'diagnostician', 'arrive', 'incorrect', 'diagnosis', 'farmer', 'experience', 'great', 'difficulty', 'change', 'one', 'disease', 'control', 'policy', 'another', 'intensive', 'pesticide', 'farmer', 'concerned', 'huge', 'cost', 'involve', 'severe', 'loss', 'cost', 'intensity', 'automatic', 'correct', 'identification', 'classification', 'diseases', 'particular', 'symptom', 'useful', 'farmer', 'agriculture', 'scientist', 'detection', 'diseases', 'horticulture', 'agriculture', 'science', 'development', 'proper', 'certainly', 'plant', 'disease', 'cause', 'bacteria', 'fungi', 'virus', 'nematode', 'etc', 'fungi', 'disease', 'cause', 'organism', 'present', 'detection', 'classification', 'fungal', 'disease', 'relate', 'symptom']",image processing identify classify fungal disease symptom affect agriculture horticulture crop diseases exhibit general symptom cause pathogen produce leave root etc image often possess sufficient detail assist diagnosis waste misshaping diagnostician arrive incorrect diagnosis farmer experience great difficulty change one disease control policy another intensive pesticide farmer concerned huge cost involve severe loss cost intensity automatic correct identification classification diseases particular symptom useful farmer agriculture scientist detection diseases horticulture agriculture science development proper certainly plant disease cause bacteria fungi virus nematode etc fungi disease cause organism present detection classification fungal disease relate symptom,93,183,2,0.6054706,"plant, model, image, fruit, leaf","This paper presents a study on the image processing techniques used to identify and classify fungal disease symptoms affected on different agriculturehorticulture crops. Many diseases exhibit general symptoms that are be caused by different pathogens produced by leaves, roots etc. Images Often do not possess sufficient details to assist in diagnosis, resulting in waste of time, misshaping the diagnostician to arrive at incorrect diagnosis. Farmers experience great difficulties and also in changing from one disease control policy to another i.e. intensive use of pesticides. Farmers are also concerned about the huge costs involved in these activities and severe loss. The cost intensity, automatic correct identification and classification of diseases based on their particular symptoms is very useful to farmers and also agriculture scientists. Early detection of diseases is a major challenge in horticulture  agriculture science. Development of proper methodology, certainly of use in these areas. Plant diseases are caused by bacteria, fungi, virus, nematodes, etc., of which fungi is the main disease causing organism. The present study has been focused on early detection and classification of fungal disease and its related symptoms.",3,"[{'text': 'classification', 'type': 'ML_TECHNIQUE', 'start': 732, 'end': 746, 'source': 'domain_dictionary'}, {'text': 'classification', 'type': 'ML_TECHNIQUE', 'start': 1190, 'end': 1204, 'source': 'domain_dictionary'}]",2,0.4878048780487804,0.2926829268292682,0.0,0.2195121951219512,INTRODUCTION,0.752099942100175,9
K7HCQSV7,journalArticle,2023,"Shen, Shuangqian; Zhan, Chuansong; Yang, Chenkun; Fernie, Alisdair R.; Luo, Jie",Metabolomics-centered mining of plant metabolic diversity and function: Past decade and future perspectives,Molecular Plant,10.1016/j.molp.2022.09.007,http://dx.doi.org/10.1016/j.molp.2022.09.007,,2023,2026-01-24 00:34:04,2026-01-24 00:34:04,43-63,Elsevier BV,/home/aalejoz25/Zotero/storage/4RRJSCWU/Shen et al. - 2023 - Metabolomics-centered mining of plant metabolic diversity and function Past decade and future persp.pdf,,metabolomicscentered mining of plant metabolic diversity and function past decade and future perspectives,"['metabolomicscentered', 'mining', 'of', 'plant', 'metabolic', 'diversity', 'and', 'function', 'past', 'decade', 'and', 'future', 'perspectives']","['metabolomicscentered', 'mining', 'metabolic', 'diversity', 'function', 'past', 'decade', 'future', 'perspective']",metabolomicscentered mining metabolic diversity function past decade future perspective,"[('metabolomicscentered', 'mining'), ('mining', 'metabolic'), ('metabolic', 'diversity'), ('diversity', 'function'), ('function', 'past'), ('past', 'decade'), ('decade', 'future'), ('future', 'perspective')]",13,107,9,"[('metabolomicscentered', 'mining', 'metabolic'), ('mining', 'metabolic', 'diversity'), ('metabolic', 'diversity', 'function'), ('diversity', 'function', 'past'), ('function', 'past', 'decade'), ('past', 'decade', 'future'), ('decade', 'future', 'perspective')]",[],,0,0,,,,,,[],0,0.0,0.0,0.0,0.0,UNKNOWN,0.0,0
4X42USNJ,journalArticle,2024,"Safari, Yonasi; Nakatumba-Nabende, Joyce; Nakasi, Rose; Nakibuule, Rose",A Review on Automated Detection and Assessment of Fruit Damage Using Machine Learning,IEEE Access,10.1109/ACCESS.2024.3362230,http://dx.doi.org/10.1109/ACCESS.2024.3362230,"Automation improves the quality of fruits through quick and accurate detection of pest and disease infections, thus contributing to the country's economic growth and productivity. Although humans can identify the fruit damage caused by pests and diseases, the methods used are inconsistent, time-consuming, and variable. The surface features of fruits typically observed by consumers who seek their health benefits affect their market value. The issue of pest and disease infections further deteriorates fruits' quality, becoming a mounting stressor on farmers since they reduce the potential revenue from fruit production, processing, and export. This article reviews various studies on detecting and classifying damages in fruits. Specifically, we review articles where state-of-the-art approaches under segmentation, image processing, machine learning, and deep learning have proved effective in developing automated systems that address hurdles associated with manual methods of assessing damage using visual experiences. This survey reviews thirty-two journal and conference papers from the past thirteen years that were found electronically through Google Scholar, Scopus, IEEE, ScienceDirect, and standard online searches. This survey further presents a detailed discussion of previous research done in the past while emphasizing their strengths and limitations as well as outlining potential future research topics. It also reveals that much as the use of automated detection and classification of fruit damage has yielded promising results in the horticulture industry, more research is still needed with systems required to fully automate the detection and classification processes, especially those that are mobile phone-based towards addressing occlusion challenges.",2024,2026-01-24 00:34:04,2026-01-24 00:34:04,21358-21381,Institute of Electrical and Electronics Engineers (IEEE),/home/aalejoz25/Zotero/storage/S2UPW4II/Safari et al. - 2024 - A Review on Automated Detection and Assessment of Fruit Damage Using Machine Learning.pdf,deep learning; classification; Fruit damage detection; image analysis; segmentation,a review on automated detection and assessment of fruit damage using machine learning,"['a', 'review', 'on', 'automated', 'detection', 'and', 'assessment', 'of', 'fruit', 'damage', 'using', 'machine', 'learning']","['fruit', 'damage']",fruit damage,"[('fruit', 'damage')]",13,85,2,[],"['automation', 'quality', 'fruit', 'quick', 'accurate', 'detection', 'pest', 'disease', 'infection', 'contribute', 'country', 'economic', 'growth', 'productivity', 'human', 'identify', 'fruit', 'damage', 'cause', 'pest', 'disease', 'method', 'inconsistent', 'time-consuming', 'variable', 'surface', 'feature', 'fruit', 'typically', 'consumer', 'seek', 'health', 'benefit', 'affect', 'market', 'pest', 'disease', 'infection', 'deteriorate', 'fruit', 'quality', 'become', 'mount', 'stressor', 'farmer', 'since', 'revenue', 'fruit', 'production', 'process', 'export', 'review', 'study', 'detect', 'classify', 'damage', 'fruit', 'review', 'article', 'segmentation', 'image', 'processing', 'machine', 'learn', 'deep', 'learning', 'prove', 'develop', 'automated', 'hurdle', 'associate', 'manual', 'method', 'assess', 'damage', 'visual', 'experience', 'survey', 'review', 'thirty-two', 'journal', 'conference', 'paper', 'thirteen', 'electronically', 'google', 'scholar', 'scopus', 'ieee', 'sciencedirect', 'standard', 'online', 'search', 'survey', 'detailed', 'discussion', 'emphasize', 'strength', 'outline', 'topic', 'much', 'automate', 'detection', 'classification', 'fruit', 'damage', 'yield', 'horticulture', 'industry', 'still', 'fully', 'automate', 'detection', 'classification', 'mobile', 'phone-based', 'towards', 'address', 'occlusion']",automation quality fruit quick accurate detection pest disease infection contribute country economic growth productivity human identify fruit damage cause pest disease method inconsistent time-consuming variable surface feature fruit typically consumer seek health benefit affect market pest disease infection deteriorate fruit quality become mount stressor farmer since revenue fruit production process export review study detect classify damage fruit review article segmentation image processing machine learn deep learning prove develop automated hurdle associate manual method assess damage visual experience survey review thirty-two journal conference paper thirteen electronically google scholar scopus ieee sciencedirect standard online search survey detailed discussion emphasize strength outline topic much automate detection classification fruit damage yield horticulture industry still fully automate detection classification mobile phone-based towards address occlusion,119,245,2,0.694231,"plant, model, image, fruit, leaf","Automation improves the quality of fruits through quick and accurate detection of pest and disease infections, thus contributing to the country's economic growth and productivity. Although humans can identify the fruit damage caused by pests and diseases, the methods used are inconsistent, time-consuming, and variable. The surface features of fruits typically observed by consumers who seek their health benefits affect their market value. The issue of pest and disease infections further deteriorates fruits' quality, becoming a mounting stressor on farmers since they reduce the potential revenue from fruit production, processing, and export. This article reviews various studies on detecting and classifying damages in fruits. Specifically, we review articles where state-of-the-art approaches under segmentation, image processing, machine learning, and deep learning have proved effective in developing automated systems that address hurdles associated with manual methods of assessing damage using visual experiences. This survey reviews thirty-two journal and conference papers from the past thirteen years that were found electronically through Google Scholar, Scopus, IEEE, ScienceDirect, and standard online searches. This survey further presents a detailed discussion of previous research done in the past while emphasizing their strengths and limitations as well as outlining potential future research topics. It also reveals that much as the use of automated detection and classification of fruit damage has yielded promising results in the horticulture industry, more research is still needed with systems required to fully automate the detection and classification processes, especially those that are mobile phone-based towards addressing occlusion challenges.",7,"[{'text': 'deep learning', 'type': 'ML_TECHNIQUE', 'start': 860, 'end': 873, 'source': 'domain_dictionary'}, {'text': 'Google Scholar', 'type': 'SPACY_ORG', 'start': 1155, 'end': 1169, 'source': 'core_web_sm'}, {'text': 'Scopus', 'type': 'SPACY_ORG', 'start': 1171, 'end': 1177, 'source': 'core_web_sm'}, {'text': 'IEEE', 'type': 'SPACY_ORG', 'start': 1179, 'end': 1183, 'source': 'core_web_sm'}, {'text': 'ScienceDirect', 'type': 'SPACY_ORG', 'start': 1185, 'end': 1198, 'source': 'core_web_sm'}, {'text': 'classification', 'type': 'ML_TECHNIQUE', 'start': 1488, 'end': 1502, 'source': 'domain_dictionary'}, {'text': 'classification', 'type': 'ML_TECHNIQUE', 'start': 1667, 'end': 1681, 'source': 'domain_dictionary'}]",7,0.17006802721088435,0.163265306122449,0.2380952380952381,0.4285714285714286,DISCUSSION,0.9391931601050022,9
7KJD5N5V,journalArticle,2026,"Mapuranga, Johannes; Yang, Wenxiang",Harnessing biological control and advanced technologies for sustainable wheat rust management: An integrated approach,Pesticide Biochemistry and Physiology,10.1016/j.pestbp.2025.106931,http://dx.doi.org/10.1016/j.pestbp.2025.106931,"Wheat rusts caused by biotrophic fungi of the genus Puccinia continuously threaten global wheat production and food security. The rapid evolution of virulent races, and the limitations of chemical fungicides, including environmental contamination, human health concerns, and resistance development, necessitate a shift towards integrated management strategies. This review explores biocontrol agents (BCAs), including fungal (Trichoderma spp., Cladosporium cladosporioides), bacterial (Bacillus subtilis , Pseudomonas spp.), and actinomycetes (Streptomyces spp.), as foundational components of wheat rusts management. We highlight their modes of action such as mycoparasitism, antibiosis, competition, and the induction of systemic resistance. Additionally, we explore how cutting-edge adjunct technologies can enhance the efficacy and sustainability of BCAs. These include nano-formulations, for targeted antimicrobial actions and plant defense potentiation; plant extracts and antimicrobial peptides as natural defense elicitors; and artificial intelligence (AI) tools, for presymptomatic detection, severity quantification, epidemic forecasting, and early warning systems that enable precise application of BCAs and nano-formulations. While BCAs, nanoformulations, plant extracts and AI-driven tools offer powerful, environmentally benign alternatives capable of significantly reducing reliance on synthetic chemicals, chemical fungicides remain an essential component of current wheat rusts management, particularly during severe epidemics or when rapid knockdown of inoculum is required. A truly integrated and sustainable strategy therefore combines these novel approaches with the judicious, resistance-management-oriented use of effective chemical fungicides applied according to economic thresholds and in rotation or mixture to delay resistance development, thereby maximizing durability and minimizing environmental impact. However, the successful translation of this strategy to the field hinges on overcoming key challenges in formulation stability, scalable production, and seamless integration into existing and chemical-based agricultural practices to mitigate the impact of wheat rusts and safeguard global wheat yields and food security.",2026-03,2026-01-24 00:34:04,2026-01-24 00:34:04,106931,Elsevier BV,/home/aalejoz25/Zotero/storage/FDXRDQYA/Mapuranga and Yang - 2026 - Harnessing biological control and advanced technologies for sustainable wheat rust management An in.pdf,Artificial intelligence; Biocontrol agents; Chemical fungicides; Integrated disease management; Nanoparticles; Puccinia spp.; Wheat rusts,harnessing biological control and advanced technologies for sustainable wheat rust management an integrated approach,"['harnessing', 'biological', 'control', 'and', 'advanced', 'technologies', 'for', 'sustainable', 'wheat', 'rust', 'management', 'an', 'integrated', 'approach']","['harnessing', 'biological', 'control', 'advanced', 'technology', 'sustainable', 'wheat', 'rust', 'management', 'integrated']",harnessing biological control advanced technology sustainable wheat rust management integrated,"[('harnessing', 'biological'), ('biological', 'control'), ('control', 'advanced'), ('advanced', 'technology'), ('technology', 'sustainable'), ('sustainable', 'wheat'), ('wheat', 'rust'), ('rust', 'management'), ('management', 'integrated')]",14,117,10,"[('harnessing', 'biological', 'control'), ('biological', 'control', 'advanced'), ('control', 'advanced', 'technology'), ('advanced', 'technology', 'sustainable'), ('technology', 'sustainable', 'wheat'), ('sustainable', 'wheat', 'rust'), ('wheat', 'rust', 'management'), ('rust', 'management', 'integrated')]","['wheat', 'rust', 'cause', 'biotrophic', 'fungi', 'genus', 'puccinia', 'continuously', 'threaten', 'global', 'wheat', 'production', 'food', 'security', 'rapid', 'evolution', 'virulent', 'race', 'chemical', 'fungicide', 'environmental', 'contamination', 'human', 'health', 'concern', 'resistance', 'development', 'necessitate', 'shift', 'towards', 'integrated', 'management', 'strategy', 'review', 'biocontrol', 'agent', 'bcas', 'fungal', 'trichoderma', 'spp', 'cladosporium', 'cladosporioides', 'bacterial', 'bacillus', 'subtilis', 'pseudomonas', 'spp', 'actinomycete', 'streptomyces', 'spp', 'foundational', 'wheat', 'rust', 'management', 'highlight', 'mode', 'action', 'mycoparasitism', 'antibiosis', 'competition', 'induction', 'systemic', 'resistance', 'cutting-edge', 'adjunct', 'technology', 'enhance', 'efficacy', 'sustainability', 'bcas', 'nano-formulations', 'target', 'antimicrobial', 'action', 'plant', 'defense', 'potentiation', 'plant', 'extract', 'antimicrobial', 'peptide', 'natural', 'defense', 'elicitors', 'artificial', 'intelligence', 'tool', 'presymptomatic', 'detection', 'severity', 'quantification', 'epidemic', 'forecasting', 'warn', 'precise', 'application', 'bcas', 'nano-formulations', 'bcas', 'nanoformulations', 'plant', 'extract', 'ai-driven', 'tool', 'offer', 'powerful', 'environmentally', 'benign', 'alternative', 'capable', 'reduce', 'reliance', 'synthetic', 'chemical', 'chemical', 'fungicide', 'remain', 'essential', 'wheat', 'rust', 'management', 'severe', 'epidemic', 'rapid', 'knockdown', 'inoculum', 'truly', 'integrated', 'sustainable', 'strategy', 'combine', 'judicious', 'resistance-management-oriented', 'chemical', 'fungicide', 'accord', 'economic', 'threshold', 'rotation', 'mixture', 'delay', 'resistance', 'development', 'thereby', 'maximize', 'durability', 'minimize', 'environmental', 'impact', 'translation', 'strategy', 'hinge', 'overcome', 'formulation', 'stability', 'scalable', 'production', 'seamless', 'integration', 'chemical-based', 'agricultural', 'practice', 'mitigate', 'impact', 'wheat', 'rust', 'safeguard', 'global', 'wheat', 'yield', 'food', 'security']",wheat rust cause biotrophic fungi genus puccinia continuously threaten global wheat production food security rapid evolution virulent race chemical fungicide environmental contamination human health concern resistance development necessitate shift towards integrated management strategy review biocontrol agent bcas fungal trichoderma spp cladosporium cladosporioides bacterial bacillus subtilis pseudomonas spp actinomycete streptomyces spp foundational wheat rust management highlight mode action mycoparasitism antibiosis competition induction systemic resistance cutting-edge adjunct technology enhance efficacy sustainability bcas nano-formulations target antimicrobial action plant defense potentiation plant extract antimicrobial peptide natural defense elicitors artificial intelligence tool presymptomatic detection severity quantification epidemic forecasting warn precise application bcas nano-formulations bcas nanoformulations plant extract ai-driven tool offer powerful environmentally benign alternative capable reduce reliance synthetic chemical chemical fungicide remain essential wheat rust management severe epidemic rapid knockdown inoculum truly integrated sustainable strategy combine judicious resistance-management-oriented chemical fungicide accord economic threshold rotation mixture delay resistance development thereby maximize durability minimize environmental impact translation strategy hinge overcome formulation stability scalable production seamless integration chemical-based agricultural practice mitigate impact wheat rust safeguard global wheat yield food security,172,280,2,0.38907745,"plant, model, image, fruit, leaf","Wheat rusts caused by biotrophic fungi of the genus Puccinia continuously threaten global wheat production and food security. The rapid evolution of virulent races, and the limitations of chemical fungicides, including environmental contamination, human health concerns, and resistance development, necessitate a shift towards integrated management strategies. This review explores biocontrol agents (BCAs), including fungal (Trichoderma spp., Cladosporium cladosporioides), bacterial (Bacillus subtilis , Pseudomonas spp.), and actinomycetes (Streptomyces spp.), as foundational components of wheat rusts management. We highlight their modes of action such as mycoparasitism, antibiosis, competition, and the induction of systemic resistance. Additionally, we explore how cutting-edge adjunct technologies can enhance the efficacy and sustainability of BCAs. These include nano-formulations, for targeted antimicrobial actions and plant defense potentiation; plant extracts and antimicrobial peptides as natural defense elicitors; and artificial intelligence (AI) tools, for presymptomatic detection, severity quantification, epidemic forecasting, and early warning systems that enable precise application of BCAs and nano-formulations. While BCAs, nanoformulations, plant extracts and AI-driven tools offer powerful, environmentally benign alternatives capable of significantly reducing reliance on synthetic chemicals, chemical fungicides remain an essential component of current wheat rusts management, particularly during severe epidemics or when rapid knockdown of inoculum is required. A truly integrated and sustainable strategy therefore combines these novel approaches with the judicious, resistance-management-oriented use of effective chemical fungicides applied according to economic thresholds and in rotation or mixture to delay resistance development, thereby maximizing durability and minimizing environmental impact. However, the successful translation of this strategy to the field hinges on overcoming key challenges in formulation stability, scalable production, and seamless integration into existing and chemical-based agricultural practices to mitigate the impact of wheat rusts and safeguard global wheat yields and food security.",2,"[{'text': 'biotrophic fungi', 'type': 'SPACY_PERSON', 'start': 22, 'end': 38, 'source': 'core_web_sm'}, {'text': 'Puccinia', 'type': 'SPACY_GPE', 'start': 52, 'end': 60, 'source': 'core_web_sm'}, {'text': 'Cladosporium', 'type': 'SPACY_ORG', 'start': 444, 'end': 456, 'source': 'core_web_sm'}, {'text': 'Pseudomonas spp.', 'type': 'SPACY_GPE', 'start': 506, 'end': 522, 'source': 'core_web_sm'}, {'text': 'AI', 'type': 'SPACY_GPE', 'start': 1287, 'end': 1289, 'source': 'core_web_sm'}]",5,0.27027027027027023,0.16216216216216214,0.2027027027027027,0.36486486486486486,DISCUSSION,0.9665953757763242,9
8JU6PDWC,journalArticle,2025,"Baek, Insuck; Cha, Minhyeok; Lim, Seunghyun; Irish, Brian M.; Oh, Sookyung; Bhatt, Jishnu; Upadhyay, Rakesh K.; Kim, Moon S.; Meinhardt, Lyndel W.; Park, Sunchung; Ahn, Ezekiel","Integrated phenotypic analysis, predictive modeling, and identification of novel trait-associated loci in a diverse Theobroma cacao collection",BMC Plant Biology,10.1186/s12870-025-07128-y,http://dx.doi.org/10.1186/s12870-025-07128-y,"Background: Cacao (Theobroma cacao L.) breeding and improvement rely on understanding germplasm diversity and trait architecture. This study characterized a cacao collection (173 accessions) evaluated in Puerto Rico, examining phenotypic diversity, trait interrelationships, and performing comparative analyses with published Trinidad and Colombia datasets. We also developed machine learning (ML) models for yield prediction and identified yield-associated SNP markers. Results: The cacao collection showed significant phenotypic variation and strong intra-collection trait correlations. Comparative analyses revealed conserved trait responses across environments, notably linking susceptibility to black pod rot in Puerto Rico with Witches' Broom Disease in Colombia, suggesting a broad-spectrum disease response mechanism. Machine learning models effectively modeled yield, quantifying a hierarchy of predictor importance, with ‘Total pods', ‘Infection rate', and ‘Pod weight' being the most influential. Integrating existing SNP data for 28 common accessions, multiple SNPs were identified as significantly associated with key horticultural traits, including ‘Total pods', ‘Infection rate', and ‘Yield' (FDR < 0.01). Notably, a single genetic marker on chromosome 5 (TcSNP475), located within a putative zinc finger stress-associated protein gene (Tc05_t008610), was associated with both ‘Total pods' and ‘Yield', representing a prime target for marker-assisted selection. Conclusions: This research provides a detailed characterization of a wide germplasm collection, robust yield predictors, and a suite of novel trait-linked genetic markers, offering valuable resources for cacao breeding. These integrated findings will provide a solid foundation for targeted breeding strategies and deeper molecular investigations into the mechanisms underpinning yield and stress resilience in this vital global crop.",2025,2026-01-24 00:34:04,2026-01-24 00:34:04,,Springer Science and Business Media LLC,"/home/aalejoz25/Zotero/storage/PHUC43Y5/Baek et al. - 2025 - Integrated phenotypic analysis, predictive modeling, and identification of novel trait-associated lo.pdf",,integrated phenotypic analysis predictive modeling and identification of novel traitassociated loci in a diverse theobroma cacao collection,"['integrated', 'phenotypic', 'analysis', 'predictive', 'modeling', 'and', 'identification', 'of', 'novel', 'traitassociated', 'loci', 'in', 'a', 'diverse', 'theobroma', 'cacao', 'collection']","['integrated', 'phenotypic', 'predictive', 'modeling', 'traitassociated', 'locus', 'diverse', 'theobroma', 'cacao', 'collection']",integrated phenotypic predictive modeling traitassociated locus diverse theobroma cacao collection,"[('integrated', 'phenotypic'), ('phenotypic', 'predictive'), ('predictive', 'modeling'), ('modeling', 'traitassociated'), ('traitassociated', 'locus'), ('locus', 'diverse'), ('diverse', 'theobroma'), ('theobroma', 'cacao'), ('cacao', 'collection')]",17,142,10,"[('integrated', 'phenotypic', 'predictive'), ('phenotypic', 'predictive', 'modeling'), ('predictive', 'modeling', 'traitassociated'), ('modeling', 'traitassociated', 'locus'), ('traitassociated', 'locus', 'diverse'), ('locus', 'diverse', 'theobroma'), ('diverse', 'theobroma', 'cacao'), ('theobroma', 'cacao', 'collection')]","['background', 'cacao', 'theobroma', 'cacao', 'breeding', 'improvement', 'rely', 'understanding', 'germplasm', 'diversity', 'trait', 'architecture', 'characterize', 'cacao', 'collection', 'accession', 'evaluate', 'puerto', 'rico', 'examine', 'phenotypic', 'diversity', 'trait', 'interrelationship', 'perform', 'comparative', 'publish', 'trinidad', 'colombia', 'datasets', 'develop', 'machine', 'learn', 'yield', 'prediction', 'identify', 'yield-associated', 'snp', 'marker', 'cacao', 'collection', 'phenotypic', 'variation', 'strong', 'intra-collection', 'trait', 'correlation', 'comparative', 'conserve', 'trait', 'response', 'across', 'environment', 'notably', 'link', 'susceptibility', 'black', 'pod', 'rot', 'puerto', 'rico', 'witch', 'broom', 'disease', 'colombia', 'suggest', 'broad-spectrum', 'disease', 'response', 'mechanism', 'machine', 'learn', 'effectively', 'model', 'yield', 'quantify', 'hierarchy', 'predictor', 'importance', 'pod', 'infection', 'pod', 'weight', 'influential', 'integrating', 'snp', 'data', 'common', 'accession', 'snps', 'identify', 'associated', 'horticultural', 'trait', 'pod', 'infection', 'yield', 'fdr', 'notably', 'single', 'genetic', 'marker', 'chromosome', 'tcsnp475', 'locate', 'within', 'putative', 'zinc', 'finger', 'stress-associated', 'protein', 'gene', 'tc05_t008610', 'associate', 'pod', 'yield', 'represent', 'prime', 'target', 'marker-assisted', 'selection', 'conclusion', 'detailed', 'characterization', 'wide', 'germplasm', 'collection', 'robust', 'yield', 'predictor', 'suite', 'trait-linked', 'genetic', 'marker', 'offer', 'valuable', 'resource', 'cacao', 'breed', 'integrate', 'solid', 'foundation', 'target', 'breeding', 'strategy', 'deeper', 'molecular', 'investigation', 'mechanisms', 'underpinning', 'yield', 'stress', 'resilience', 'vital', 'global', 'crop']",background cacao theobroma cacao breeding improvement rely understanding germplasm diversity trait architecture characterize cacao collection accession evaluate puerto rico examine phenotypic diversity trait interrelationship perform comparative publish trinidad colombia datasets develop machine learn yield prediction identify yield-associated snp marker cacao collection phenotypic variation strong intra-collection trait correlation comparative conserve trait response across environment notably link susceptibility black pod rot puerto rico witch broom disease colombia suggest broad-spectrum disease response mechanism machine learn effectively model yield quantify hierarchy predictor importance pod infection pod weight influential integrating snp data common accession snps identify associated horticultural trait pod infection yield fdr notably single genetic marker chromosome tcsnp475 locate within putative zinc finger stress-associated protein gene tc05_t008610 associate pod yield represent prime target marker-assisted selection conclusion detailed characterization wide germplasm collection robust yield predictor suite trait-linked genetic marker offer valuable resource cacao breed integrate solid foundation target breeding strategy deeper molecular investigation mechanisms underpinning yield stress resilience vital global crop,156,246,4,0.6484549,"leaf, diseases, leave, trait, grape","Background: Cacao (Theobroma cacao L.) breeding and improvement rely on understanding germplasm diversity and trait architecture. This study characterized a cacao collection (173 accessions) evaluated in Puerto Rico, examining phenotypic diversity, trait interrelationships, and performing comparative analyses with published Trinidad and Colombia datasets. We also developed machine learning (ML) models for yield prediction and identified yield-associated SNP markers. Results: The cacao collection showed significant phenotypic variation and strong intra-collection trait correlations. Comparative analyses revealed conserved trait responses across environments, notably linking susceptibility to black pod rot in Puerto Rico with Witches' Broom Disease in Colombia, suggesting a broad-spectrum disease response mechanism. Machine learning models effectively modeled yield, quantifying a hierarchy of predictor importance, with Total pods', Infection rate', and Pod weight' being the most influential. Integrating existing SNP data for 28 common accessions, multiple SNPs were identified as significantly associated with key horticultural traits, including Total pods', Infection rate', and Yield' (FDR  0.01). Notably, a single genetic marker on chromosome 5 (TcSNP475), located within a putative zinc finger stress-associated protein gene (Tc05_t008610), was associated with both Total pods' and Yield', representing a prime target for marker-assisted selection. Conclusions: This research provides a detailed characterization of a wide germplasm collection, robust yield predictors, and a suite of novel trait-linked genetic markers, offering valuable resources for cacao breeding. These integrated findings will provide a solid foundation for targeted breeding strategies and deeper molecular investigations into the mechanisms underpinning yield and stress resilience in this vital global crop.",7,"[{'text': 'Cacao', 'type': 'SPACY_GPE', 'start': 12, 'end': 17, 'source': 'core_web_sm'}, {'text': 'Theobroma', 'type': 'SPACY_PERSON', 'start': 19, 'end': 28, 'source': 'core_web_sm'}, {'text': 'Puerto Rico', 'type': 'SPACY_GPE', 'start': 204, 'end': 215, 'source': 'core_web_sm'}, {'text': 'Trinidad', 'type': 'SPACY_GPE', 'start': 326, 'end': 334, 'source': 'core_web_sm'}, {'text': 'Colombia', 'type': 'SPACY_GPE', 'start': 339, 'end': 347, 'source': 'core_web_sm'}, {'text': 'ML', 'type': 'SPACY_ORG', 'start': 394, 'end': 396, 'source': 'core_web_sm'}, {'text': 'SNP', 'type': 'SPACY_ORG', 'start': 458, 'end': 461, 'source': 'core_web_sm'}, {'text': 'Puerto Rico', 'type': 'SPACY_GPE', 'start': 717, 'end': 728, 'source': 'core_web_sm'}, {'text': ""Witches' Broom Disease"", 'type': 'SPACY_ORG', 'start': 734, 'end': 756, 'source': 'core_web_sm'}, {'text': 'Colombia', 'type': 'SPACY_GPE', 'start': 760, 'end': 768, 'source': 'core_web_sm'}, {'text': 'weight', 'type': 'QUALITY_ATTRIBUTE', 'start': 972, 'end': 978, 'source': 'domain_dictionary'}, {'text': 'SNP', 'type': 'SPACY_ORG', 'start': 1029, 'end': 1032, 'source': 'core_web_sm'}, {'text': 'FDR', 'type': 'SPACY_PERSON', 'start': 1208, 'end': 1211, 'source': 'core_web_sm'}, {'text': 'zinc', 'type': 'NUTRITIONAL_PARAMETER', 'start': 1308, 'end': 1312, 'source': 'domain_dictionary'}, {'text': 'cacao', 'type': 'SPACY_GPE', 'start': 1681, 'end': 1686, 'source': 'core_web_sm'}]",15,0.19607843137254904,0.411764705882353,0.3921568627450981,0.0,METHODS,0.758795918563708,10
E5Y62QNP,conferencePaper,2023,"Mathew, Deepthy; Kumar, C. Sathish; Cherian, K. Anita",Classification of leaf spot diseases in banana using pre-trained convolutional neural networks,"2023 International Conference on Control, Communication and Computing, ICCC 2023",10.1109/ICCC57789.2023.10165629,http://dx.doi.org/10.1109/ICCC57789.2023.10165629,"Banana is a leading fruit crop in the global market and is grown all over the world. However, its production and trade are severely affected by the diseases caused by fungi, bacte- ria and viruses. Early diagnosis and management of such diseases are essential to avoid the yield loss. This paper demonstrates a deep learning based automated algorithm for the classification of three important leaf spot diseases in banana namely, Sigatoka, Cordana and Deightoneilla. Images of banana leaves infected with these diseases have been applied to four augmented pre-trained convolutional neural networks and their performance in disease classification is compared. An accuracy of 91.7% is achieved on the model with DenseNet 121 backbone.",2023-05,2026-01-24 00:34:04,2026-01-24 00:34:04,1-5,IEEE,/home/aalejoz25/Zotero/storage/VCFM5ZLW/Mathew et al. - 2023 - Classification of leaf spot diseases in banana using pre-trained convolutional neural networks.pdf,DenseNet; Leaf diseases; Musa; pre-trained convolutional neural networks; transfer-learning models,classification of leaf spot diseases in banana using pretrained convolutional neural networks,"['classification', 'of', 'leaf', 'spot', 'diseases', 'in', 'banana', 'using', 'pretrained', 'convolutional', 'neural', 'networks']","['spot', 'disease', 'banana', 'pretrained', 'convolutional']",spot disease banana pretrained convolutional,"[('spot', 'disease'), ('disease', 'banana'), ('banana', 'pretrained'), ('pretrained', 'convolutional')]",12,94,5,"[('spot', 'disease', 'banana'), ('disease', 'banana', 'pretrained'), ('banana', 'pretrained', 'convolutional')]","['banana', 'lead', 'fruit', 'crop', 'global', 'market', 'grown', 'world', 'production', 'trade', 'severely', 'affect', 'disease', 'cause', 'fungi', 'bacte', 'ria', 'viruses', 'diagnosis', 'management', 'diseases', 'essential', 'avoid', 'yield', 'loss', 'deep', 'learning', 'automate', 'algorithm', 'classification', 'three', 'leaf', 'spot', 'diseases', 'banana', 'namely', 'sigatoka', 'cordana', 'deightoneilla', 'image', 'banana', 'leaf', 'infect', 'disease', 'four', 'augment', 'pre-trained', 'convolutional', 'neural', 'network', 'performance', 'disease', 'classification', 'model', 'densenet', 'backbone']",banana lead fruit crop global market grown world production trade severely affect disease cause fungi bacte ria viruses diagnosis management diseases essential avoid yield loss deep learning automate algorithm classification three leaf spot diseases banana namely sigatoka cordana deightoneilla image banana leaf infect disease four augment pre-trained convolutional neural network performance disease classification model densenet backbone,56,113,2,0.89661545,"plant, model, image, fruit, leaf","Banana is a leading fruit crop in the global market and is grown all over the world. However, its production and trade are severely affected by the diseases caused by fungi, bacte- ria and viruses. Early diagnosis and management of such diseases are essential to avoid the yield loss. This paper demonstrates a deep learning based automated algorithm for the classification of three important leaf spot diseases in banana namely, Sigatoka, Cordana and Deightoneilla. Images of banana leaves infected with these diseases have been applied to four augmented pre-trained convolutional neural networks and their performance in disease classification is compared. An accuracy of 91.7 is achieved on the model with DenseNet 121 backbone.",5,"[{'text': 'Banana', 'type': 'SPACY_PERSON', 'start': 0, 'end': 6, 'source': 'core_web_sm'}, {'text': 'bacte- ria', 'type': 'SPACY_PERSON', 'start': 174, 'end': 184, 'source': 'core_web_sm'}, {'text': 'deep learning', 'type': 'ML_TECHNIQUE', 'start': 311, 'end': 324, 'source': 'domain_dictionary'}, {'text': 'classification', 'type': 'ML_TECHNIQUE', 'start': 359, 'end': 373, 'source': 'domain_dictionary'}, {'text': 'Sigatoka', 'type': 'SPACY_PERSON', 'start': 430, 'end': 438, 'source': 'core_web_sm'}, {'text': 'Cordana', 'type': 'SPACY_PERSON', 'start': 440, 'end': 447, 'source': 'core_web_sm'}, {'text': 'Deightoneilla', 'type': 'SPACY_PERSON', 'start': 452, 'end': 465, 'source': 'core_web_sm'}, {'text': 'classification', 'type': 'ML_TECHNIQUE', 'start': 631, 'end': 645, 'source': 'domain_dictionary'}, {'text': 'accuracy', 'type': 'METRIC', 'start': 662, 'end': 670, 'source': 'domain_dictionary'}, {'text': 'densenet', 'type': 'ML_MODEL', 'start': 710, 'end': 718, 'source': 'domain_dictionary'}]",10,0.17341040462427748,0.48554913294797697,0.28901734104046245,0.052023121387283246,METHODS,0.8419282294737872,6
IXUQK5EU,conferencePaper,2021,"Sangeevan, Siventhirarajah",Deep learning-based pesticides prescription system for leaf diseases of home garden crops in Sri Lanka,"Proceedings - International Research Conference on Smart Computing and Systems Engineering, SCSE 2021",10.1109/SCSE53661.2021.9568308,http://dx.doi.org/10.1109/SCSE53661.2021.9568308,"The study proposes a deep learning-based pesticides prescription system for leaf diseases of home garden crops in Sri Lanka. It is an intelligent system to get suitable pesticides prescriptions for plant leaf diseases. Home gardening has become popular and is rapid because of the current pandemic situation. However, plant diseases are a major problem in gardening activities, even in a home garden or in a commercial garden. Identifying and finding a solution for the plant disease is a big challenge for home gardeners rather than commercial farmers. The proposed system of deep learning-based pesticides prescription system for leaf diseases of home garden crops in Sri Lanka will be the best solution for identifying and finding a solution to the plant diseases. The system is using a trained model for prescribing pesticides. The model was built using the deep learning method and trained in the supervised learning process. The convolutional neural network algorithm was used in the model. Transfer learning with AlexN et pre-trained model was used to increase the performance in the proposed solution and the best accuracy of 88.64 % was achieved in the experiments.",2021-09,2026-01-24 00:34:04,2026-01-24 00:34:04,94-98,IEEE,/home/aalejoz25/Zotero/storage/FC54CAP6/Sangeevan - 2021 - Deep learning-based pesticides prescription system for leaf diseases of home garden crops in Sri Lan.pdf,convolutional neural network; Machine Learning; leaf diseases; pesticides,deep learningbased pesticides prescription system for leaf diseases of home garden crops in sri lanka,"['deep', 'learningbased', 'pesticides', 'prescription', 'system', 'for', 'leaf', 'diseases', 'of', 'home', 'garden', 'crops', 'in', 'sri', 'lanka']","['learningbased', 'pesticide', 'prescription', 'disease', 'home', 'garden', 'sri', 'lanka']",learningbased pesticide prescription disease home garden sri lanka,"[('learningbased', 'pesticide'), ('pesticide', 'prescription'), ('prescription', 'disease'), ('disease', 'home'), ('home', 'garden'), ('garden', 'sri'), ('sri', 'lanka')]",15,102,8,"[('learningbased', 'pesticide', 'prescription'), ('pesticide', 'prescription', 'disease'), ('prescription', 'disease', 'home'), ('disease', 'home', 'garden'), ('home', 'garden', 'sri'), ('garden', 'sri', 'lanka')]","['deep', 'learning-based', 'pesticide', 'prescription', 'system', 'leaf', 'diseases', 'home', 'garden', 'crop', 'sri', 'lanka', 'intelligent', 'system', 'get', 'suitable', 'pesticide', 'prescription', 'plant', 'leaf', 'diseases', 'home', 'gardening', 'become', 'popular', 'rapid', 'pandemic', 'situation', 'plant', 'diseases', 'garden', 'even', 'home', 'garden', 'commercial', 'garden', 'identifying', 'plant', 'disease', 'big', 'home', 'gardener', 'rather', 'commercial', 'farmer', 'system', 'deep', 'learning-based', 'pesticide', 'prescription', 'system', 'leaf', 'diseases', 'home', 'garden', 'crop', 'sri', 'lanka', 'identifying', 'plant', 'diseases', 'system', 'train', 'model', 'prescribe', 'pesticide', 'model', 'build', 'deep', 'learning', 'method', 'train', 'supervised', 'learning', 'convolutional', 'neural', 'network', 'algorithm', 'model', 'transfer', 'learn', 'alexn', 'pre-trained', 'model', 'performance']",deep learning-based pesticide prescription system leaf diseases home garden crop sri lanka intelligent system get suitable pesticide prescription plant leaf diseases home gardening become popular rapid pandemic situation plant diseases garden even home garden commercial garden identifying plant disease big home gardener rather commercial farmer system deep learning-based pesticide prescription system leaf diseases home garden crop sri lanka identifying plant diseases system train model prescribe pesticide model build deep learning method train supervised learning convolutional neural network algorithm model transfer learn alexn pre-trained model performance,85,186,2,0.91774744,"plant, model, image, fruit, leaf","The study proposes a deep learning-based pesticides prescription system for leaf diseases of home garden crops in Sri Lanka. It is an intelligent system to get suitable pesticides prescriptions for plant leaf diseases. Home gardening has become popular and is rapid because of the current pandemic situation. However, plant diseases are a major problem in gardening activities, even in a home garden or in a commercial garden. Identifying and finding a solution for the plant disease is a big challenge for home gardeners rather than commercial farmers. The proposed system of deep learning-based pesticides prescription system for leaf diseases of home garden crops in Sri Lanka will be the best solution for identifying and finding a solution to the plant diseases. The system is using a trained model for prescribing pesticides. The model was built using the deep learning method and trained in the supervised learning process. The convolutional neural network algorithm was used in the model. Transfer learning with AlexN et pre-trained model was used to increase the performance in the proposed solution and the best accuracy of 88.64  was achieved in the experiments.",5,"[{'text': 'deep learning', 'type': 'ML_TECHNIQUE', 'start': 21, 'end': 34, 'source': 'domain_dictionary'}, {'text': 'Sri Lanka', 'type': 'SPACY_GPE', 'start': 114, 'end': 123, 'source': 'core_web_sm'}, {'text': 'deep learning', 'type': 'ML_TECHNIQUE', 'start': 577, 'end': 590, 'source': 'domain_dictionary'}, {'text': 'Sri Lanka', 'type': 'SPACY_GPE', 'start': 670, 'end': 679, 'source': 'core_web_sm'}, {'text': 'deep learning', 'type': 'ML_TECHNIQUE', 'start': 862, 'end': 875, 'source': 'domain_dictionary'}, {'text': 'supervised learning', 'type': 'ML_TECHNIQUE', 'start': 902, 'end': 921, 'source': 'domain_dictionary'}, {'text': 'neural network', 'type': 'ML_TECHNIQUE', 'start': 949, 'end': 963, 'source': 'domain_dictionary'}, {'text': 'transfer learning', 'type': 'ML_TECHNIQUE', 'start': 997, 'end': 1014, 'source': 'domain_dictionary'}, {'text': 'accuracy', 'type': 'METRIC', 'start': 1122, 'end': 1130, 'source': 'domain_dictionary'}]",9,0.1851851851851852,0.634920634920635,0.1322751322751323,0.04761904761904762,METHODS,0.7309161673155292,10
GRIY6K7F,journalArticle,2023,"Bajpai, Abhishek; Tyagi, Titiksha",An Efficient Approach to Detect and Predict the Tomato Leaf Disease Using Enhance Segmentation Neural Network,SN Computer Science,10.1007/s42979-023-02262-6,http://dx.doi.org/10.1007/s42979-023-02262-6,"The agricultural sector plays a crucial role in the Indian economy. According to the Economic Survey of India 2020–21 report, production in FY21 was recorded at 303.34 million tonnes. India is the world's second-largest producer of tomatoes, both in terms of area and production. In India, tomato is one of the most important and highly consumed vegetable crops. Tomatoes are highly nutritional and thus good for human health. It makes a substantial contribution to the GDP. Being economically valuable, it is produced in large quantities. Because of adverse environmental conditions, several diseases are caused by bacteria, fungi and viruses in various parts of tomato plants. Diseases result in the loss of production and thus farmers have to face huge economic losses. In order to help the farmers, early detection of diseases is needed to be done using the latest and most accurate methods. In this paper, the ES-CNN model(Enhancement Seg- mentation CNN model) is proposed in which mean filtering and CLAHE are performed for the image enhancement step and K-means clustering is used for the image segmentation. ResNet-50, a CNN architecture, has been used for feature extraction and classification of images.",2023-10,2026-01-24 00:34:04,2026-01-24 00:34:04,,Springer Science and Business Media LLC,/home/aalejoz25/Zotero/storage/E6XMFJ7W/Bajpai and Tyagi - 2023 - An Efficient Approach to Detect and Predict the Tomato Leaf Disease Using Enhance Segmentation Neura.pdf,Disease detection; Image segmentation; Mean filtering; Neural network,an efficient approach to detect and predict the tomato leaf disease using enhance segmentation neural network,"['an', 'efficient', 'approach', 'to', 'detect', 'and', 'predict', 'the', 'tomato', 'leaf', 'disease', 'using', 'enhance', 'segmentation', 'neural', 'network']","['predict', 'tomato', 'disease', 'enhance']",predict tomato disease enhance,"[('predict', 'tomato'), ('tomato', 'disease'), ('disease', 'enhance')]",16,109,4,"[('predict', 'tomato', 'disease'), ('tomato', 'disease', 'enhance')]","['agricultural', 'sector', 'play', 'crucial', 'role', 'indian', 'economy', 'accord', 'economic', 'survey', 'india', 'production', 'fy21', 'record', 'million', 'tonne', 'india', 'world', 'second-largest', 'producer', 'tomato', 'term', 'production', 'india', 'tomato', 'one', 'highly', 'consume', 'vegetable', 'crop', 'tomato', 'highly', 'nutritional', 'human', 'health', 'make', 'substantial', 'gdp', 'economically', 'valuable', 'produce', 'quantity', 'adverse', 'environmental', 'condition', 'disease', 'cause', 'bacteria', 'fungi', 'virus', 'tomato', 'plant', 'diseases', 'loss', 'production', 'farmer', 'face', 'huge', 'economic', 'loss', 'order', 'help', 'farmer', 'detection', 'diseases', 'accurate', 'method', 'es-cnn', 'model', 'enhancement', 'seg', 'mentation', 'cnn', 'model', 'mean', 'filtering', 'clahe', 'perform', 'image', 'enhancement', 'k-means', 'cluster', 'image', 'segmentation', 'resnet', 'cnn', 'architecture', 'feature', 'extraction', 'classification', 'image']",agricultural sector play crucial role indian economy accord economic survey india production fy21 record million tonne india world second-largest producer tomato term production india tomato one highly consume vegetable crop tomato highly nutritional human health make substantial gdp economically valuable produce quantity adverse environmental condition disease cause bacteria fungi virus tomato plant diseases loss production farmer face huge economic loss order help farmer detection diseases accurate method es-cnn model enhancement seg mentation cnn model mean filtering clahe perform image enhancement k-means cluster image segmentation resnet cnn architecture feature extraction classification image,91,191,2,0.99520177,"plant, model, image, fruit, leaf","The agricultural sector plays a crucial role in the Indian economy. According to the Economic Survey of India 202021 report, production in FY21 was recorded at 303.34 million tonnes. India is the world's second-largest producer of tomatoes, both in terms of area and production. In India, tomato is one of the most important and highly consumed vegetable crops. Tomatoes are highly nutritional and thus good for human health. It makes a substantial contribution to the GDP. Being economically valuable, it is produced in large quantities. Because of adverse environmental conditions, several diseases are caused by bacteria, fungi and viruses in various parts of tomato plants. Diseases result in the loss of production and thus farmers have to face huge economic losses. In order to help the farmers, early detection of diseases is needed to be done using the latest and most accurate methods. In this paper, the ES-CNN model(Enhancement Seg- mentation CNN model) is proposed in which mean filtering and CLAHE are performed for the image enhancement step and K-means clustering is used for the image segmentation. ResNet-50, a CNN architecture, has been used for feature extraction and classification of images.",5,"[{'text': 'the Economic Survey of', 'type': 'SPACY_ORG', 'start': 81, 'end': 103, 'source': 'core_web_sm'}, {'text': 'India', 'type': 'SPACY_GPE', 'start': 184, 'end': 189, 'source': 'core_web_sm'}, {'text': 'India', 'type': 'SPACY_GPE', 'start': 283, 'end': 288, 'source': 'core_web_sm'}, {'text': 'tomato', 'type': 'CROP_TYPE', 'start': 290, 'end': 296, 'source': 'domain_dictionary'}, {'text': 'tomato', 'type': 'CROP_TYPE', 'start': 664, 'end': 670, 'source': 'domain_dictionary'}, {'text': 'cnn', 'type': 'ML_TECHNIQUE', 'start': 918, 'end': 921, 'source': 'domain_dictionary'}, {'text': 'cnn', 'type': 'ML_TECHNIQUE', 'start': 955, 'end': 958, 'source': 'domain_dictionary'}, {'text': 'CLAHE', 'type': 'SPACY_GPE', 'start': 1006, 'end': 1011, 'source': 'core_web_sm'}, {'text': 'k-means', 'type': 'ML_TECHNIQUE', 'start': 1061, 'end': 1068, 'source': 'domain_dictionary'}, {'text': 'clustering', 'type': 'ML_TECHNIQUE', 'start': 1069, 'end': 1079, 'source': 'domain_dictionary'}, {'text': 'resnet', 'type': 'ML_MODEL', 'start': 1116, 'end': 1122, 'source': 'domain_dictionary'}, {'text': 'cnn', 'type': 'ML_TECHNIQUE', 'start': 1129, 'end': 1132, 'source': 'domain_dictionary'}, {'text': 'feature extraction', 'type': 'ML_TECHNIQUE', 'start': 1165, 'end': 1183, 'source': 'domain_dictionary'}, {'text': 'classification', 'type': 'ML_TECHNIQUE', 'start': 1188, 'end': 1202, 'source': 'domain_dictionary'}]",14,0.06802721088435375,0.4897959183673469,0.1360544217687075,0.30612244897959184,METHODS,0.8412449058531035,12
D5NTMJRL,conferencePaper,2008,"Li, Ting; Yang, Jingfeng; Peng, Xiaoqin; Chen, Zhimin; Luo, Chengyang",Prediction and early warning method for flea beetle based on semi-supervised learning algorithm,"Proceedings - 4th International Conference on Natural Computation, ICNC 2008",10.1109/ICNC.2008.371,http://dx.doi.org/10.1109/ICNC.2008.371,"The prediction and early warning for vegetable crop diseases and insect pests commonly based on experts' knowledge of plant protection while math modeling methods are used to analyze the associated data quantitatively scarcely. This paper takes advantage of labeled historical data to extract association rules as the supervised information, and combining with the use of the unsupervised learning method iterative self- organizing data analysis techniques algorithm (ISODATA) to establish the model semi-supervised learning algorithm for predicting and early warning vegetable pest flea beetle. Semi-supervised learning algorithm not only obtains a high accuracy of supervised learning method, but also takes advantage of the flexibility of unsupervised learning method, which is significative for both research and practice. The experimental results of Guangdong vegetable pest flea beetle show the prediction and early warning accuracy of semi-supervised learning method provides a higher accuracy rate than that of k-mean clustering, support vector machine and RBF neural network in the same condition. ©2008 IEEE.",2008,2026-01-24 00:34:04,2026-01-24 00:34:04,217-221,IEEE,/home/aalejoz25/Zotero/storage/C4P5EE3F/Li et al. - 2008 - Prediction and early warning method for flea beetle based on semi-supervised learning algorithm.pdf,Association rules; Flea beetle; ISODATA; Prediction and early warning; Semi-supervised learning,prediction and early warning method for flea beetle based on semisupervised learning algorithm,"['prediction', 'and', 'early', 'warning', 'method', 'for', 'flea', 'beetle', 'based', 'on', 'semisupervised', 'learning', 'algorithm']","['prediction', 'early', 'warning', 'flea', 'beetle', 'semisupervised']",prediction early warning flea beetle semisupervised,"[('prediction', 'early'), ('early', 'warning'), ('warning', 'flea'), ('flea', 'beetle'), ('beetle', 'semisupervised')]",13,95,6,"[('prediction', 'early', 'warning'), ('early', 'warning', 'flea'), ('warning', 'flea', 'beetle'), ('flea', 'beetle', 'semisupervised')]","['prediction', 'warn', 'vegetable', 'crop', 'disease', 'insect', 'pest', 'commonly', 'expert', 'knowledge', 'plant', 'protection', 'math', 'model', 'method', 'analyze', 'associate', 'data', 'quantitatively', 'scarcely', 'take', 'labeled', 'historical', 'data', 'extract', 'association', 'rule', 'supervise', 'information', 'combine', 'unsupervised', 'learn', 'method', 'iterative', 'self', 'organize', 'data', 'algorithm', 'isodata', 'establish', 'model', 'semi-supervised', 'learning', 'algorithm', 'predict', 'warn', 'vegetable', 'pest', 'flea', 'beetle', 'semi-supervised', 'learning', 'algorithm', 'obtains', 'supervise', 'learn', 'method', 'take', 'flexibility', 'unsupervised', 'learning', 'method', 'significative', 'practice', 'guangdong', 'vegetable', 'pest', 'flea', 'beetle', 'prediction', 'warn', 'semi-supervised', 'learning', 'method', 'k-mean', 'clustering', 'vector', 'machine', 'rbf', 'neural', 'network', 'condition', 'ieee']",prediction warn vegetable crop disease insect pest commonly expert knowledge plant protection math model method analyze associate data quantitatively scarcely take labeled historical data extract association rule supervise information combine unsupervised learn method iterative self organize data algorithm isodata establish model semi-supervised learning algorithm predict warn vegetable pest flea beetle semi-supervised learning algorithm obtains supervise learn method take flexibility unsupervised learning method significative practice guangdong vegetable pest flea beetle prediction warn semi-supervised learning method k-mean clustering vector machine rbf neural network condition ieee,83,158,2,0.8323083,"plant, model, image, fruit, leaf","The prediction and early warning for vegetable crop diseases and insect pests commonly based on experts' knowledge of plant protection while math modeling methods are used to analyze the associated data quantitatively scarcely. This paper takes advantage of labeled historical data to extract association rules as the supervised information, and combining with the use of the unsupervised learning method iterative self- organizing data analysis techniques algorithm (ISODATA) to establish the model semi-supervised learning algorithm for predicting and early warning vegetable pest flea beetle. Semi-supervised learning algorithm not only obtains a high accuracy of supervised learning method, but also takes advantage of the flexibility of unsupervised learning method, which is significative for both research and practice. The experimental results of Guangdong vegetable pest flea beetle show the prediction and early warning accuracy of semi-supervised learning method provides a higher accuracy rate than that of k-mean clustering, support vector machine and RBF neural network in the same condition. 2008 IEEE.",1,"[{'text': 'unsupervised learning', 'type': 'ML_TECHNIQUE', 'start': 376, 'end': 397, 'source': 'domain_dictionary'}, {'text': 'ISODATA', 'type': 'SPACY_ORG', 'start': 468, 'end': 475, 'source': 'core_web_sm'}, {'text': 'supervised learning', 'type': 'ML_TECHNIQUE', 'start': 505, 'end': 524, 'source': 'domain_dictionary'}, {'text': 'supervised learning', 'type': 'ML_TECHNIQUE', 'start': 601, 'end': 620, 'source': 'domain_dictionary'}, {'text': 'accuracy', 'type': 'METRIC', 'start': 655, 'end': 663, 'source': 'domain_dictionary'}, {'text': 'supervised learning', 'type': 'ML_TECHNIQUE', 'start': 667, 'end': 686, 'source': 'domain_dictionary'}, {'text': 'unsupervised learning', 'type': 'ML_TECHNIQUE', 'start': 742, 'end': 763, 'source': 'domain_dictionary'}, {'text': 'Guangdong', 'type': 'SPACY_GPE', 'start': 855, 'end': 864, 'source': 'core_web_sm'}, {'text': 'accuracy', 'type': 'METRIC', 'start': 930, 'end': 938, 'source': 'domain_dictionary'}, {'text': 'supervised learning', 'type': 'ML_TECHNIQUE', 'start': 947, 'end': 966, 'source': 'domain_dictionary'}, {'text': 'accuracy', 'type': 'METRIC', 'start': 992, 'end': 1000, 'source': 'domain_dictionary'}, {'text': 'clustering', 'type': 'ML_TECHNIQUE', 'start': 1026, 'end': 1036, 'source': 'domain_dictionary'}, {'text': 'support vector machine', 'type': 'ML_TECHNIQUE', 'start': 1038, 'end': 1060, 'source': 'domain_dictionary'}, {'text': 'RBF', 'type': 'SPACY_ORG', 'start': 1065, 'end': 1068, 'source': 'core_web_sm'}, {'text': 'neural network', 'type': 'ML_TECHNIQUE', 'start': 1069, 'end': 1083, 'source': 'domain_dictionary'}]",15,0.026954177897574122,0.7115902964959568,0.18867924528301885,0.07277628032345014,METHODS,0.6094556095797243,5
URCKUUFZ,conferencePaper,2025,"Rawat, Priyanka; Gupta, Kiran",Image Processing in Crop Quality Assessment and Disease Detection of Okra Using CNN with U- NET,"2025 International Conference on Sustainability, Innovation &amp; Technology (ICSIT)",10.1109/ICSIT65336.2025.11293878,https://ieeexplore.ieee.org/document/11293878/,,2025-08,2026-01-24 00:34:04,2026-01-24 00:34:04,1-5,IEEE,/home/aalejoz25/Zotero/storage/TVZU2LXX/Rawat and Gupta - 2025 - Image Processing in Crop Quality Assessment and Disease Detection of Okra Using CNN with U- NET.pdf,,image processing in crop quality assessment and disease detection of okra using cnn with u net,"['image', 'processing', 'in', 'crop', 'quality', 'assessment', 'and', 'disease', 'detection', 'of', 'okra', 'using', 'cnn', 'with', 'u', 'net']","['quality', 'disease', 'okra', 'cnn', 'net']",quality disease okra cnn net,"[('quality', 'disease'), ('disease', 'okra'), ('okra', 'cnn'), ('cnn', 'net')]",16,95,5,"[('quality', 'disease', 'okra'), ('disease', 'okra', 'cnn'), ('okra', 'cnn', 'net')]",[],,0,0,,,,,,[],0,0.0,0.0,0.0,0.0,UNKNOWN,0.0,0
YZSRBSPL,conferencePaper,2025,"Dhavane, Prachi Goraksha; Mangave, Tejaswi G.; Deshmukh, Tejaswini S.; Kajale, Pooja P.",A Review on Deep Learning and Transfer Learning Models: Grape Leaf Disease Detection,"Proceedings of the 2025 3rd International Conference on Inventive Computing and Informatics, ICICI 2025",10.1109/ICICI65870.2025.11069612,http://dx.doi.org/10.1109/ICICI65870.2025.11069612,"Grapes are the most significant fruit crops which contain several vitamins and minerals such as vitamins K, and B, as well as copper. Grape plants can be greatly affected by different diseases including grape esca, isariopsis leaf spot, black rot, powdery mildew or downy mildew, and so on. These diseases impact the entire grape's quality and yield. Early detection of grape leaf disease is essential to reduce economic costs and disease progression. However, various existing approaches pose certain challenges including computational cost, real-time detection, illumination, and occlusion as well as misclassification. This survey analyzes recent works using the machine learning, deep learning, and transfer learning techniques for grape leaf disease diagnosis in the form of dataset availability, disease severity estimation, and computational resources. Among other techniques, deep learning shows superior performance results and a better capability to extract features. Additionally, this research analyzes various performance metrics and the limitations of existing approaches.",2025-06,2026-01-24 00:34:04,2026-01-24 00:34:04,1013-1018,IEEE,/home/aalejoz25/Zotero/storage/Y8F483NG/Dhavane et al. - 2025 - A Review on Deep Learning and Transfer Learning Models Grape Leaf Disease Detection.pdf,Image processing; deep learning; Grape leaf disease; Machine learning techniques; Transfer learning,a review on deep learning and transfer learning models grape leaf disease detection,"['a', 'review', 'on', 'deep', 'learning', 'and', 'transfer', 'learning', 'models', 'grape', 'leaf', 'disease', 'detection']","['transfer', 'grape', 'disease']",transfer grape disease,"[('transfer', 'grape'), ('grape', 'disease')]",13,84,3,"[('transfer', 'grape', 'disease')]","['grape', 'fruit', 'crop', 'vitamin', 'mineral', 'vitamin', 'copper', 'grape', 'plant', 'greatly', 'affect', 'disease', 'grape', 'esca', 'isariopsis', 'leaf', 'spot', 'black', 'rot', 'powdery', 'mildew', 'downy', 'mildew', 'diseases', 'impact', 'grape', 'quality', 'yield', 'detection', 'grape', 'leaf', 'disease', 'essential', 'economic', 'cost', 'disease', 'progression', 'pose', 'certain', 'computational', 'cost', 'real-time', 'detection', 'illumination', 'occlusion', 'misclassification', 'survey', 'analyze', 'work', 'machine', 'learn', 'deep', 'learning', 'transfer', 'learn', 'grape', 'leaf', 'disease', 'diagnosis', 'dataset', 'availability', 'disease', 'severity', 'estimation', 'computational', 'resource', 'among', 'deep', 'learn', 'superior', 'performance', 'capability', 'extract', 'feature', 'analyze', 'performance']",grape fruit crop vitamin mineral vitamin copper grape plant greatly affect disease grape esca isariopsis leaf spot black rot powdery mildew downy mildew diseases impact grape quality yield detection grape leaf disease essential economic cost disease progression pose certain computational cost real-time detection illumination occlusion misclassification survey analyze work machine learn deep learning transfer learn grape leaf disease diagnosis dataset availability disease severity estimation computational resource among deep learn superior performance capability extract feature analyze performance,76,152,4,0.524105,"leaf, diseases, leave, trait, grape","Grapes are the most significant fruit crops which contain several vitamins and minerals such as vitamins K, and B, as well as copper. Grape plants can be greatly affected by different diseases including grape esca, isariopsis leaf spot, black rot, powdery mildew or downy mildew, and so on. These diseases impact the entire grape's quality and yield. Early detection of grape leaf disease is essential to reduce economic costs and disease progression. However, various existing approaches pose certain challenges including computational cost, real-time detection, illumination, and occlusion as well as misclassification. This survey analyzes recent works using the machine learning, deep learning, and transfer learning techniques for grape leaf disease diagnosis in the form of dataset availability, disease severity estimation, and computational resources. Among other techniques, deep learning shows superior performance results and a better capability to extract features. Additionally, this research analyzes various performance metrics and the limitations of existing approaches.",7,"[{'text': 'black rot', 'type': 'DISEASE', 'start': 237, 'end': 246, 'source': 'domain_dictionary'}, {'text': 'powdery mildew', 'type': 'DISEASE', 'start': 248, 'end': 262, 'source': 'domain_dictionary'}, {'text': 'downy mildew', 'type': 'DISEASE', 'start': 266, 'end': 278, 'source': 'domain_dictionary'}, {'text': 'deep learning', 'type': 'ML_TECHNIQUE', 'start': 684, 'end': 697, 'source': 'domain_dictionary'}, {'text': 'transfer learning', 'type': 'ML_TECHNIQUE', 'start': 703, 'end': 720, 'source': 'domain_dictionary'}, {'text': 'deep learning', 'type': 'ML_TECHNIQUE', 'start': 884, 'end': 897, 'source': 'domain_dictionary'}]",6,0.27303754266211605,0.32764505119453924,0.30716723549488056,0.09215017064846416,METHODS,0.9394272513452737,8
TKTIAWGA,conferencePaper,2024,"Lavanya, K.; Packialatha, A.",A Mango Disease Prediction for Smart Agiculture using Machine Learning Algorithms,"8th International Conference on I-SMAC (IoT in Social, Mobile, Analytics and Cloud), I-SMAC 2024 - Proceedings",10.1109/I-SMAC61858.2024.10714657,http://dx.doi.org/10.1109/I-SMAC61858.2024.10714657,"The country's economy relies heavily on agriculture, and the health of the crops is essential to its success. Crop diseases that go undetected can cost the agriculture industry. Thus early detection and identification are crucial. It is possible to avoid crop diseases from destroying the harvest if they are accurately diagnosed and detected. Because healthy and diseased plants appear identical in their early stages, farmers cannot distinguish between the two by watching the crop leaf. India exports vast mangoes, making it an economically and environmentally significant fruit. About 1500 mango species are grown in India, with over 1000 commercial types. There are a lot of diseases that harm mangoes, affecting their look, taste, and economy. The ""Prediction of Disease in Mango Fruit Crops""A complex warning system that uses machine learning and IoT. One of the main objectives is to develop a system that can forecast disease outbreaks on mango fruit harvests using historical weather information and crop yield Mango trees in India are plagued by a fungus called Anthracnose, which is the most frequent disease of its kind. Anthracnose, a highly contagious fungus, requires a quick and accurate method of diagnosis. As a result, an in-depth examination of the plants is essential before initiating any control measures. This study examines machine learning(ML) and deep learning (DL) strategies for detecting and classifying mango plant diseases. The performance of ML and DL-based classification models for mango crops and their datasets and feature extraction approachesare examined in this work. Finally, a variety of issues involved in plant disease identification are explored.",2024-10,2026-01-24 00:34:04,2026-01-24 00:34:04,1530-1537,IEEE,/home/aalejoz25/Zotero/storage/XTDX8FGX/Lavanya and Packialatha - 2024 - A Mango Disease Prediction for Smart Agiculture using Machine Learning Algorithms.pdf,Machine Learning; Disease Detection; deep learning; Internet of Things; Precision Farming; Temparature,a mango disease prediction for smart agiculture using machine learning algorithms,"['a', 'mango', 'disease', 'prediction', 'for', 'smart', 'agiculture', 'using', 'machine', 'learning', 'algorithms']","['mango', 'disease', 'prediction', 'smart', 'agiculture', 'algorithm']",mango disease prediction smart agiculture algorithm,"[('mango', 'disease'), ('disease', 'prediction'), ('prediction', 'smart'), ('smart', 'agiculture'), ('agiculture', 'algorithm')]",11,81,6,"[('mango', 'disease', 'prediction'), ('disease', 'prediction', 'smart'), ('prediction', 'smart', 'agiculture'), ('smart', 'agiculture', 'algorithm')]","['country', 'economy', 'rely', 'heavily', 'agriculture', 'health', 'crop', 'essential', 'success', 'crop', 'disease', 'undetected', 'cost', 'agriculture', 'industry', 'detection', 'identification', 'crucial', 'avoid', 'crop', 'diseases', 'destroy', 'harvest', 'accurately', 'diagnose', 'detect', 'healthy', 'diseased', 'plant', 'appear', 'identical', 'farmer', 'distinguish', 'two', 'watch', 'crop', 'leaf', 'india', 'export', 'vast', 'mango', 'make', 'economically', 'environmentally', 'fruit', 'mango', 'specie', 'grow', 'india', 'commercial', 'lot', 'disease', 'harm', 'mango', 'affect', 'look', 'taste', 'economy', 'prediction', 'disease', 'mango', 'fruit', 'crop', 'warn', 'system', 'machine', 'learn', 'iot', 'one', 'develop', 'system', 'forecast', 'disease', 'outbreak', 'mango', 'fruit', 'harvest', 'historical', 'weather', 'information', 'crop', 'yield', 'mango', 'tree', 'india', 'plague', 'fungus', 'call', 'anthracnose', 'frequent', 'disease', 'anthracnose', 'highly', 'contagious', 'fungus', 'quick', 'accurate', 'method', 'diagnosis', 'in-depth', 'examination', 'plant', 'essential', 'initiate', 'control', 'machine', 'learn', 'deep', 'learning', 'strategy', 'detect', 'classify', 'mango', 'plant', 'diseases', 'performance', 'dl-based', 'classification', 'mango', 'crop', 'datasets', 'feature', 'extraction', 'approachesare', 'examine', 'variety', 'involve', 'plant', 'disease', 'identification', 'explore']",country economy rely heavily agriculture health crop essential success crop disease undetected cost agriculture industry detection identification crucial avoid crop diseases destroy harvest accurately diagnose detect healthy diseased plant appear identical farmer distinguish two watch crop leaf india export vast mango make economically environmentally fruit mango specie grow india commercial lot disease harm mango affect look taste economy prediction disease mango fruit crop warn system machine learn iot one develop system forecast disease outbreak mango fruit harvest historical weather information crop yield mango tree india plague fungus call anthracnose frequent disease anthracnose highly contagious fungus quick accurate method diagnosis in-depth examination plant essential initiate control machine learn deep learning strategy detect classify mango plant diseases performance dl-based classification mango crop datasets feature extraction approachesare examine variety involve plant disease identification explore,131,258,2,0.9233949,"plant, model, image, fruit, leaf","The country's economy relies heavily on agriculture, and the health of the crops is essential to its success. Crop diseases that go undetected can cost the agriculture industry. Thus early detection and identification are crucial. It is possible to avoid crop diseases from destroying the harvest if they are accurately diagnosed and detected. Because healthy and diseased plants appear identical in their early stages, farmers cannot distinguish between the two by watching the crop leaf. India exports vast mangoes, making it an economically and environmentally significant fruit. About 1500 mango species are grown in India, with over 1000 commercial types. There are a lot of diseases that harm mangoes, affecting their look, taste, and economy. The ""Prediction of Disease in Mango Fruit Crops""A complex warning system that uses machine learning and IoT. One of the main objectives is to develop a system that can forecast disease outbreaks on mango fruit harvests using historical weather information and crop yield Mango trees in India are plagued by a fungus called Anthracnose, which is the most frequent disease of its kind. Anthracnose, a highly contagious fungus, requires a quick and accurate method of diagnosis. As a result, an in-depth examination of the plants is essential before initiating any control measures. This study examines machine learning(ML) and deep learning (DL) strategies for detecting and classifying mango plant diseases. The performance of ML and DL-based classification models for mango crops and their datasets and feature extraction approachesare examined in this work. Finally, a variety of issues involved in plant disease identification are explored.",6,"[{'text': 'India', 'type': 'SPACY_GPE', 'start': 490, 'end': 495, 'source': 'core_web_sm'}, {'text': 'India', 'type': 'SPACY_GPE', 'start': 621, 'end': 626, 'source': 'core_web_sm'}, {'text': 'The ""Prediction of Disease', 'type': 'SPACY_LAW', 'start': 750, 'end': 776, 'source': 'core_web_sm'}, {'text': 'Mango Fruit', 'type': 'SPACY_ORG', 'start': 780, 'end': 791, 'source': 'core_web_sm'}, {'text': 'India', 'type': 'SPACY_GPE', 'start': 1036, 'end': 1041, 'source': 'core_web_sm'}, {'text': 'anthracnose', 'type': 'DISEASE', 'start': 1073, 'end': 1084, 'source': 'domain_dictionary'}, {'text': 'anthracnose', 'type': 'DISEASE', 'start': 1134, 'end': 1145, 'source': 'domain_dictionary'}, {'text': 'deep learning', 'type': 'ML_TECHNIQUE', 'start': 1375, 'end': 1388, 'source': 'domain_dictionary'}, {'text': 'ML', 'type': 'SPACY_ORG', 'start': 1476, 'end': 1478, 'source': 'core_web_sm'}, {'text': 'classification', 'type': 'ML_TECHNIQUE', 'start': 1492, 'end': 1506, 'source': 'domain_dictionary'}, {'text': 'feature extraction', 'type': 'ML_TECHNIQUE', 'start': 1553, 'end': 1571, 'source': 'domain_dictionary'}]",11,0.3658536585365854,0.43902439024390244,0.12195121951219513,0.07317073170731708,METHODS,0.8491840881584336,15
NS4NQZRF,conferencePaper,2024,"Chavan, Sandip; Ingle, D. R.",Optimizing Vegetable Yield Forecasting with Machine Learning Using Soil and Weather Data,"2024 International Conference on Artificial Intelligence and Quantum Computation-Based Sensor Applications, ICAIQSA 2024 - Proceedings",10.1109/ICAIQSA64000.2024.10882354,http://dx.doi.org/10.1109/ICAIQSA64000.2024.10882354,"The majority of people in India depend mostly on agriculture for their livelihood, which also contributes substantially to the country's economy. However, there is still room for improvement and expansion in the agricultural sector's use of technology. Because they can handle huge datasets, recognize patterns, and make predictions or classifications without being specifically trained for each circumstance, machine learning and deep learning have transformed research in numerous domains Accurate and helpful information on many topics is also crucial in farming, in addition to improvements in agricultural apparatus and technology. Remote sensors, satellite photos, and surveys are used to gather this data. Vegetable farming plays a crucial role in meeting the growing global demand for nutritious food. However, unpredictable weather patterns and suboptimal soil conditions can often hinder crop yields, posing significant challenges for farmers. This study aims to address this issue by using machine learning techniques to analyze soil properties, weather patterns, and crop data to provide tailored suggestions for crop selection, which can ultimately increase vegetable yields and promote sustainable farming practices. The research methodology involved collecting extensive data from diverse vegetable farms, including soil samples, weather records, and crop performance metrics over multiple seasons. Using machine learning algorithms, this dataset was processed to develop predictive models that assess the impact of various soil characteristics and weather factors on crop growth and productivity. The developed models were validated on a separate dataset, and the results demonstrated their high accuracy and reliability. The findings of this study suggest that machine learning can be a valuable tool for vegetable farmers to make informed decisions about crop management, leading to increased yields and improved sustainability.",2024-12,2026-01-24 00:34:04,2026-01-24 00:34:04,1-6,IEEE,/home/aalejoz25/Zotero/storage/7C6RKAXF/Chavan and Ingle - 2024 - Optimizing Vegetable Yield Forecasting with Machine Learning Using Soil and Weather Data.pdf,Machine learning; SVM; KNN; Logistic Regression; Prediction; random forest,optimizing vegetable yield forecasting with machine learning using soil and weather data,"['optimizing', 'vegetable', 'yield', 'forecasting', 'with', 'machine', 'learning', 'using', 'soil', 'and', 'weather', 'data']","['optimizing', 'vegetable', 'yield', 'forecasting', 'soil', 'weather']",optimizing vegetable yield forecasting soil weather,"[('optimizing', 'vegetable'), ('vegetable', 'yield'), ('yield', 'forecasting'), ('forecasting', 'soil'), ('soil', 'weather')]",12,88,6,"[('optimizing', 'vegetable', 'yield'), ('vegetable', 'yield', 'forecasting'), ('yield', 'forecasting', 'soil'), ('forecasting', 'soil', 'weather')]","['majority', 'people', 'india', 'depend', 'mostly', 'agriculture', 'livelihood', 'contributes', 'substantially', 'country', 'economy', 'still', 'room', 'improvement', 'expansion', 'agricultural', 'sector', 'technology', 'handle', 'huge', 'datasets', 'recognize', 'pattern', 'make', 'prediction', 'classification', 'without', 'trained', 'circumstance', 'machine', 'learn', 'deep', 'learning', 'transform', 'domain', 'accurate', 'helpful', 'information', 'topic', 'crucial', 'farm', 'addition', 'improvement', 'agricultural', 'apparatus', 'technology', 'remote', 'sensor', 'satellite', 'photo', 'survey', 'gather', 'data', 'vegetable', 'farming', 'play', 'crucial', 'role', 'meeting', 'grow', 'global', 'demand', 'nutritious', 'food', 'unpredictable', 'weather', 'pattern', 'suboptimal', 'soil', 'condition', 'often', 'hinder', 'crop', 'yield', 'pose', 'farmer', 'machine', 'learn', 'analyze', 'soil', 'weather', 'pattern', 'crop', 'data', 'tailor', 'suggestion', 'crop', 'selection', 'ultimately', 'vegetable', 'yield', 'promote', 'sustainable', 'farming', 'practice', 'involve', 'collect', 'extensive', 'data', 'diverse', 'vegetable', 'farm', 'soil', 'sample', 'weather', 'record', 'crop', 'performance', 'season', 'machine', 'learn', 'algorithms', 'dataset', 'process', 'develop', 'predictive', 'assess', 'impact', 'soil', 'characteristic', 'weather', 'crop', 'growth', 'productivity', 'develop', 'validate', 'separate', 'dataset', 'reliability', 'machine', 'learn', 'valuable', 'tool', 'vegetable', 'farmer', 'make', 'informed', 'decision', 'crop', 'management', 'lead', 'yield', 'sustainability']",majority people india depend mostly agriculture livelihood contributes substantially country economy still room improvement expansion agricultural sector technology handle huge datasets recognize pattern make prediction classification without trained circumstance machine learn deep learning transform domain accurate helpful information topic crucial farm addition improvement agricultural apparatus technology remote sensor satellite photo survey gather data vegetable farming play crucial role meeting grow global demand nutritious food unpredictable weather pattern suboptimal soil condition often hinder crop yield pose farmer machine learn analyze soil weather pattern crop data tailor suggestion crop selection ultimately vegetable yield promote sustainable farming practice involve collect extensive data diverse vegetable farm soil sample weather record crop performance season machine learn algorithms dataset process develop predictive assess impact soil characteristic weather crop growth productivity develop validate separate dataset reliability machine learn valuable tool vegetable farmer make informed decision crop management lead yield sustainability,143,273,3,0.4476344,"soil, data, management, technology, enhance","The majority of people in India depend mostly on agriculture for their livelihood, which also contributes substantially to the country's economy. However, there is still room for improvement and expansion in the agricultural sector's use of technology. Because they can handle huge datasets, recognize patterns, and make predictions or classifications without being specifically trained for each circumstance, machine learning and deep learning have transformed research in numerous domains Accurate and helpful information on many topics is also crucial in farming, in addition to improvements in agricultural apparatus and technology. Remote sensors, satellite photos, and surveys are used to gather this data. Vegetable farming plays a crucial role in meeting the growing global demand for nutritious food. However, unpredictable weather patterns and suboptimal soil conditions can often hinder crop yields, posing significant challenges for farmers. This study aims to address this issue by using machine learning techniques to analyze soil properties, weather patterns, and crop data to provide tailored suggestions for crop selection, which can ultimately increase vegetable yields and promote sustainable farming practices. The research methodology involved collecting extensive data from diverse vegetable farms, including soil samples, weather records, and crop performance metrics over multiple seasons. Using machine learning algorithms, this dataset was processed to develop predictive models that assess the impact of various soil characteristics and weather factors on crop growth and productivity. The developed models were validated on a separate dataset, and the results demonstrated their high accuracy and reliability. The findings of this study suggest that machine learning can be a valuable tool for vegetable farmers to make informed decisions about crop management, leading to increased yields and improved sustainability.",8,"[{'text': 'India', 'type': 'SPACY_GPE', 'start': 26, 'end': 31, 'source': 'core_web_sm'}, {'text': 'deep learning', 'type': 'ML_TECHNIQUE', 'start': 431, 'end': 444, 'source': 'domain_dictionary'}, {'text': 'Accurate', 'type': 'SPACY_ORG', 'start': 491, 'end': 499, 'source': 'core_web_sm'}, {'text': 'accuracy', 'type': 'METRIC', 'start': 1712, 'end': 1720, 'source': 'domain_dictionary'}]",4,0.25171624713958807,0.43935926773455375,0.20594965675057206,0.10297482837528603,METHODS,0.9147349671497687,11
3NIZSS9T,conferencePaper,2023,"Gurunathan, K.; Bharathkumar, V.; Meeran, M. Haji Ali; Hariprasath, K.; Jidendiran, R.",Classification of Cultivars Employing the Alexnet Technique Using Deep Learning,"Proceedings of the 9th International Conference on Biosignals, Images, and Instrumentation, ICBSII 2023",10.1109/ICBSII58188.2023.10181087,http://dx.doi.org/10.1109/ICBSII58188.2023.10181087,"The recognition of hybrid fruits by humans is considered a challenging task as fruits exist in various colors, sizes, shapes, and textures. In the marketplace, where prediction of fruits, vegetables, and pulses by retailers and the general public is very difficult. In this paper, we have recognised two different classes of fruits, vegetables, and pulses and categorised them based on the stages of their existence and maturity in a procedure called fruit maturity classification. Crop distribution, good fruit counts, crop harvesting, crop disease detection, weed management, and production forecasting are all aspects of managing water and soil and are just a few of the smart agricultural applications that employ robust learning (DL). The finest deep learning is what this project seeks to produce in algorithms for estimating fruit quality and ripeness in order to forecast fruit shelf life. Manual vegetable and fruit detection is a hard process when done in large numbers, but it becomes easy when done in small amounts. Automated detection of these is thus used. Fruit, crop, and pulse images served as the input for the first stage of processing, which included detection. Background removal, extraction of colour and texture properties, and categorization comprised the three steps of the process. The K-means clustering method was used for background subtraction. Statistical attributes were used to pinpoint colour characteristics. This research proposes a simple and effective method for detecting fruits and predicting their nutrition information using deep Alex networks (DAN). The datasets used in the investigation were obtained from the Fruit 360 library of image processing problems. Apples, berries, bananas, grapes, papaya, peaches, avocados, and various apple tastes are among the fruit groups. The trials are also carried out on a variety of additional fruit samples gathered from various Web archives. The network design consists of three fully linked layers, including the max pooling and RELU levels, and five convolution layers. 227∗227∗3 photos should be used as input for 96 filters that are 11∗11∗3 and have a stride length of 4.",2023-03,2026-01-24 00:34:04,2026-01-24 00:34:04,1-7,IEEE,/home/aalejoz25/Zotero/storage/SUS2IAPJ/Gurunathan et al. - 2023 - Classification of Cultivars Employing the Alexnet Technique Using Deep Learning.pdf,Deep Learning; Machine Learning; Fruits; Hybrid; Vegetables,classification of cultivars employing the alexnet technique using deep learning,"['classification', 'of', 'cultivars', 'employing', 'the', 'alexnet', 'technique', 'using', 'deep', 'learning']","['cultivar', 'employing', 'alexnet']",cultivar employing alexnet,"[('cultivar', 'employing'), ('employing', 'alexnet')]",10,79,3,"[('cultivar', 'employing', 'alexnet')]","['recognition', 'hybrid', 'fruit', 'human', 'consider', 'challenge', 'fruit', 'exist', 'color', 'size', 'shape', 'texture', 'marketplace', 'prediction', 'fruit', 'vegetables', 'pulse', 'retailer', 'general', 'public', 'difficult', 'recognise', 'two', 'class', 'fruit', 'vegetable', 'pulse', 'categorise', 'existence', 'maturity', 'call', 'fruit', 'maturity', 'classification', 'crop', 'distribution', 'fruit', 'count', 'crop', 'harvest', 'crop', 'disease', 'detection', 'weed', 'management', 'production', 'forecast', 'manage', 'water', 'soil', 'smart', 'agricultural', 'application', 'employ', 'robust', 'learn', 'fine', 'deep', 'learning', 'project', 'seek', 'produce', 'algorithms', 'estimate', 'fruit', 'quality', 'ripeness', 'order', 'forecast', 'fruit', 'shelf', 'life', 'manual', 'vegetable', 'fruit', 'detection', 'hard', 'become', 'easy', 'automate', 'detection', 'fruit', 'crop', 'pulse', 'image', 'serve', 'input', 'process', 'detection', 'background', 'removal', 'extraction', 'colour', 'texture', 'categorization', 'comprise', 'three', 'k-means', 'cluster', 'method', 'background', 'subtraction', 'statistical', 'attribute', 'pinpoint', 'colour', 'characteristic', 'method', 'detect', 'fruit', 'predict', 'nutrition', 'information', 'deep', 'alex', 'network', 'dan', 'datasets', 'investigation', 'obtain', 'fruit', 'library', 'image', 'processing', 'apple', 'berry', 'bananas', 'grape', 'papaya', 'peach', 'avocados', 'apple', 'taste', 'among', 'fruit', 'trial', 'carry', 'variety', 'additional', 'fruit', 'sample', 'gather', 'web', 'archive', 'network', 'design', 'consist', 'three', 'fully', 'link', 'layer', 'max', 'pool', 'relu', 'five', 'convolution', 'layer', 'photos', 'input', 'filter', 'stride', 'length']",recognition hybrid fruit human consider challenge fruit exist color size shape texture marketplace prediction fruit vegetables pulse retailer general public difficult recognise two class fruit vegetable pulse categorise existence maturity call fruit maturity classification crop distribution fruit count crop harvest crop disease detection weed management production forecast manage water soil smart agricultural application employ robust learn fine deep learning project seek produce algorithms estimate fruit quality ripeness order forecast fruit shelf life manual vegetable fruit detection hard become easy automate detection fruit crop pulse image serve input process detection background removal extraction colour texture categorization comprise three k-means cluster method background subtraction statistical attribute pinpoint colour characteristic method detect fruit predict nutrition information deep alex network dan datasets investigation obtain fruit library image processing apple berry bananas grape papaya peach avocados apple taste among fruit trial carry variety additional fruit sample gather web archive network design consist three fully link layer max pool relu five convolution layer photos input filter stride length,162,332,2,0.7243843,"plant, model, image, fruit, leaf","The recognition of hybrid fruits by humans is considered a challenging task as fruits exist in various colors, sizes, shapes, and textures. In the marketplace, where prediction of fruits, vegetables, and pulses by retailers and the general public is very difficult. In this paper, we have recognised two different classes of fruits, vegetables, and pulses and categorised them based on the stages of their existence and maturity in a procedure called fruit maturity classification. Crop distribution, good fruit counts, crop harvesting, crop disease detection, weed management, and production forecasting are all aspects of managing water and soil and are just a few of the smart agricultural applications that employ robust learning (DL). The finest deep learning is what this project seeks to produce in algorithms for estimating fruit quality and ripeness in order to forecast fruit shelf life. Manual vegetable and fruit detection is a hard process when done in large numbers, but it becomes easy when done in small amounts. Automated detection of these is thus used. Fruit, crop, and pulse images served as the input for the first stage of processing, which included detection. Background removal, extraction of colour and texture properties, and categorization comprised the three steps of the process. The K-means clustering method was used for background subtraction. Statistical attributes were used to pinpoint colour characteristics. This research proposes a simple and effective method for detecting fruits and predicting their nutrition information using deep Alex networks (DAN). The datasets used in the investigation were obtained from the Fruit 360 library of image processing problems. Apples, berries, bananas, grapes, papaya, peaches, avocados, and various apple tastes are among the fruit groups. The trials are also carried out on a variety of additional fruit samples gathered from various Web archives. The network design consists of three fully linked layers, including the max pooling and RELU levels, and five convolution layers. 2272273 photos should be used as input for 96 filters that are 11113 and have a stride length of 4.",7,"[{'text': 'maturity', 'type': 'QUALITY_ATTRIBUTE', 'start': 420, 'end': 428, 'source': 'domain_dictionary'}, {'text': 'maturity', 'type': 'QUALITY_ATTRIBUTE', 'start': 457, 'end': 465, 'source': 'domain_dictionary'}, {'text': 'classification', 'type': 'ML_TECHNIQUE', 'start': 466, 'end': 480, 'source': 'domain_dictionary'}, {'text': 'deep learning', 'type': 'ML_TECHNIQUE', 'start': 751, 'end': 764, 'source': 'domain_dictionary'}, {'text': 'ripeness', 'type': 'QUALITY_ATTRIBUTE', 'start': 850, 'end': 858, 'source': 'domain_dictionary'}, {'text': 'colour', 'type': 'QUALITY_ATTRIBUTE', 'start': 1217, 'end': 1223, 'source': 'domain_dictionary'}, {'text': 'texture', 'type': 'QUALITY_ATTRIBUTE', 'start': 1228, 'end': 1235, 'source': 'domain_dictionary'}, {'text': 'k-means', 'type': 'ML_TECHNIQUE', 'start': 1313, 'end': 1320, 'source': 'domain_dictionary'}, {'text': 'clustering', 'type': 'ML_TECHNIQUE', 'start': 1321, 'end': 1331, 'source': 'domain_dictionary'}, {'text': 'colour', 'type': 'QUALITY_ATTRIBUTE', 'start': 1421, 'end': 1427, 'source': 'domain_dictionary'}, {'text': 'Alex', 'type': 'SPACY_PERSON', 'start': 1573, 'end': 1577, 'source': 'core_web_sm'}, {'text': 'DAN', 'type': 'SPACY_ORG', 'start': 1588, 'end': 1591, 'source': 'core_web_sm'}, {'text': 'Fruit', 'type': 'SPACY_ORG', 'start': 1656, 'end': 1661, 'source': 'core_web_sm'}, {'text': 'max', 'type': 'SPACY_PERSON', 'start': 1999, 'end': 2002, 'source': 'core_web_sm'}, {'text': 'RELU', 'type': 'SPACY_ORG', 'start': 2015, 'end': 2019, 'source': 'core_web_sm'}, {'text': 'length', 'type': 'QUALITY_ATTRIBUTE', 'start': 2148, 'end': 2154, 'source': 'domain_dictionary'}]",16,0.22727272727272727,0.6,0.09090909090909091,0.08181818181818182,METHODS,0.7689752083652434,17
2X4B4GBU,conferencePaper,2016,"Swetha, K.; Venkataraman, Veena; Sadhana, G. D.; Priyatharshini, R.",Hybrid approach for anthracnose detection using intensity and size features,"Proceedings - 2016 IEEE International Conference on Technological Innovations in ICT for Agriculture and Rural Development, TIAR 2016",10.1109/TIAR.2016.7801208,http://dx.doi.org/10.1109/TIAR.2016.7801208,"Anthracnose is a group of fungal diseases that affect a variety of plants in warm, humid areas. Commonly infecting the developing shoots and leaves, anthracnose fungi (usually Colletotrichum or Gloeosporium) produce spores in tiny, sunken, saucer-shaped fruiting bodies known as acervuli. Symptoms include sunken spots or lesions (blight) of various colors in leaves, stems, fruits, or flowers. This reduces the agricultural production significantly. Hence there is a need to detect this disease at the earliest. This paper is based on the determination of lesion areas affected by anthracnose by segmenting them using thresholding segmentation technique. The lesion areas are identified by dark spots on the surface of the leaf or the fruit. The percentage of affected area is determined by taking the size and intensity of the spots into consideration. We have considered three types of fruit namely mango, apple and tomato for our work. The developed methodology consists of two phases. In the first phase, the segmentation technique namely region growing is employed for separating anthracnose affected lesion areas from normal area. In the second phase, these affected areas are graded by calculating the percentage of affected area The work finds application in developing a machine vision system in horticulture field.",2016-07,2026-01-24 00:34:04,2026-01-24 00:34:04,28-32,IEEE,/home/aalejoz25/Zotero/storage/IV9NZVFY/Swetha et al. - 2016 - Hybrid approach for anthracnose detection using intensity and size features.pdf,thresholding; segmentation; anthracnose; Colletotrichum; lesions,hybrid approach for anthracnose detection using intensity and size features,"['hybrid', 'approach', 'for', 'anthracnose', 'detection', 'using', 'intensity', 'and', 'size', 'features']","['hybrid', 'anthracnose', 'intensity', 'size', 'feature']",hybrid anthracnose intensity size feature,"[('hybrid', 'anthracnose'), ('anthracnose', 'intensity'), ('intensity', 'size'), ('size', 'feature')]",10,75,5,"[('hybrid', 'anthracnose', 'intensity'), ('anthracnose', 'intensity', 'size'), ('intensity', 'size', 'feature')]","['anthracnose', 'fungal', 'disease', 'affect', 'variety', 'plant', 'warm', 'humid', 'commonly', 'infect', 'develop', 'shoots', 'leaf', 'anthracnose', 'fungi', 'usually', 'colletotrichum', 'gloeosporium', 'produce', 'spore', 'tiny', 'sunken', 'saucer-shaped', 'fruiting', 'body', 'know', 'acervuli', 'symptom', 'sunken', 'spots', 'lesion', 'blight', 'color', 'leave', 'stem', 'fruit', 'flower', 'agricultural', 'production', 'detect', 'disease', 'early', 'determination', 'lesion', 'affect', 'anthracnose', 'segment', 'thresholding', 'segmentation', 'lesion', 'identify', 'dark', 'spot', 'surface', 'leaf', 'fruit', 'affect', 'determined', 'take', 'size', 'intensity', 'spot', 'consideration', 'consider', 'three', 'fruit', 'namely', 'mango', 'apple', 'tomato', 'develop', 'consist', 'two', 'segmentation', 'namely', 'region', 'grow', 'employ', 'separate', 'anthracnose', 'affected', 'lesion', 'normal', 'affect', 'graded', 'calculating', 'affect', 'application', 'develop', 'machine', 'vision', 'system', 'horticulture']",anthracnose fungal disease affect variety plant warm humid commonly infect develop shoots leaf anthracnose fungi usually colletotrichum gloeosporium produce spore tiny sunken saucer-shaped fruiting body know acervuli symptom sunken spots lesion blight color leave stem fruit flower agricultural production detect disease early determination lesion affect anthracnose segment thresholding segmentation lesion identify dark spot surface leaf fruit affect determined take size intensity spot consideration consider three fruit namely mango apple tomato develop consist two segmentation namely region grow employ separate anthracnose affected lesion normal affect graded calculating affect application develop machine vision system horticulture,93,202,2,0.90691376,"plant, model, image, fruit, leaf","Anthracnose is a group of fungal diseases that affect a variety of plants in warm, humid areas. Commonly infecting the developing shoots and leaves, anthracnose fungi (usually Colletotrichum or Gloeosporium) produce spores in tiny, sunken, saucer-shaped fruiting bodies known as acervuli. Symptoms include sunken spots or lesions (blight) of various colors in leaves, stems, fruits, or flowers. This reduces the agricultural production significantly. Hence there is a need to detect this disease at the earliest. This paper is based on the determination of lesion areas affected by anthracnose by segmenting them using thresholding segmentation technique. The lesion areas are identified by dark spots on the surface of the leaf or the fruit. The percentage of affected area is determined by taking the size and intensity of the spots into consideration. We have considered three types of fruit namely mango, apple and tomato for our work. The developed methodology consists of two phases. In the first phase, the segmentation technique namely region growing is employed for separating anthracnose affected lesion areas from normal area. In the second phase, these affected areas are graded by calculating the percentage of affected area The work finds application in developing a machine vision system in horticulture field.",6,"[{'text': 'anthracnose', 'type': 'DISEASE', 'start': 0, 'end': 11, 'source': 'domain_dictionary'}, {'text': 'anthracnose', 'type': 'DISEASE', 'start': 149, 'end': 160, 'source': 'domain_dictionary'}, {'text': 'Colletotrichum', 'type': 'SPACY_ORG', 'start': 176, 'end': 190, 'source': 'core_web_sm'}, {'text': 'anthracnose', 'type': 'DISEASE', 'start': 582, 'end': 593, 'source': 'domain_dictionary'}, {'text': 'size', 'type': 'QUALITY_ATTRIBUTE', 'start': 803, 'end': 807, 'source': 'domain_dictionary'}, {'text': 'tomato', 'type': 'CROP_TYPE', 'start': 919, 'end': 925, 'source': 'domain_dictionary'}, {'text': 'anthracnose', 'type': 'DISEASE', 'start': 1086, 'end': 1097, 'source': 'domain_dictionary'}]",7,0.15151515151515152,0.5454545454545454,0.30303030303030304,0.0,METHODS,0.7057187041708216,12
ZUZ7B5WT,conferencePaper,2023,"Prasad, Sanjana; Haniya, K. Umme; Zeenathunnisa, Syeda; Tahir, Mohammed; Sulaiman, Mohammed",Deep learning based Automatic Indoor Plant Management System using Arduino,"2023 4th IEEE Global Conference for Advancement in Technology, GCAT 2023",10.1109/GCAT59970.2023.10353399,http://dx.doi.org/10.1109/GCAT59970.2023.10353399,"Normal plant management systems relies majorly on human monitoring and care. Some of the disadvantages are uneven watering, inadequate nutrition supply to the plants, time consuming, lack in precision of plant health parameters, not having real time visibility, inefficient resource usage of water and energy. In order to overcome these drawbacks, a deep learning-based Plant management system is proposed in this work. By automating the system, there are several advantages. In this project, an Arduino Based Plant Automation System that waters plants automatically based on the amount of soil moisture detected by the sensors is designed. The device provide fertilizer based on detecting plant diseases through image processing software. Some advantages of the proposed system include Accurate Monitoring of plants health parameters. Automated watering, fertilizing, providing real time alerts and notifications, improved plant health and growth, energy and resource efficiency, remote access and control etc. Some areas where this system can be deployed are Smart homes, Indoor gardening, Horticulture research, Sustainable Agriculture and Vertical Farming.",2023-10,2026-01-24 00:34:04,2026-01-24 00:34:04,1-5,IEEE,/home/aalejoz25/Zotero/storage/SQ5GGSKG/Prasad et al. - 2023 - Deep learning based Automatic Indoor Plant Management System using Arduino.pdf,Deep learning; Arduino; Plant Management System; Smart Agriculture,deep learning based automatic indoor plant management system using arduino,"['deep', 'learning', 'based', 'automatic', 'indoor', 'plant', 'management', 'system', 'using', 'arduino']","['indoor', 'management', 'arduino']",indoor management arduino,"[('indoor', 'management'), ('management', 'arduino')]",10,74,3,"[('indoor', 'management', 'arduino')]","['normal', 'plant', 'management', 'relies', 'majorly', 'human', 'monitoring', 'care', 'uneven', 'water', 'inadequate', 'nutrition', 'supply', 'plant', 'consume', 'lack', 'precision', 'plant', 'health', 'parameter', 'visibility', 'inefficient', 'resource', 'usage', 'water', 'energy', 'order', 'overcome', 'drawback', 'deep', 'learning-based', 'plant', 'management', 'system', 'automate', 'system', 'project', 'arduino', 'plant', 'automation', 'system', 'water', 'plant', 'automatically', 'soil', 'moisture', 'detect', 'sensor', 'design', 'device', 'fertilizer', 'detect', 'plant', 'disease', 'image', 'processing', 'software', 'system', 'accurate', 'monitoring', 'plant', 'health', 'parameter', 'automate', 'water', 'fertilize', 'provide', 'alert', 'notification', 'plant', 'health', 'growth', 'energy', 'resource', 'efficiency', 'remote', 'access', 'control', 'etc', 'system', 'deploy', 'smart', 'home', 'indoor', 'gardening', 'horticulture', 'sustainable', 'agriculture', 'vertical', 'farming']",normal plant management relies majorly human monitoring care uneven water inadequate nutrition supply plant consume lack precision plant health parameter visibility inefficient resource usage water energy order overcome drawback deep learning-based plant management system automate system project arduino plant automation system water plant automatically soil moisture detect sensor design device fertilizer detect plant disease image processing software system accurate monitoring plant health parameter automate water fertilize provide alert notification plant health growth energy resource efficiency remote access control etc system deploy smart home indoor gardening horticulture sustainable agriculture vertical farming,90,165,2,0.6533261,"plant, model, image, fruit, leaf","Normal plant management systems relies majorly on human monitoring and care. Some of the disadvantages are uneven watering, inadequate nutrition supply to the plants, time consuming, lack in precision of plant health parameters, not having real time visibility, inefficient resource usage of water and energy. In order to overcome these drawbacks, a deep learning-based Plant management system is proposed in this work. By automating the system, there are several advantages. In this project, an Arduino Based Plant Automation System that waters plants automatically based on the amount of soil moisture detected by the sensors is designed. The device provide fertilizer based on detecting plant diseases through image processing software. Some advantages of the proposed system include Accurate Monitoring of plants health parameters. Automated watering, fertilizing, providing real time alerts and notifications, improved plant health and growth, energy and resource efficiency, remote access and control etc. Some areas where this system can be deployed are Smart homes, Indoor gardening, Horticulture research, Sustainable Agriculture and Vertical Farming.",2,"[{'text': 'precision', 'type': 'METRIC', 'start': 191, 'end': 200, 'source': 'domain_dictionary'}, {'text': 'deep learning', 'type': 'ML_TECHNIQUE', 'start': 350, 'end': 363, 'source': 'domain_dictionary'}, {'text': 'Plant', 'type': 'SPACY_ORG', 'start': 370, 'end': 375, 'source': 'core_web_sm'}, {'text': 'Arduino Based Plant Automation System', 'type': 'SPACY_ORG', 'start': 496, 'end': 533, 'source': 'core_web_sm'}, {'text': 'Accurate Monitoring', 'type': 'SPACY_ORG', 'start': 787, 'end': 806, 'source': 'core_web_sm'}, {'text': 'Smart', 'type': 'SPACY_ORG', 'start': 1061, 'end': 1066, 'source': 'core_web_sm'}, {'text': 'Sustainable Agriculture', 'type': 'SPACY_ORG', 'start': 1115, 'end': 1138, 'source': 'core_web_sm'}]",7,0.2654867256637168,0.3185840707964601,0.17699115044247787,0.23893805309734514,METHODS,0.9846711518202067,8
Y8FPA5X6,conferencePaper,2023,"Kumar, S. Sandeep; Divakarla, Usha",Mulberry Leaves Diseases and Disease Identification Techniques,"International Conference on Integrated Intelligence and Communication Systems, ICIICS 2023",10.1109/ICIICS59993.2023.10421635,http://dx.doi.org/10.1109/ICIICS59993.2023.10421635,"In sericulture, the young caterpillars of the common silk moth, also known as 'Bombyx Mori,' are the most widely used species of silkworm. For the purpose of raising silkworms, mulberry plants are grown. Mulberry leaves are the main source of food for silkworms. Mulberry leaves are an important economic factor in sericulture because they directly influence the quality and quantity of cocoons produced per unit area. Mulberry leaf diseases cause both a loss in leaf quality and a reduction in leaf yield. Feeding silkworms diseased leaves has an effect on both the quality of the silk produced and the number of cocoons formed. Traditional techniques have been used to detect diseases. However, plant pathologists or agricultural professionals have traditionally used empty-eye observation to find leaf diseases. It takes a lot of labour and in-depth understanding of plant illnesses to detect diseases in plant leaves using this approach, which may be unreliable, time-consuming, and lucrative. Therefore, it is crucial to maintain regular watchfulness and employ effective disease diagnosis methods to safeguard mulberry leaves from various disease attacks.",2023-11,2026-01-24 00:34:04,2026-01-24 00:34:04,1-7,IEEE,/home/aalejoz25/Zotero/storage/L6B83UTK/Kumar and Divakarla - 2023 - Mulberry Leaves Diseases and Disease Identification Techniques.pdf,Bombyx Mori; Co-coon; Mulberry Leaf; Silkworm,mulberry leaves diseases and disease identification techniques,"['mulberry', 'leaves', 'diseases', 'and', 'disease', 'identification', 'techniques']","['mulberry', 'disease', 'disease', 'technique']",mulberry disease disease technique,"[('mulberry', 'disease'), ('disease', 'disease'), ('disease', 'technique')]",7,62,4,"[('mulberry', 'disease', 'disease'), ('disease', 'disease', 'technique')]","['sericulture', 'young', 'caterpillar', 'common', 'silk', 'moth', 'known', 'bombyx', 'mori', 'widely', 'species', 'silkworm', 'raise', 'silkworm', 'mulberry', 'plant', 'grow', 'mulberry', 'leave', 'source', 'food', 'silkworm', 'mulberry', 'leave', 'economic', 'sericulture', 'directly', 'influence', 'quality', 'quantity', 'cocoon', 'produce', 'per', 'unit', 'mulberry', 'leaf', 'disease', 'cause', 'loss', 'leaf', 'quality', 'reduction', 'leaf', 'yield', 'feeding', 'silkworm', 'diseased', 'leaf', 'effect', 'quality', 'silk', 'produce', 'cocoon', 'form', 'detect', 'disease', 'plant', 'pathologists', 'agricultural', 'professional', 'traditionally', 'empty-eye', 'observation', 'leaf', 'diseases', 'take', 'lot', 'labour', 'in-depth', 'understanding', 'plant', 'illness', 'detect', 'diseases', 'plant', 'leave', 'unreliable', 'time-consuming', 'lucrative', 'crucial', 'maintain', 'regular', 'watchfulness', 'employ', 'disease', 'diagnosis', 'method', 'safeguard', 'mulberry', 'leave', 'disease', 'attack']",sericulture young caterpillar common silk moth known bombyx mori widely species silkworm raise silkworm mulberry plant grow mulberry leave source food silkworm mulberry leave economic sericulture directly influence quality quantity cocoon produce per unit mulberry leaf disease cause loss leaf quality reduction leaf yield feeding silkworm diseased leaf effect quality silk produce cocoon form detect disease plant pathologists agricultural professional traditionally empty-eye observation leaf diseases take lot labour in-depth understanding plant illness detect diseases plant leave unreliable time-consuming lucrative crucial maintain regular watchfulness employ disease diagnosis method safeguard mulberry leave disease attack,92,176,2,0.675751,"plant, model, image, fruit, leaf","In sericulture, the young caterpillars of the common silk moth, also known as 'Bombyx Mori,' are the most widely used species of silkworm. For the purpose of raising silkworms, mulberry plants are grown. Mulberry leaves are the main source of food for silkworms. Mulberry leaves are an important economic factor in sericulture because they directly influence the quality and quantity of cocoons produced per unit area. Mulberry leaf diseases cause both a loss in leaf quality and a reduction in leaf yield. Feeding silkworms diseased leaves has an effect on both the quality of the silk produced and the number of cocoons formed. Traditional techniques have been used to detect diseases. However, plant pathologists or agricultural professionals have traditionally used empty-eye observation to find leaf diseases. It takes a lot of labour and in-depth understanding of plant illnesses to detect diseases in plant leaves using this approach, which may be unreliable, time-consuming, and lucrative. Therefore, it is crucial to maintain regular watchfulness and employ effective disease diagnosis methods to safeguard mulberry leaves from various disease attacks.",6,"[{'text': 'Bombyx Mori', 'type': 'SPACY_PERSON', 'start': 79, 'end': 90, 'source': 'core_web_sm'}, {'text': 'Mulberry', 'type': 'SPACY_PERSON', 'start': 204, 'end': 212, 'source': 'core_web_sm'}, {'text': 'Mulberry', 'type': 'SPACY_PERSON', 'start': 263, 'end': 271, 'source': 'core_web_sm'}, {'text': 'Mulberry', 'type': 'SPACY_PERSON', 'start': 419, 'end': 427, 'source': 'core_web_sm'}]",4,0.375,0.15,0.25,0.225,INTRODUCTION,0.9626922984012778,10
DJ5RGMCV,conferencePaper,2024,"Pushpa, P.; Priyanka, M.; Somu, C. S.; Venitha, E.; Savija, J.; Mohanaprakash, T. A.",Deep Learning Based Classification and Prediction on Vegetable Crop Leaf,"4th IEEE International Conference on Mobile Networks and Wireless Communications, ICMNWC 2024",10.1109/ICMNWC63764.2024.10872206,http://dx.doi.org/10.1109/ICMNWC63764.2024.10872206,"Globally speaking, India is a country that is growing quickly. Crop diseases pose a severe danger to food security, yet they are still hard to identify. Due to their reliance on a manually created feature extraction process, these systems' accuracy has reached its peak. This approach classification method needs to incorporate CNN to surpass grading accuracy for tomato leaf pestilence. To properly describe and categorize tomato infections, the Deep Learning algorithm is used. Using a sample of 3000 frames of tomato leaves with nine various pestilences and a better and healthier leaf, the full simulation was carried out using Google Colab. The targeted area of the input photographs is first segregated from the genuine snaps after preprocessing the input images. Second, the frames are further processed using various CNN model hyper-parameters. CNN also extracts additional qualities from frames, such as colours, borders, and textures. The results reveal that the predictions made by the demonstrated replica are 98.49% precise.",2024-12,2026-01-24 00:34:04,2026-01-24 00:34:04,1-7,IEEE,/home/aalejoz25/Zotero/storage/UFGS2V5M/Pushpa et al. - 2024 - Deep Learning Based Classification and Prediction on Vegetable Crop Leaf.pdf,deep learning; convolution neural network; decision tree; tomato crop leaf,deep learning based classification and prediction on vegetable crop leaf,"['deep', 'learning', 'based', 'classification', 'and', 'prediction', 'on', 'vegetable', 'crop', 'leaf']","['prediction', 'vegetable']",prediction vegetable,"[('prediction', 'vegetable')]",10,72,2,[],"['globally', 'speak', 'india', 'country', 'grow', 'quickly', 'crop', 'disease', 'pose', 'severe', 'danger', 'food', 'security', 'yet', 'still', 'hard', 'identify', 'due', 'reliance', 'manually', 'create', 'feature', 'extraction', 'reach', 'peak', 'classification', 'method', 'incorporate', 'cnn', 'surpass', 'grade', 'tomato', 'leaf', 'pestilence', 'properly', 'categorize', 'tomato', 'infection', 'deep', 'learn', 'algorithm', 'sample', 'frame', 'tomato', 'leave', 'nine', 'pestilence', 'healthy', 'leaf', 'full', 'simulation', 'carry', 'google', 'colab', 'target', 'input', 'photograph', 'segregate', 'genuine', 'snap', 'preprocessing', 'input', 'image', 'frame', 'process', 'cnn', 'model', 'hyper-parameters', 'cnn', 'extract', 'additional', 'quality', 'frame', 'colours', 'border', 'texture', 'prediction', 'make', 'replica', 'precise']",globally speak india country grow quickly crop disease pose severe danger food security yet still hard identify due reliance manually create feature extraction reach peak classification method incorporate cnn surpass grade tomato leaf pestilence properly categorize tomato infection deep learn algorithm sample frame tomato leave nine pestilence healthy leaf full simulation carry google colab target input photograph segregate genuine snap preprocessing input image frame process cnn model hyper-parameters cnn extract additional quality frame colours border texture prediction make replica precise,80,158,2,0.83494866,"plant, model, image, fruit, leaf","Globally speaking, India is a country that is growing quickly. Crop diseases pose a severe danger to food security, yet they are still hard to identify. Due to their reliance on a manually created feature extraction process, these systems' accuracy has reached its peak. This approach classification method needs to incorporate CNN to surpass grading accuracy for tomato leaf pestilence. To properly describe and categorize tomato infections, the Deep Learning algorithm is used. Using a sample of 3000 frames of tomato leaves with nine various pestilences and a better and healthier leaf, the full simulation was carried out using Google Colab. The targeted area of the input photographs is first segregated from the genuine snaps after preprocessing the input images. Second, the frames are further processed using various CNN model hyper-parameters. CNN also extracts additional qualities from frames, such as colours, borders, and textures. The results reveal that the predictions made by the demonstrated replica are 98.49 precise.",5,"[{'text': 'India', 'type': 'SPACY_GPE', 'start': 19, 'end': 24, 'source': 'core_web_sm'}, {'text': 'feature extraction', 'type': 'ML_TECHNIQUE', 'start': 197, 'end': 215, 'source': 'domain_dictionary'}, {'text': 'accuracy', 'type': 'METRIC', 'start': 240, 'end': 248, 'source': 'domain_dictionary'}, {'text': 'classification', 'type': 'ML_TECHNIQUE', 'start': 285, 'end': 299, 'source': 'domain_dictionary'}, {'text': 'cnn', 'type': 'ML_TECHNIQUE', 'start': 328, 'end': 331, 'source': 'domain_dictionary'}, {'text': 'accuracy', 'type': 'METRIC', 'start': 351, 'end': 359, 'source': 'domain_dictionary'}, {'text': 'tomato', 'type': 'CROP_TYPE', 'start': 364, 'end': 370, 'source': 'domain_dictionary'}, {'text': 'tomato', 'type': 'CROP_TYPE', 'start': 424, 'end': 430, 'source': 'domain_dictionary'}, {'text': 'the Deep Learning', 'type': 'SPACY_ORG', 'start': 443, 'end': 460, 'source': 'core_web_sm'}, {'text': 'tomato', 'type': 'CROP_TYPE', 'start': 513, 'end': 519, 'source': 'domain_dictionary'}, {'text': 'Google Colab', 'type': 'SPACY_PRODUCT', 'start': 632, 'end': 644, 'source': 'core_web_sm'}, {'text': 'cnn', 'type': 'ML_TECHNIQUE', 'start': 825, 'end': 828, 'source': 'domain_dictionary'}, {'text': 'cnn', 'type': 'ML_TECHNIQUE', 'start': 853, 'end': 856, 'source': 'domain_dictionary'}]",13,0.047393364928909956,0.6255924170616114,0.28436018957345977,0.04265402843601896,METHODS,0.6709238465444816,10
BMEMK9Y9,conferencePaper,2023,"Kavitha, M.; Senthilkumar, S.; Kalaivani, K.; Saranya, E.; Arunkumar, P.; Malu, V.",Smart Environment and Plant Disease Monitoring with Analysis System in Agricultural Field,"3rd IEEE International Conference on ICT in Business Industry and Government, ICTBIG 2023",10.1109/ICTBIG59752.2023.10456200,http://dx.doi.org/10.1109/ICTBIG59752.2023.10456200,"Agriculture is deemed to be the most significant segment in India. The main objective of this research work is to monitor plant diseases and analyze the system using a smartphone. The remote monitoring framework, including temperature, stickiness and soil humidity sensors, a microcontroller, an ultrasonic sensor, a camera, and a GSM module is validated for effective environment observation. The technology could offer a fresh method for farming to obtain information related to agriculture. In this monitoring system of agricultural diseases, the main aim is to achieve disease monitoring information and collections of the results are detected by Android application through GSM. ARM processor is used for analog to digital converter (ADC) and sends the gathered information to portable through GSM. An IP web camera is occasionally empowered to catch the plant leaf picture for disease checking and an ultrasonic sensor is utilized with the end goal of plant development checking. It uses a soil battery to drive the temperature sensor to foster plant development checking framework and plant infection observation, likewise adaptive android application to screen such circumstances by utilizing this innovation to accomplish a green hardware framework.",2023-12,2026-01-24 00:34:04,2026-01-24 00:34:04,1-6,IEEE,/home/aalejoz25/Zotero/storage/E9L6BFTN/Kavitha et al. - 2023 - Smart Environment and Plant Disease Monitoring with Analysis System in Agricultural Field.pdf,Smart agriculture; GSM; Plant disease monitoring; Wireless sensor networks,smart environment and plant disease monitoring with analysis system in agricultural field,"['smart', 'environment', 'and', 'plant', 'disease', 'monitoring', 'with', 'analysis', 'system', 'in', 'agricultural', 'field']","['smart', 'environment', 'disease']",smart environment disease,"[('smart', 'environment'), ('environment', 'disease')]",12,89,3,"[('smart', 'environment', 'disease')]","['agriculture', 'deem', 'segment', 'india', 'monitor', 'plant', 'diseases', 'analyze', 'system', 'smartphone', 'remote', 'monitoring', 'temperature', 'stickiness', 'soil', 'humidity', 'sensor', 'microcontroller', 'ultrasonic', 'sensor', 'camera', 'gsm', 'module', 'validate', 'environment', 'observation', 'technology', 'offer', 'fresh', 'method', 'farm', 'obtain', 'information', 'related', 'agriculture', 'monitoring', 'system', 'agricultural', 'disease', 'disease', 'monitor', 'information', 'collection', 'detect', 'android', 'application', 'gsm', 'arm', 'processor', 'analog', 'digital', 'converter', 'adc', 'send', 'gathered', 'information', 'portable', 'gsm', 'web', 'camera', 'occasionally', 'empower', 'catch', 'plant', 'leaf', 'picture', 'disease', 'check', 'ultrasonic', 'sensor', 'end', 'plant', 'development', 'check', 'soil', 'battery', 'drive', 'temperature', 'sensor', 'foster', 'plant', 'development', 'check', 'plant', 'infection', 'observation', 'likewise', 'adaptive', 'android', 'application', 'screen', 'circumstance', 'utilize', 'innovation', 'accomplish', 'green', 'hardware']",agriculture deem segment india monitor plant diseases analyze system smartphone remote monitoring temperature stickiness soil humidity sensor microcontroller ultrasonic sensor camera gsm module validate environment observation technology offer fresh method farm obtain information related agriculture monitoring system agricultural disease disease monitor information collection detect android application gsm arm processor analog digital converter adc send gathered information portable gsm web camera occasionally empower catch plant leaf picture disease check ultrasonic sensor end plant development check soil battery drive temperature sensor foster plant development check plant infection observation likewise adaptive android application screen circumstance utilize innovation accomplish green hardware,97,188,4,0.48773357,"leaf, diseases, leave, trait, grape","Agriculture is deemed to be the most significant segment in India. The main objective of this research work is to monitor plant diseases and analyze the system using a smartphone. The remote monitoring framework, including temperature, stickiness and soil humidity sensors, a microcontroller, an ultrasonic sensor, a camera, and a GSM module is validated for effective environment observation. The technology could offer a fresh method for farming to obtain information related to agriculture. In this monitoring system of agricultural diseases, the main aim is to achieve disease monitoring information and collections of the results are detected by Android application through GSM. ARM processor is used for analog to digital converter (ADC) and sends the gathered information to portable through GSM. An IP web camera is occasionally empowered to catch the plant leaf picture for disease checking and an ultrasonic sensor is utilized with the end goal of plant development checking. It uses a soil battery to drive the temperature sensor to foster plant development checking framework and plant infection observation, likewise adaptive android application to screen such circumstances by utilizing this innovation to accomplish a green hardware framework.",2,"[{'text': 'India', 'type': 'SPACY_GPE', 'start': 60, 'end': 65, 'source': 'core_web_sm'}, {'text': 'GSM', 'type': 'SPACY_ORG', 'start': 331, 'end': 334, 'source': 'core_web_sm'}, {'text': 'Android', 'type': 'SPACY_ORG', 'start': 651, 'end': 658, 'source': 'core_web_sm'}, {'text': 'GSM', 'type': 'SPACY_ORG', 'start': 679, 'end': 682, 'source': 'core_web_sm'}, {'text': 'ADC', 'type': 'SPACY_ORG', 'start': 739, 'end': 742, 'source': 'core_web_sm'}, {'text': 'GSM', 'type': 'SPACY_ORG', 'start': 799, 'end': 802, 'source': 'core_web_sm'}, {'text': 'IP', 'type': 'SPACY_ORG', 'start': 807, 'end': 809, 'source': 'core_web_sm'}]",7,0.11904761904761904,0.2857142857142857,0.5952380952380952,0.0,RESULTS,0.6637111489413234,8
S2ZW29GP,conferencePaper,2022,"Garg, Surbhi; Dixit, Divya; Yadav, Sudeept Singh",Disease Detection in Plants Using KNN Algorithm,"Proceedings - 2022 4th International Conference on Advances in Computing, Communication Control and Networking, ICAC3N 2022",10.1109/ICAC3N56670.2022.10074491,http://dx.doi.org/10.1109/ICAC3N56670.2022.10074491,"India is widely acknowledged as the world's fundamental producer of spices, grains, rice harvests etc. The characteristics of theyield, that defined by the plants growth and harvest. As a result, disease identification in plants is critical in the sector of cultivation. Plants are highly prone to infections, that disturb the plant's progress &, as a result, disrupt the natural balance of the agronomist. The need for an automatic disease detection process is advantageous in identifying a plant disease at an early stage.Pre-processing, feature extraction, segmentation, and classification are all steps in plant disease detection algorithms.The performance of the KNN classifier is examined, and it is discovered that the KNN classifier has higher accuracy and less fault detection than other techniques.",2022-12,2026-01-24 00:34:04,2026-01-24 00:34:04,938-943,IEEE,/home/aalejoz25/Zotero/storage/BBK9PA7L/Garg et al. - 2022 - Disease Detection in Plants Using KNN Algorithm.pdf,GLCM; K-means; KNN; Plant Disease Detection,disease detection in plants using knn algorithm,"['disease', 'detection', 'in', 'plants', 'using', 'knn', 'algorithm']","['disease', 'knn']",disease knn,"[('disease', 'knn')]",7,47,2,[],"['india', 'widely', 'acknowledge', 'world', 'fundamental', 'producer', 'spice', 'grain', 'rice', 'harvest', 'etc', 'characteristic', 'theyield', 'defined', 'plant', 'growth', 'harvest', 'disease', 'identification', 'plant', 'sector', 'cultivation', 'plant', 'highly', 'prone', 'infection', 'disturb', 'plant', 'progress', 'disrupt', 'natural', 'balance', 'agronomist', 'automatic', 'disease', 'detection', 'advantageous', 'identifying', 'plant', 'disease', 'pre-processing', 'feature', 'extraction', 'segmentation', 'classification', 'plant', 'disease', 'detection', 'algorithms', 'performance', 'knn', 'classifier', 'examine', 'discover', 'knn', 'classifier', 'less', 'fault', 'detection']",india widely acknowledge world fundamental producer spice grain rice harvest etc characteristic theyield defined plant growth harvest disease identification plant sector cultivation plant highly prone infection disturb plant progress disrupt natural balance agronomist automatic disease detection advantageous identifying plant disease pre-processing feature extraction segmentation classification plant disease detection algorithms performance knn classifier examine discover knn classifier less fault detection,59,120,2,0.7135868,"plant, model, image, fruit, leaf","India is widely acknowledged as the world's fundamental producer of spices, grains, rice harvests etc. The characteristics of theyield, that defined by the plants growth and harvest. As a result, disease identification in plants is critical in the sector of cultivation. Plants are highly prone to infections, that disturb the plant's progress , as a result, disrupt the natural balance of the agronomist. The need for an automatic disease detection process is advantageous in identifying a plant disease at an early stage.Pre-processing, feature extraction, segmentation, and classification are all steps in plant disease detection algorithms.The performance of the KNN classifier is examined, and it is discovered that the KNN classifier has higher accuracy and less fault detection than other techniques.",3,"[{'text': 'India', 'type': 'SPACY_GPE', 'start': 0, 'end': 5, 'source': 'core_web_sm'}, {'text': 'feature extraction', 'type': 'ML_TECHNIQUE', 'start': 540, 'end': 558, 'source': 'domain_dictionary'}, {'text': 'classification', 'type': 'ML_TECHNIQUE', 'start': 578, 'end': 592, 'source': 'domain_dictionary'}, {'text': 'knn', 'type': 'ML_TECHNIQUE', 'start': 668, 'end': 671, 'source': 'domain_dictionary'}, {'text': 'knn', 'type': 'ML_TECHNIQUE', 'start': 726, 'end': 729, 'source': 'domain_dictionary'}, {'text': 'accuracy', 'type': 'METRIC', 'start': 752, 'end': 760, 'source': 'domain_dictionary'}]",6,0.06410256410256411,0.6153846153846154,0.32051282051282054,0.0,METHODS,0.6056226140004864,4
NSSEI9KZ,conferencePaper,2024,"Sharma, Rishabh; Nagpal, Manish",Branching Out: A Simple 5-Level Classification of Magnolia Scale Diseases Using a Combination of CNN and DT Models,"2024 5th IEEE Global Conference for Advancement in Technology, GCAT 2024",10.1109/GCAT62922.2024.10923907,http://dx.doi.org/10.1109/GCAT62922.2024.10923907,"Checking and sorting Magnolia Scale diseases is very important for keeping plants healthy and making sure they get the best crop output in farming. In this work, introduce a new mix using Convolutional Neural Networks (CNN) and Decision Trees (DT). It helps to sort Magnolia Scale diseases into five agreed severity levels. The mix of CNN and DT models does well. It gets 96 out of 100 right at guessing how bad the infestation with the Magnolia Scale is. Using what's known as transfer learning, the CNN part takes important features from an existing deep learning system. Then it adjusts these learned features to special traits of a set of Magnolia Scale images for disease identification after fine-tuning. After that, adding the results from a process called CNN into a group of choices helps make the model better. It also makes it strong and gives exact levels for how serious something is. Accuracy measurements such as precision, recall, and F1-scores above 90% across all disease severity levels show that the model is dependable and accurate in spotting different stages of illnesses. The research shows that the mixed model can be very important in disease control plans for gardening. It provides accurate and sure evaluation skills needed to find diseases early on so action can be taken quickly. This study sets the building blocks for improving ways of checking diseases and it looks promising to change disease control methods in plants outside Magnolia. This could improve plant health and make farming more sustainable without just thinking about Magnolia flowers.",2024-10,2026-01-24 00:34:04,2026-01-24 00:34:04,1-5,IEEE,/home/aalejoz25/Zotero/storage/U6ZDP4KL/Sharma and Nagpal - 2024 - Branching Out A Simple 5-Level Classification of Magnolia Scale Diseases Using a Combination of CNN.pdf,Horticulture; Convolutional Neural Networks; Disease severity classification; Hybrid models; Magnolia Scale; Plant disease assessment,branching out a simple level classification of magnolia scale diseases using a combination of cnn and dt models,"['branching', 'out', 'a', 'simple', 'level', 'classification', 'of', 'magnolia', 'scale', 'diseases', 'using', 'a', 'combination', 'of', 'cnn', 'and', 'dt', 'models']","['branching', 'simple', 'level', 'magnolia', 'scale', 'disease', 'combination', 'cnn']",branching simple level magnolia scale disease combination cnn,"[('branching', 'simple'), ('simple', 'level'), ('level', 'magnolia'), ('magnolia', 'scale'), ('scale', 'disease'), ('disease', 'combination'), ('combination', 'cnn')]",18,114,8,"[('branching', 'simple', 'level'), ('simple', 'level', 'magnolia'), ('level', 'magnolia', 'scale'), ('magnolia', 'scale', 'disease'), ('scale', 'disease', 'combination'), ('disease', 'combination', 'cnn')]","['check', 'sort', 'magnolia', 'scale', 'disease', 'keep', 'plant', 'healthy', 'make', 'sure', 'get', 'crop', 'output', 'farm', 'mix', 'convolutional', 'neural', 'network', 'cnn', 'decision', 'tree', 'help', 'sort', 'magnolia', 'scale', 'disease', 'five', 'agree', 'severity', 'mix', 'cnn', 'get', 'right', 'guess', 'bad', 'infestation', 'magnolia', 'scale', 'know', 'transfer', 'learn', 'cnn', 'take', 'feature', 'deep', 'learn', 'system', 'adjusts', 'learn', 'feature', 'special', 'trait', 'magnolia', 'scale', 'image', 'disease', 'identification', 'fine-tuning', 'add', 'call', 'cnn', 'choice', 'help', 'make', 'model', 'make', 'strong', 'give', 'exact', 'serious', 'something', 'measurement', 'precision', 'recall', 'f1-scores', 'across', 'disease', 'severity', 'model', 'dependable', 'accurate', 'spotting', 'illness', 'mixed', 'model', 'disease', 'control', 'plan', 'garden', 'accurate', 'sure', 'skill', 'diseases', 'action', 'take', 'quickly', 'build', 'block', 'improve', 'checking', 'disease', 'look', 'change', 'disease', 'control', 'methods', 'plant', 'outside', 'magnolia', 'plant', 'health', 'make', 'farm', 'sustainable', 'without', 'think', 'magnolia', 'flower']",check sort magnolia scale disease keep plant healthy make sure get crop output farm mix convolutional neural network cnn decision tree help sort magnolia scale disease five agree severity mix cnn get right guess bad infestation magnolia scale know transfer learn cnn take feature deep learn system adjusts learn feature special trait magnolia scale image disease identification fine-tuning add call cnn choice help make model make strong give exact serious something measurement precision recall f1-scores across disease severity model dependable accurate spotting illness mixed model disease control plan garden accurate sure skill diseases action take quickly build block improve checking disease look change disease control methods plant outside magnolia plant health make farm sustainable without think magnolia flower,118,258,2,0.9955172,"plant, model, image, fruit, leaf","Checking and sorting Magnolia Scale diseases is very important for keeping plants healthy and making sure they get the best crop output in farming. In this work, introduce a new mix using Convolutional Neural Networks (CNN) and Decision Trees (DT). It helps to sort Magnolia Scale diseases into five agreed severity levels. The mix of CNN and DT models does well. It gets 96 out of 100 right at guessing how bad the infestation with the Magnolia Scale is. Using what's known as transfer learning, the CNN part takes important features from an existing deep learning system. Then it adjusts these learned features to special traits of a set of Magnolia Scale images for disease identification after fine-tuning. After that, adding the results from a process called CNN into a group of choices helps make the model better. It also makes it strong and gives exact levels for how serious something is. Accuracy measurements such as precision, recall, and F1-scores above 90 across all disease severity levels show that the model is dependable and accurate in spotting different stages of illnesses. The research shows that the mixed model can be very important in disease control plans for gardening. It provides accurate and sure evaluation skills needed to find diseases early on so action can be taken quickly. This study sets the building blocks for improving ways of checking diseases and it looks promising to change disease control methods in plants outside Magnolia. This could improve plant health and make farming more sustainable without just thinking about Magnolia flowers.",5,"[{'text': 'Convolutional Neural Networks', 'type': 'SPACY_ORG', 'start': 188, 'end': 217, 'source': 'core_web_sm'}, {'text': 'cnn', 'type': 'ML_TECHNIQUE', 'start': 219, 'end': 222, 'source': 'domain_dictionary'}, {'text': 'Decision Trees', 'type': 'SPACY_ORG', 'start': 228, 'end': 242, 'source': 'core_web_sm'}, {'text': 'Magnolia Scale', 'type': 'SPACY_PRODUCT', 'start': 266, 'end': 280, 'source': 'core_web_sm'}, {'text': 'cnn', 'type': 'ML_TECHNIQUE', 'start': 335, 'end': 338, 'source': 'domain_dictionary'}, {'text': 'DT', 'type': 'SPACY_ORG', 'start': 343, 'end': 345, 'source': 'core_web_sm'}, {'text': 'the Magnolia Scale', 'type': 'SPACY_ORG', 'start': 433, 'end': 451, 'source': 'core_web_sm'}, {'text': 'transfer learning', 'type': 'ML_TECHNIQUE', 'start': 478, 'end': 495, 'source': 'domain_dictionary'}, {'text': 'cnn', 'type': 'ML_TECHNIQUE', 'start': 501, 'end': 504, 'source': 'domain_dictionary'}, {'text': 'deep learning', 'type': 'ML_TECHNIQUE', 'start': 552, 'end': 565, 'source': 'domain_dictionary'}, {'text': 'fine-tuning', 'type': 'ML_TECHNIQUE', 'start': 698, 'end': 709, 'source': 'domain_dictionary'}, {'text': 'cnn', 'type': 'ML_TECHNIQUE', 'start': 764, 'end': 767, 'source': 'domain_dictionary'}, {'text': 'accuracy', 'type': 'METRIC', 'start': 898, 'end': 906, 'source': 'domain_dictionary'}, {'text': 'precision', 'type': 'METRIC', 'start': 928, 'end': 937, 'source': 'domain_dictionary'}, {'text': 'recall', 'type': 'METRIC', 'start': 939, 'end': 945, 'source': 'domain_dictionary'}, {'text': 'F1', 'type': 'SPACY_GPE', 'start': 951, 'end': 953, 'source': 'core_web_sm'}, {'text': 'Magnolia', 'type': 'SPACY_GPE', 'start': 1462, 'end': 1470, 'source': 'core_web_sm'}]",17,0.09404388714733543,0.5642633228840126,0.31347962382445144,0.02821316614420063,METHODS,0.7282122326157605,14
XMUL4DML,conferencePaper,2016,"Massi, Ismail El; Es-Saady, Youssef; Yassa, Mostafa El; Mammass, Driss; Benazoun, Abdeslam",Automatic Recognition of the Damages and Symptoms on Plant Leaves Using Parallel Combination of Two Classifiers,"2016 13th International Conference on Computer Graphics, Imaging and Visualization (CGiV)",10.1109/cgiv.2016.34,http://dx.doi.org/10.1109/CGiV.2016.34,,2016-03,2026-01-24 00:34:04,2026-01-24 00:34:04,,IEEE,/home/aalejoz25/Zotero/storage/DRWR9QMD/Massi et al. - 2016 - Automatic Recognition of the Damages and Symptoms on Plant Leaves Using Parallel Combination of Two.pdf,,automatic recognition of the damages and symptoms on plant leaves using parallel combination of two classifiers,"['automatic', 'recognition', 'of', 'the', 'damages', 'and', 'symptoms', 'on', 'plant', 'leaves', 'using', 'parallel', 'combination', 'of', 'two', 'classifiers']","['recognition', 'damage', 'symptom', 'parallel', 'combination', 'two', 'classifier']",recognition damage symptom parallel combination two classifier,"[('recognition', 'damage'), ('damage', 'symptom'), ('symptom', 'parallel'), ('parallel', 'combination'), ('combination', 'two'), ('two', 'classifier')]",16,111,7,"[('recognition', 'damage', 'symptom'), ('damage', 'symptom', 'parallel'), ('symptom', 'parallel', 'combination'), ('parallel', 'combination', 'two'), ('combination', 'two', 'classifier')]",[],,0,0,,,,,,[],0,0.0,0.0,0.0,0.0,UNKNOWN,0.0,0
2QZ5KNMU,conferencePaper,2025,"Kaur, Jashanpreet; Singh, Gurpreet; Jagadish, Sripelli; Salami, Zaeid Ajsan",Indoor Greenery Identification: A ResNet-50 and SVM-Based Approach for Plant Species Recognition,"2025 IEEE International Conference on Interdisciplinary Approaches in Technology and Management for Social Innovation, IATMSI 2025",10.1109/IATMSI64286.2025.10985113,http://dx.doi.org/10.1109/IATMSI64286.2025.10985113,"The accurate identifications of houseplant species are very important applications in horticulture, biodiversity conservation, and plant disease management. This research paper presents an approach for classification of house-plant species by focusing on the identification of various plants commonly found in indoor environments. In the model, a hybrid architecture is used in which ResNet-50 is combined with an SVM classifier implemented using the PyTorch deep learning (DL) framework. It utilizes the Adam optimizer to train efficiently. The dataset consists of images of various house plants, categorized into 47 classes with a total of 15,131 images. The ResNet-50 DL architecture has been used and, as an SVM classifier, has performed multi-class classification. The dataset has been divided into training (80%) and testing (20%) sets. The model has been trained for 10 epochs. The proposed model has achieved an impressing accuracy of 98.80%, thereby proving to identify plant species in a more precise manner. As shown by the loss curve, training and validation loss decreased steadily throughout the process. This apparently indicates that the model converged appropriately. The results demonstrate how the SVM-ResNet-50 hybrid is capable of alleviating complex image classification tasks. The major challenge for this experiment was the model's insensitivity to changes caused in images by lighting and angles. Further work in the future will focus on enriching the model through more augmentation techniques and data augmentation to enhance generalization and robustness. Another possible improvement of the model is to implement attention mechanisms to better concentrate on important features.",2025-03,2026-01-24 00:34:05,2026-01-24 00:34:05,1-6,IEEE,/home/aalejoz25/Zotero/storage/WTDPH5PT/Kaur et al. - 2025 - Indoor Greenery Identification A ResNet-50 and SVM-Based Approach for Plant Species Recognition.pdf,image classification; DL; House plant species identification; plant classification; plant species detection; ResNet-50; SVM classifier,indoor greenery identification a resnet and svmbased approach for plant species recognition,"['indoor', 'greenery', 'identification', 'a', 'resnet', 'and', 'svmbased', 'approach', 'for', 'plant', 'species', 'recognition']","['indoor', 'greenery', 'resnet', 'svmbased', 'specie', 'recognition']",indoor greenery resnet svmbased specie recognition,"[('indoor', 'greenery'), ('greenery', 'resnet'), ('resnet', 'svmbased'), ('svmbased', 'specie'), ('specie', 'recognition')]",12,96,6,"[('indoor', 'greenery', 'resnet'), ('greenery', 'resnet', 'svmbased'), ('resnet', 'svmbased', 'specie'), ('svmbased', 'specie', 'recognition')]","['accurate', 'identification', 'houseplant', 'specie', 'application', 'horticulture', 'biodiversity', 'conservation', 'plant', 'disease', 'management', 'classification', 'house-plant', 'specie', 'identification', 'plant', 'commonly', 'indoor', 'environment', 'model', 'hybrid', 'architecture', 'resnet', 'combine', 'svm', 'classifier', 'implemented', 'pytorch', 'deep', 'learning', 'adam', 'optimizer', 'train', 'efficiently', 'dataset', 'consist', 'image', 'house', 'plant', 'categorize', 'class', 'image', 'resnet', 'architecture', 'svm', 'classifier', 'perform', 'multi-class', 'classification', 'dataset', 'divide', 'training', 'test', 'model', 'train', 'epochs', 'model', 'impress', 'thereby', 'prove', 'identify', 'plant', 'specie', 'precise', 'manner', 'show', 'loss', 'curve', 'train', 'validation', 'loss', 'steadily', 'throughout', 'apparently', 'model', 'converge', 'appropriately', 'svm-resnet', 'hybrid', 'capable', 'alleviate', 'image', 'classification', 'model', 'insensitivity', 'change', 'cause', 'image', 'light', 'angle', 'enrich', 'model', 'augmentation', 'data', 'augmentation', 'enhance', 'generalization', 'robustness', 'another', 'improvement', 'model', 'implement', 'attention', 'mechanism', 'concentrate', 'feature']",accurate identification houseplant specie application horticulture biodiversity conservation plant disease management classification house-plant specie identification plant commonly indoor environment model hybrid architecture resnet combine svm classifier implemented pytorch deep learning adam optimizer train efficiently dataset consist image house plant categorize class image resnet architecture svm classifier perform multi-class classification dataset divide training test model train epochs model impress thereby prove identify plant specie precise manner show loss curve train validation loss steadily throughout apparently model converge appropriately svm-resnet hybrid capable alleviate image classification model insensitivity change cause image light angle enrich model augmentation data augmentation enhance generalization robustness another improvement model implement attention mechanism concentrate feature,106,248,2,0.99574554,"plant, model, image, fruit, leaf","The accurate identifications of houseplant species are very important applications in horticulture, biodiversity conservation, and plant disease management. This research paper presents an approach for classification of house-plant species by focusing on the identification of various plants commonly found in indoor environments. In the model, a hybrid architecture is used in which ResNet-50 is combined with an SVM classifier implemented using the PyTorch deep learning (DL) framework. It utilizes the Adam optimizer to train efficiently. The dataset consists of images of various house plants, categorized into 47 classes with a total of 15,131 images. The ResNet-50 DL architecture has been used and, as an SVM classifier, has performed multi-class classification. The dataset has been divided into training (80) and testing (20) sets. The model has been trained for 10 epochs. The proposed model has achieved an impressing accuracy of 98.80, thereby proving to identify plant species in a more precise manner. As shown by the loss curve, training and validation loss decreased steadily throughout the process. This apparently indicates that the model converged appropriately. The results demonstrate how the SVM-ResNet-50 hybrid is capable of alleviating complex image classification tasks. The major challenge for this experiment was the model's insensitivity to changes caused in images by lighting and angles. Further work in the future will focus on enriching the model through more augmentation techniques and data augmentation to enhance generalization and robustness. Another possible improvement of the model is to implement attention mechanisms to better concentrate on important features.",7,"[{'text': 'classification', 'type': 'ML_TECHNIQUE', 'start': 202, 'end': 216, 'source': 'domain_dictionary'}, {'text': 'resnet', 'type': 'ML_MODEL', 'start': 384, 'end': 390, 'source': 'domain_dictionary'}, {'text': 'svm', 'type': 'ML_TECHNIQUE', 'start': 414, 'end': 417, 'source': 'domain_dictionary'}, {'text': 'pytorch', 'type': 'TOOL', 'start': 451, 'end': 458, 'source': 'domain_dictionary'}, {'text': 'deep learning', 'type': 'ML_TECHNIQUE', 'start': 459, 'end': 472, 'source': 'domain_dictionary'}, {'text': 'Adam', 'type': 'SPACY_PERSON', 'start': 505, 'end': 509, 'source': 'core_web_sm'}, {'text': 'resnet', 'type': 'ML_MODEL', 'start': 661, 'end': 667, 'source': 'domain_dictionary'}, {'text': 'svm', 'type': 'ML_TECHNIQUE', 'start': 712, 'end': 715, 'source': 'domain_dictionary'}, {'text': 'classification', 'type': 'ML_TECHNIQUE', 'start': 754, 'end': 768, 'source': 'domain_dictionary'}, {'text': 'accuracy', 'type': 'METRIC', 'start': 931, 'end': 939, 'source': 'domain_dictionary'}, {'text': 'svm', 'type': 'ML_TECHNIQUE', 'start': 1217, 'end': 1220, 'source': 'domain_dictionary'}, {'text': 'resnet', 'type': 'ML_MODEL', 'start': 1221, 'end': 1227, 'source': 'domain_dictionary'}, {'text': 'classification', 'type': 'ML_TECHNIQUE', 'start': 1278, 'end': 1292, 'source': 'domain_dictionary'}, {'text': 'data augmentation', 'type': 'ML_TECHNIQUE', 'start': 1524, 'end': 1541, 'source': 'domain_dictionary'}]",14,0.0796812749003984,0.6693227091633466,0.1792828685258964,0.07171314741035856,METHODS,0.6978436326920742,15
MTVZTWP8,conferencePaper,2017,"Padol, Pranjali B.; Sawant, S. D.",Fusion classification technique used to detect downy and Powdery Mildew grape leaf diseases,"Proceedings - International Conference on Global Trends in Signal Processing, Information Computing and Communication, ICGTSPICC 2016",10.1109/ICGTSPICC.2016.7955315,http://dx.doi.org/10.1109/ICGTSPICC.2016.7955315,"Grape constitutes one of the most widely grown fruit crop in the India. Manual observation of experts is used in practice for detection of leaf diseases, which takes more time for further control action. Without accurate disease diagnosis, proper control actions cannot be taken at appropriate time. This is where modern agriculture technique is required to detect and prevent the leaf from different diseases. This paper aims to introduce a new approach for detection of grape leaf diseases using image processing, which will minimize the loss and increase its profit due to automation. In this system, classification is done using Support Vector Machine (SVM) and Artificial Neural Network (ANN) classifies separately. A new classifier is proposed using fusion classification technique which ensembles classifiers from SVM and ANN to regenerate base classifier for grape leaf disease detection. Based on detection of disease the proper mixture of fungicides will be provided to the grape farmers.",2017-12,2026-01-24 00:34:05,2026-01-24 00:34:05,298-301,IEEE,/home/aalejoz25/Zotero/storage/BZB6S9Z5/Padol and Sawant - 2017 - Fusion classification technique used to detect downy and Powdery Mildew grape leaf diseases.pdf,Image Processing; K-means clustering; Leaf diseases detection; Artificial Neural Network (ANN); Fusion Classification Technique; Support Vector Machine (SVM),fusion classification technique used to detect downy and powdery mildew grape leaf diseases,"['fusion', 'classification', 'technique', 'used', 'to', 'detect', 'downy', 'and', 'powdery', 'mildew', 'grape', 'leaf', 'diseases']","['fusion', 'used', 'downy', 'powdery', 'mildew', 'grape', 'disease']",fusion used downy powdery mildew grape disease,"[('fusion', 'used'), ('used', 'downy'), ('downy', 'powdery'), ('powdery', 'mildew'), ('mildew', 'grape'), ('grape', 'disease')]",13,91,7,"[('fusion', 'used', 'downy'), ('used', 'downy', 'powdery'), ('downy', 'powdery', 'mildew'), ('powdery', 'mildew', 'grape'), ('mildew', 'grape', 'disease')]","['grape', 'constitute', 'one', 'widely', 'grown', 'fruit', 'crop', 'india', 'manual', 'observation', 'expert', 'practice', 'detection', 'leaf', 'diseases', 'take', 'control', 'action', 'without', 'accurate', 'disease', 'diagnosis', 'proper', 'control', 'action', 'take', 'appropriate', 'modern', 'agriculture', 'detect', 'prevent', 'leaf', 'diseases', 'detection', 'grape', 'leaf', 'diseases', 'image', 'processing', 'minimize', 'loss', 'profit', 'due', 'automation', 'system', 'classification', 'vector', 'machine', 'svm', 'artificial', 'neural', 'network', 'ann', 'classify', 'separately', 'classifier', 'fusion', 'classification', 'ensembles', 'classifier', 'svm', 'ann', 'regenerate', 'classifier', 'grape', 'leaf', 'disease', 'detection', 'detection', 'disease', 'proper', 'mixture', 'fungicide', 'grape', 'farmer']",grape constitute one widely grown fruit crop india manual observation expert practice detection leaf diseases take control action without accurate disease diagnosis proper control action take appropriate modern agriculture detect prevent leaf diseases detection grape leaf diseases image processing minimize loss profit due automation system classification vector machine svm artificial neural network ann classify separately classifier fusion classification ensembles classifier svm ann regenerate classifier grape leaf disease detection detection disease proper mixture fungicide grape farmer,75,153,4,0.48075953,"leaf, diseases, leave, trait, grape","Grape constitutes one of the most widely grown fruit crop in the India. Manual observation of experts is used in practice for detection of leaf diseases, which takes more time for further control action. Without accurate disease diagnosis, proper control actions cannot be taken at appropriate time. This is where modern agriculture technique is required to detect and prevent the leaf from different diseases. This paper aims to introduce a new approach for detection of grape leaf diseases using image processing, which will minimize the loss and increase its profit due to automation. In this system, classification is done using Support Vector Machine (SVM) and Artificial Neural Network (ANN) classifies separately. A new classifier is proposed using fusion classification technique which ensembles classifiers from SVM and ANN to regenerate base classifier for grape leaf disease detection. Based on detection of disease the proper mixture of fungicides will be provided to the grape farmers.",3,"[{'text': 'Grape', 'type': 'SPACY_ORG', 'start': 0, 'end': 5, 'source': 'core_web_sm'}, {'text': 'India', 'type': 'SPACY_GPE', 'start': 65, 'end': 70, 'source': 'core_web_sm'}, {'text': 'classification', 'type': 'ML_TECHNIQUE', 'start': 604, 'end': 618, 'source': 'domain_dictionary'}, {'text': 'support vector machine', 'type': 'ML_TECHNIQUE', 'start': 633, 'end': 655, 'source': 'domain_dictionary'}, {'text': 'svm', 'type': 'ML_TECHNIQUE', 'start': 657, 'end': 660, 'source': 'domain_dictionary'}, {'text': 'artificial neural network', 'type': 'ML_TECHNIQUE', 'start': 666, 'end': 691, 'source': 'domain_dictionary'}, {'text': 'ann', 'type': 'ML_TECHNIQUE', 'start': 693, 'end': 696, 'source': 'domain_dictionary'}, {'text': 'classification', 'type': 'ML_TECHNIQUE', 'start': 763, 'end': 777, 'source': 'domain_dictionary'}, {'text': 'svm', 'type': 'ML_TECHNIQUE', 'start': 821, 'end': 824, 'source': 'domain_dictionary'}, {'text': 'ann', 'type': 'ML_TECHNIQUE', 'start': 829, 'end': 832, 'source': 'domain_dictionary'}]",10,0.06622516556291391,0.8741721854304636,0.0,0.05960264900662252,METHODS,0.3357300856144455,8
5NRDXYXX,conferencePaper,2024,"Joshi, Akanksha; Badola, Arjun; Saini, Rashmi",Deep Learning Based Fruit Crop Disease Classification Using Plants Leaf Imagery,"Proceedings - 1st International Conference on Electronics, Communication and Signal Processing, ICECSP 2024",10.1109/ICECSP61809.2024.10698492,http://dx.doi.org/10.1109/ICECSP61809.2024.10698492,"Agriculture plays an important role in the economy, providing nutrition, food, and livelihoods to billions of people in this world. Fruits are a vital component of a balanced diet, acting as a rich source of antioxidants, vitamins, minerals, and fibres. To ensure its proper supply to the market, early diagnosis and treatment of fruit crop disease can play a significant role. In order to make this process quicker and more accurate, Deep learning (DL) techniques can be of immense help. In the proposed study, the implementation of four DL models: Visual Geometry Group VGG16, VGG19, EfficientNet-B0, and MobileNet is done on a subset of the Plant Village database, constituting 7,233 leaf images of apples and grapes divided into 8 different classes. Evaluation is done through various metrics, namely Precision, Recall, F1-score and Specificity. All the DL models performed well by attaining accuracy above 95%. MobileNet performed best among all DL models by achieving an accuracy of 99.38%, while VGG16, VGG19, and EfficientNet-B0 achieved an accuracy of 96.75%, 98.69% and 98.76% respectively.",2024-08,2026-01-24 00:34:05,2026-01-24 00:34:05,1-6,IEEE,/home/aalejoz25/Zotero/storage/5527N88V/Joshi et al. - 2024 - Deep Learning Based Fruit Crop Disease Classification Using Plants Leaf Imagery.pdf,Deep Learning; Convolutional Neural Network (CNN); classification; Crop Disease; EfficientNet-B0; MobileNet; VGG16; VGG19,deep learning based fruit crop disease classification using plants leaf imagery,"['deep', 'learning', 'based', 'fruit', 'crop', 'disease', 'classification', 'using', 'plants', 'leaf', 'imagery']","['fruit', 'disease', 'imagery']",fruit disease imagery,"[('fruit', 'disease'), ('disease', 'imagery')]",11,79,3,"[('fruit', 'disease', 'imagery')]","['agriculture', 'play', 'role', 'economy', 'provide', 'nutrition', 'food', 'livelihood', 'billion', 'people', 'world', 'fruit', 'vital', 'balance', 'diet', 'act', 'rich', 'source', 'antioxidant', 'vitamins', 'mineral', 'fibre', 'ensure', 'proper', 'supply', 'market', 'diagnosis', 'treatment', 'fruit', 'crop', 'disease', 'play', 'role', 'order', 'make', 'quicker', 'accurate', 'deep', 'learning', 'immense', 'help', 'four', 'visual', 'geometry', 'vgg16', 'vgg19', 'efficientnet-b0', 'mobilenet', 'subset', 'plant', 'village', 'database', 'constitute', 'leaf', 'image', 'apple', 'grape', 'divide', 'class', 'namely', 'precision', 'recall', 'f1-score', 'specificity', 'perform', 'attain', 'mobilenet', 'perform', 'among', 'achieve', 'vgg16', 'vgg19', 'efficientnet-b0']",agriculture play role economy provide nutrition food livelihood billion people world fruit vital balance diet act rich source antioxidant vitamins mineral fibre ensure proper supply market diagnosis treatment fruit crop disease play role order make quicker accurate deep learning immense help four visual geometry vgg16 vgg19 efficientnet-b0 mobilenet subset plant village database constitute leaf image apple grape divide class namely precision recall f1-score specificity perform attain mobilenet perform among achieve vgg16 vgg19 efficientnet-b0,73,171,2,0.9403151,"plant, model, image, fruit, leaf","Agriculture plays an important role in the economy, providing nutrition, food, and livelihoods to billions of people in this world. Fruits are a vital component of a balanced diet, acting as a rich source of antioxidants, vitamins, minerals, and fibres. To ensure its proper supply to the market, early diagnosis and treatment of fruit crop disease can play a significant role. In order to make this process quicker and more accurate, Deep learning (DL) techniques can be of immense help. In the proposed study, the implementation of four DL models: Visual Geometry Group VGG16, VGG19, EfficientNet-B0, and MobileNet is done on a subset of the Plant Village database, constituting 7,233 leaf images of apples and grapes divided into 8 different classes. Evaluation is done through various metrics, namely Precision, Recall, F1-score and Specificity. All the DL models performed well by attaining accuracy above 95. MobileNet performed best among all DL models by achieving an accuracy of 99.38, while VGG16, VGG19, and EfficientNet-B0 achieved an accuracy of 96.75, 98.69 and 98.76 respectively.",5,"[{'text': 'deep learning', 'type': 'ML_TECHNIQUE', 'start': 435, 'end': 448, 'source': 'domain_dictionary'}, {'text': 'Visual Geometry Group', 'type': 'SPACY_ORG', 'start': 550, 'end': 571, 'source': 'core_web_sm'}, {'text': 'vgg16', 'type': 'ML_MODEL', 'start': 572, 'end': 577, 'source': 'domain_dictionary'}, {'text': 'vgg19', 'type': 'ML_MODEL', 'start': 579, 'end': 584, 'source': 'domain_dictionary'}, {'text': 'EfficientNet-B0', 'type': 'SPACY_ORG', 'start': 586, 'end': 601, 'source': 'core_web_sm'}, {'text': 'mobilenet', 'type': 'ML_MODEL', 'start': 607, 'end': 616, 'source': 'domain_dictionary'}, {'text': 'Plant Village', 'type': 'SPACY_GPE', 'start': 644, 'end': 657, 'source': 'core_web_sm'}, {'text': 'precision', 'type': 'METRIC', 'start': 805, 'end': 814, 'source': 'domain_dictionary'}, {'text': 'recall', 'type': 'METRIC', 'start': 816, 'end': 822, 'source': 'domain_dictionary'}, {'text': 'f1-score', 'type': 'METRIC', 'start': 824, 'end': 832, 'source': 'domain_dictionary'}, {'text': 'specificity', 'type': 'METRIC', 'start': 837, 'end': 848, 'source': 'domain_dictionary'}, {'text': 'DL', 'type': 'SPACY_ORG', 'start': 858, 'end': 860, 'source': 'core_web_sm'}, {'text': 'accuracy', 'type': 'METRIC', 'start': 896, 'end': 904, 'source': 'domain_dictionary'}, {'text': 'mobilenet', 'type': 'ML_MODEL', 'start': 916, 'end': 925, 'source': 'domain_dictionary'}, {'text': 'DL', 'type': 'SPACY_ORG', 'start': 951, 'end': 953, 'source': 'core_web_sm'}, {'text': 'accuracy', 'type': 'METRIC', 'start': 977, 'end': 985, 'source': 'domain_dictionary'}, {'text': 'vgg16', 'type': 'ML_MODEL', 'start': 1003, 'end': 1008, 'source': 'domain_dictionary'}, {'text': 'vgg19', 'type': 'ML_MODEL', 'start': 1010, 'end': 1015, 'source': 'domain_dictionary'}, {'text': 'efficientnet', 'type': 'ML_MODEL', 'start': 1021, 'end': 1033, 'source': 'domain_dictionary'}, {'text': 'accuracy', 'type': 'METRIC', 'start': 1049, 'end': 1057, 'source': 'domain_dictionary'}]",20,0.05555555555555555,0.3333333333333333,0.6111111111111112,0.0,RESULTS,0.5970868669120517,8
XCXR4PKD,conferencePaper,2022,"Nagesh, A. Seetharam; Balaji, G. N.",Deep Learning Approach for Recognition and Classification of Tomato Fruit Diseases,"2022 International Conference on Data Science, Agents and Artificial Intelligence, ICDSAAI 2022",10.1109/ICDSAAI55433.2022.10028790,http://dx.doi.org/10.1109/ICDSAAI55433.2022.10028790,"Diseases devastate food crops, causing significant losses for farmers and jeopardising food security, resulting in a low production rate. Health monitoring and disease detection are critical for sustainable agriculture. Monitoring the fruit diseases manually is extremely difficult. It necessitates a significant amount of work, knowledge of fruit diseases, and an extended processing time. Hence, deep learning is used to detect fruit diseases with high accuracy. This paper proposes the method to detect the tomato fruit diseases in color images. In the proposed method, convolutional neural network is used for extracting the features and classification. Further, the augmentation strategy is applied on existing samples to create the dataset with large number of samples. The convolutional neural network method based on VGG16 will be used to train augmented data for recognition and classification of tomato diseases. The results of the CNN after testing affirms that the tomato disease can be predicted efficiently, and it can be utilised for early detection purpose.",2022-12,2026-01-24 00:34:05,2026-01-24 00:34:05,1-6,IEEE,/home/aalejoz25/Zotero/storage/HCPRBLB5/Nagesh and Balaji - 2022 - Deep Learning Approach for Recognition and Classification of Tomato Fruit Diseases.pdf,Disease detection; Deep Learning; VGG16; Convolutional Neural Network,deep learning approach for recognition and classification of tomato fruit diseases,"['deep', 'learning', 'approach', 'for', 'recognition', 'and', 'classification', 'of', 'tomato', 'fruit', 'diseases']","['recognition', 'tomato', 'fruit', 'disease']",recognition tomato fruit disease,"[('recognition', 'tomato'), ('tomato', 'fruit'), ('fruit', 'disease')]",11,82,4,"[('recognition', 'tomato', 'fruit'), ('tomato', 'fruit', 'disease')]","['disease', 'devastate', 'food', 'crop', 'cause', 'loss', 'farmer', 'jeopardise', 'food', 'security', 'production', 'health', 'monitoring', 'disease', 'detection', 'sustainable', 'agriculture', 'monitoring', 'fruit', 'diseases', 'manually', 'extremely', 'difficult', 'necessitates', 'knowledge', 'fruit', 'disease', 'extend', 'process', 'deep', 'learning', 'detect', 'fruit', 'diseases', 'method', 'detect', 'tomato', 'fruit', 'diseases', 'color', 'image', 'method', 'convolutional', 'neural', 'network', 'extract', 'feature', 'classification', 'augmentation', 'strategy', 'sample', 'create', 'dataset', 'sample', 'convolutional', 'neural', 'network', 'method', 'vgg16', 'train', 'augment', 'data', 'recognition', 'classification', 'tomato', 'diseases', 'cnn', 'test', 'affirms', 'tomato', 'disease', 'predict', 'efficiently', 'utilised', 'detection']",disease devastate food crop cause loss farmer jeopardise food security production health monitoring disease detection sustainable agriculture monitoring fruit diseases manually extremely difficult necessitates knowledge fruit disease extend process deep learning detect fruit diseases method detect tomato fruit diseases color image method convolutional neural network extract feature classification augmentation strategy sample create dataset sample convolutional neural network method vgg16 train augment data recognition classification tomato diseases cnn test affirms tomato disease predict efficiently utilised detection,75,159,2,0.9456425,"plant, model, image, fruit, leaf","Diseases devastate food crops, causing significant losses for farmers and jeopardising food security, resulting in a low production rate. Health monitoring and disease detection are critical for sustainable agriculture. Monitoring the fruit diseases manually is extremely difficult. It necessitates a significant amount of work, knowledge of fruit diseases, and an extended processing time. Hence, deep learning is used to detect fruit diseases with high accuracy. This paper proposes the method to detect the tomato fruit diseases in color images. In the proposed method, convolutional neural network is used for extracting the features and classification. Further, the augmentation strategy is applied on existing samples to create the dataset with large number of samples. The convolutional neural network method based on VGG16 will be used to train augmented data for recognition and classification of tomato diseases. The results of the CNN after testing affirms that the tomato disease can be predicted efficiently, and it can be utilised for early detection purpose.",5,"[{'text': 'deep learning', 'type': 'ML_TECHNIQUE', 'start': 398, 'end': 411, 'source': 'domain_dictionary'}, {'text': 'accuracy', 'type': 'METRIC', 'start': 455, 'end': 463, 'source': 'domain_dictionary'}, {'text': 'tomato', 'type': 'CROP_TYPE', 'start': 510, 'end': 516, 'source': 'domain_dictionary'}, {'text': 'color', 'type': 'QUALITY_ATTRIBUTE', 'start': 535, 'end': 540, 'source': 'domain_dictionary'}, {'text': 'neural network', 'type': 'ML_TECHNIQUE', 'start': 587, 'end': 601, 'source': 'domain_dictionary'}, {'text': 'classification', 'type': 'ML_TECHNIQUE', 'start': 642, 'end': 656, 'source': 'domain_dictionary'}, {'text': 'neural network', 'type': 'ML_TECHNIQUE', 'start': 794, 'end': 808, 'source': 'domain_dictionary'}, {'text': 'vgg16', 'type': 'ML_MODEL', 'start': 825, 'end': 830, 'source': 'domain_dictionary'}, {'text': 'classification', 'type': 'ML_TECHNIQUE', 'start': 888, 'end': 902, 'source': 'domain_dictionary'}, {'text': 'tomato', 'type': 'CROP_TYPE', 'start': 906, 'end': 912, 'source': 'domain_dictionary'}, {'text': 'cnn', 'type': 'ML_TECHNIQUE', 'start': 942, 'end': 945, 'source': 'domain_dictionary'}, {'text': 'tomato', 'type': 'CROP_TYPE', 'start': 977, 'end': 983, 'source': 'domain_dictionary'}]",12,0.11673151750972763,0.6536964980544747,0.19455252918287938,0.03501945525291829,METHODS,0.6957341042757068,10
YMDZJVL4,conferencePaper,2024,"Julian, Anitha; Jaiganesh, V.; Thirumurugan, O. T.; Moses, B. Isreal",PepperShield: Disease Detection with Hyper Tuned Precision,"Proceedings - 2024 IEEE 16th International Conference on Communication Systems and Network Technologies, CICN 2024",10.1109/CICN63059.2024.10847513,http://dx.doi.org/10.1109/CICN63059.2024.10847513,"A popular vegetable crop, bell peppers (Capsicum annuum) are prized for both their economic significance and nutritional advantages. Bell peppers, like many other crops, are prone to a number of illnesses brought on by bacteria, fungi, viruses, and environmental conditions. These diseases can drastically lower the harvest's quality and output. Preventing crop losses and guaranteeing food security depends on the early identification and precise classification of these diseases. Conventional plant disease detection techniques usually entail professional manual inspection, which can be expensive, time-consuming, and prone to human mistakes. Recent developments in machine learning and artificial intelligence (AI) have opened new possibilities for automating agricultural disease diagnosis. By contrasting two different models, one created from scratch and the other improved with hyperparameter tuning, this effort seeks to utilize CNNs' potential for bell pepper disease prediction and classification. The main goal is to investigate how CNN model performance is affected by adjusting important hyperparameters like learning rate, batch size, and the number of training epochs. Metrics including accuracy, precision, recall, and F1-score will be used to train and assess the models using preprocessed picture data of both healthy and diseased bell peppers. By providing a scalable, AI-driven method for real-time disease diagnosis in bell pepper crops, this research holds significance for precision agriculture.",2024-12,2026-01-24 00:34:05,2026-01-24 00:34:05,1242-1248,IEEE,/home/aalejoz25/Zotero/storage/PXW2HR6R/Julian et al. - 2024 - PepperShield Disease Detection with Hyper Tuned Precision.pdf,Precision agriculture; Agricultural AI solutions; Bell pepper disease detection; Convolutional Neural Networks (CNN); Crop health monitoring; Deep learning in agriculture; Disease prediction in crops; Hyperparameter tuning,peppershield disease detection with hyper tuned precision,"['peppershield', 'disease', 'detection', 'with', 'hyper', 'tuned', 'precision']","['peppershield', 'disease', 'hyper', 'tuned']",peppershield disease hyper tuned,"[('peppershield', 'disease'), ('disease', 'hyper'), ('hyper', 'tuned')]",7,58,4,"[('peppershield', 'disease', 'hyper'), ('disease', 'hyper', 'tuned')]","['popular', 'vegetable', 'crop', 'bell', 'pepper', 'capsicum', 'annuum', 'prize', 'economic', 'significance', 'nutritional', 'bell', 'pepper', 'like', 'crop', 'prone', 'illness', 'bring', 'bacteria', 'fungi', 'virus', 'environmental', 'condition', 'diseases', 'drastically', 'harvest', 'quality', 'output', 'prevent', 'crop', 'loss', 'guarantee', 'food', 'security', 'depend', 'identification', 'precise', 'classification', 'diseases', 'plant', 'disease', 'detection', 'usually', 'entail', 'professional', 'manual', 'inspection', 'expensive', 'time-consuming', 'prone', 'human', 'mistake', 'development', 'machine', 'learn', 'artificial', 'intelligence', 'open', 'possibility', 'automate', 'agricultural', 'disease', 'diagnosis', 'contrast', 'two', 'one', 'create', 'scratch', 'hyperparameter', 'tune', 'effort', 'seek', 'cnns', 'bell', 'pepper', 'disease', 'prediction', 'classification', 'cnn', 'model', 'performance', 'affect', 'adjust', 'hyperparameters', 'like', 'learn', 'batch', 'size', 'training', 'epochs', 'precision', 'recall', 'f1-score', 'train', 'assess', 'preprocessed', 'picture', 'data', 'healthy', 'diseased', 'bell', 'pepper', 'provide', 'scalable', 'ai-driven', 'method', 'real-time', 'disease', 'diagnosis', 'bell', 'pepper', 'crop', 'hold', 'significance', 'precision', 'agriculture']",popular vegetable crop bell pepper capsicum annuum prize economic significance nutritional bell pepper like crop prone illness bring bacteria fungi virus environmental condition diseases drastically harvest quality output prevent crop loss guarantee food security depend identification precise classification diseases plant disease detection usually entail professional manual inspection expensive time-consuming prone human mistake development machine learn artificial intelligence open possibility automate agricultural disease diagnosis contrast two one create scratch hyperparameter tune effort seek cnns bell pepper disease prediction classification cnn model performance affect adjust hyperparameters like learn batch size training epochs precision recall f1-score train assess preprocessed picture data healthy diseased bell pepper provide scalable ai-driven method real-time disease diagnosis bell pepper crop hold significance precision agriculture,116,211,2,0.64540577,"plant, model, image, fruit, leaf","A popular vegetable crop, bell peppers (Capsicum annuum) are prized for both their economic significance and nutritional advantages. Bell peppers, like many other crops, are prone to a number of illnesses brought on by bacteria, fungi, viruses, and environmental conditions. These diseases can drastically lower the harvest's quality and output. Preventing crop losses and guaranteeing food security depends on the early identification and precise classification of these diseases. Conventional plant disease detection techniques usually entail professional manual inspection, which can be expensive, time-consuming, and prone to human mistakes. Recent developments in machine learning and artificial intelligence (AI) have opened new possibilities for automating agricultural disease diagnosis. By contrasting two different models, one created from scratch and the other improved with hyperparameter tuning, this effort seeks to utilize CNNs' potential for bell pepper disease prediction and classification. The main goal is to investigate how CNN model performance is affected by adjusting important hyperparameters like learning rate, batch size, and the number of training epochs. Metrics including accuracy, precision, recall, and F1-score will be used to train and assess the models using preprocessed picture data of both healthy and diseased bell peppers. By providing a scalable, AI-driven method for real-time disease diagnosis in bell pepper crops, this research holds significance for precision agriculture.",5,"[{'text': 'Bell', 'type': 'SPACY_ORG', 'start': 133, 'end': 137, 'source': 'core_web_sm'}, {'text': 'classification', 'type': 'ML_TECHNIQUE', 'start': 448, 'end': 462, 'source': 'domain_dictionary'}, {'text': 'hyperparameter tuning', 'type': 'ML_TECHNIQUE', 'start': 886, 'end': 907, 'source': 'domain_dictionary'}, {'text': 'bell pepper', 'type': 'CROP_TYPE', 'start': 958, 'end': 969, 'source': 'domain_dictionary'}, {'text': 'classification', 'type': 'ML_TECHNIQUE', 'start': 993, 'end': 1007, 'source': 'domain_dictionary'}, {'text': 'cnn', 'type': 'ML_TECHNIQUE', 'start': 1045, 'end': 1048, 'source': 'domain_dictionary'}, {'text': 'size', 'type': 'QUALITY_ATTRIBUTE', 'start': 1144, 'end': 1148, 'source': 'domain_dictionary'}, {'text': 'accuracy', 'type': 'METRIC', 'start': 1203, 'end': 1211, 'source': 'domain_dictionary'}, {'text': 'precision', 'type': 'METRIC', 'start': 1213, 'end': 1222, 'source': 'domain_dictionary'}, {'text': 'recall', 'type': 'METRIC', 'start': 1224, 'end': 1230, 'source': 'domain_dictionary'}, {'text': 'f1-score', 'type': 'METRIC', 'start': 1236, 'end': 1244, 'source': 'domain_dictionary'}, {'text': 'bell pepper crops', 'type': 'SPACY_ORG', 'start': 1441, 'end': 1458, 'source': 'core_web_sm'}, {'text': 'precision', 'type': 'METRIC', 'start': 1497, 'end': 1506, 'source': 'domain_dictionary'}]",13,0.08403361344537814,0.5042016806722689,0.3361344537815126,0.07563025210084033,METHODS,0.8043871776097183,10
UJNWS9Y8,conferencePaper,2024,"Ariffin, Muhammad Hakimi Zamzuri; Harun, Mokhtar; Amizi, Hafiz Haziq; Rashid, Rozeha A.",Effect of Hyperparameter Tuning to Fruit Quality Detection Using Convolutional Neural Network,"Conference Proceedings - IEEE International Conference on Advanced Telecommunication and Networking Technologies: Empowering Telecommunication Technologies for Sustainable Future, ATNT 2024",10.1109/ATNT61688.2024.10719249,http://dx.doi.org/10.1109/ATNT61688.2024.10719249,"Malaysia's agricultural sector plays a crucial role in the nation's economy and food security. One of the most pressing issues is the difficulty in identifying and addressing fruit damage early in the production cycle. Current manual inspection methods are labor-intensive, time-consuming, and prone to human error. Convolutional Neural Network (CNN) is a useful tool that help in automatically learning and recognizing pattern in image and to determine the quality of the fruit in agriculture industry. This project is focusing on building CNN machine learning for image classification and detection of fruit quality. The CNN model is being trained with 3 different data sets which are apple, damage apple and potato. The model is trained for two-class-set (apple, damage_apple) and three-class-set (apple, damage_apple and potato) with 1000 and 1500 images consecutively. The experimental results in this study demonstrate that the hyperparameter adjustment of machine learning algorithms has varying effects on fruit quality detection.",2024-09,2026-01-24 00:34:05,2026-01-24 00:34:05,1-4,IEEE,/home/aalejoz25/Zotero/storage/RN9JEPW5/Ariffin et al. - 2024 - Effect of Hyperparameter Tuning to Fruit Quality Detection Using Convolutional Neural Network.pdf,Machine Learning; Convolutional Neural Network (CNN); Hyperparameter tuning; Fruit detection,effect of hyperparameter tuning to fruit quality detection using convolutional neural network,"['effect', 'of', 'hyperparameter', 'tuning', 'to', 'fruit', 'quality', 'detection', 'using', 'convolutional', 'neural', 'network']","['effect', 'hyperparameter', 'tuning', 'fruit', 'quality', 'convolutional']",effect hyperparameter tuning fruit quality convolutional,"[('effect', 'hyperparameter'), ('hyperparameter', 'tuning'), ('tuning', 'fruit'), ('fruit', 'quality'), ('quality', 'convolutional')]",12,93,6,"[('effect', 'hyperparameter', 'tuning'), ('hyperparameter', 'tuning', 'fruit'), ('tuning', 'fruit', 'quality'), ('fruit', 'quality', 'convolutional')]","['malaysia', 'agricultural', 'sector', 'play', 'crucial', 'role', 'nation', 'economy', 'food', 'security', 'one', 'pressing', 'difficulty', 'identify', 'address', 'fruit', 'damage', 'production', 'cycle', 'manual', 'inspection', 'method', 'labor-intensive', 'time-consuming', 'prone', 'human', 'error', 'convolutional', 'neural', 'network', 'cnn', 'useful', 'tool', 'help', 'automatically', 'learn', 'recognize', 'pattern', 'image', 'determine', 'quality', 'fruit', 'agriculture', 'industry', 'project', 'build', 'cnn', 'machine', 'learn', 'image', 'classification', 'detection', 'fruit', 'quality', 'cnn', 'model', 'train', 'data', 'apple', 'damage', 'apple', 'potato', 'model', 'train', 'two-class-set', 'apple', 'damage_apple', 'three-class-set', 'apple', 'damage_apple', 'potato', 'image', 'consecutively', 'hyperparameter', 'adjustment', 'machine', 'learn', 'algorithms', 'vary', 'effect', 'fruit', 'quality', 'detection']",malaysia agricultural sector play crucial role nation economy food security one pressing difficulty identify address fruit damage production cycle manual inspection method labor-intensive time-consuming prone human error convolutional neural network cnn useful tool help automatically learn recognize pattern image determine quality fruit agriculture industry project build cnn machine learn image classification detection fruit quality cnn model train data apple damage apple potato model train two-class-set apple damage_apple three-class-set apple damage_apple potato image consecutively hyperparameter adjustment machine learn algorithms vary effect fruit quality detection,83,152,2,0.83134836,"plant, model, image, fruit, leaf","Malaysia's agricultural sector plays a crucial role in the nation's economy and food security. One of the most pressing issues is the difficulty in identifying and addressing fruit damage early in the production cycle. Current manual inspection methods are labor-intensive, time-consuming, and prone to human error. Convolutional Neural Network (CNN) is a useful tool that help in automatically learning and recognizing pattern in image and to determine the quality of the fruit in agriculture industry. This project is focusing on building CNN machine learning for image classification and detection of fruit quality. The CNN model is being trained with 3 different data sets which are apple, damage apple and potato. The model is trained for two-class-set (apple, damage_apple) and three-class-set (apple, damage_apple and potato) with 1000 and 1500 images consecutively. The experimental results in this study demonstrate that the hyperparameter adjustment of machine learning algorithms has varying effects on fruit quality detection.",7,"[{'text': 'Malaysia', 'type': 'SPACY_GPE', 'start': 0, 'end': 8, 'source': 'core_web_sm'}, {'text': 'Convolutional Neural Network', 'type': 'SPACY_ORG', 'start': 316, 'end': 344, 'source': 'core_web_sm'}, {'text': 'cnn', 'type': 'ML_TECHNIQUE', 'start': 346, 'end': 349, 'source': 'domain_dictionary'}, {'text': 'cnn', 'type': 'ML_TECHNIQUE', 'start': 541, 'end': 544, 'source': 'domain_dictionary'}, {'text': 'classification', 'type': 'ML_TECHNIQUE', 'start': 572, 'end': 586, 'source': 'domain_dictionary'}, {'text': 'cnn', 'type': 'ML_TECHNIQUE', 'start': 623, 'end': 626, 'source': 'domain_dictionary'}, {'text': 'potato', 'type': 'CROP_TYPE', 'start': 711, 'end': 717, 'source': 'domain_dictionary'}, {'text': 'potato', 'type': 'CROP_TYPE', 'start': 825, 'end': 831, 'source': 'domain_dictionary'}]",8,0.19607843137254904,0.7058823529411764,0.09803921568627452,0.0,METHODS,0.5720340288552879,8
VL9GIU25,conferencePaper,2015,"Baquero, Douglas; Molina, Juan; Gil, Rodrigo; Bojacá, Carlos; Franco, Hugo; Gómez, Francisco",An image retrieval system for tomato disease assessment,"2014 19th Symposium on Image, Signal Processing and Artificial Vision, STSIVA 2014",10.1109/STSIVA.2014.7010156,http://dx.doi.org/10.1109/STSIVA.2014.7010156,"Tomato represents an important vegetable crop worldwide. During cropping cycle several diseases and abnormal conditions may affect tomato plants resulting on considerable losses of production. A precise identification of these pathologies in early phases is fundamental for the implementation of control strategies. Nevertheless, the right identification of symptoms of plants diseases require highly specialized knowledge and facilities, which are not available for small growers. Recently, computer vision tools have been proposed as an alternative for tomato diseases characterization. These works mainly focus on identification of affected regions and classification tasks. Nevertheless, non-specialists may lack of clarity about what they are looking for during the assessment. In these cases, Content Based Image Retrieval (CBIR) systems can be helpful as a complementary strategy to improve the quality of the search by allowing exploration of databases with supplementary information. This work presents a novel strategy for image retrieval of tomato leaves for greenhouse crops suitable to support disease diagnosis. The strategy is based on color structure descriptors and nearest neighbors. Experimental results show that the proposed approach can successfully characterize in several abnormal conditions, such as, chlorosis, sooty moulds and early blight.",2015-09,2026-01-24 00:34:05,2026-01-24 00:34:05,1-5,IEEE,/home/aalejoz25/Zotero/storage/46B32KA6/Baquero et al. - 2015 - An image retrieval system for tomato disease assessment.pdf,,an image retrieval system for tomato disease assessment,"['an', 'image', 'retrieval', 'system', 'for', 'tomato', 'disease', 'assessment']","['retrieval', 'tomato', 'disease']",retrieval tomato disease,"[('retrieval', 'tomato'), ('tomato', 'disease')]",8,55,3,"[('retrieval', 'tomato', 'disease')]","['tomato', 'represent', 'vegetable', 'crop', 'worldwide', 'crop', 'cycle', 'disease', 'abnormal', 'condition', 'affect', 'tomato', 'plant', 'considerable', 'loss', 'production', 'precise', 'identification', 'pathology', 'fundamental', 'control', 'strategy', 'right', 'identification', 'symptom', 'plant', 'diseases', 'highly', 'specialize', 'knowledge', 'facility', 'available', 'grower', 'computer', 'vision', 'tool', 'alternative', 'tomato', 'disease', 'characterization', 'work', 'mainly', 'identification', 'affect', 'region', 'classification', 'non-specialists', 'lack', 'clarity', 'look', 'content', 'image', 'retrieval', 'cbir', 'helpful', 'complementary', 'strategy', 'quality', 'search', 'allow', 'exploration', 'databases', 'supplementary', 'information', 'strategy', 'image', 'retrieval', 'tomato', 'leave', 'greenhouse', 'crop', 'suitable', 'disease', 'diagnosis', 'strategy', 'color', 'structure', 'descriptor', 'near', 'neighbor', 'characterize', 'abnormal', 'condition', 'chlorosis', 'sooty', 'mould', 'blight']",tomato represent vegetable crop worldwide crop cycle disease abnormal condition affect tomato plant considerable loss production precise identification pathology fundamental control strategy right identification symptom plant diseases highly specialize knowledge facility available grower computer vision tool alternative tomato disease characterization work mainly identification affect region classification non-specialists lack clarity look content image retrieval cbir helpful complementary strategy quality search allow exploration databases supplementary information strategy image retrieval tomato leave greenhouse crop suitable disease diagnosis strategy color structure descriptor near neighbor characterize abnormal condition chlorosis sooty mould blight,87,189,2,0.91526586,"plant, model, image, fruit, leaf","Tomato represents an important vegetable crop worldwide. During cropping cycle several diseases and abnormal conditions may affect tomato plants resulting on considerable losses of production. A precise identification of these pathologies in early phases is fundamental for the implementation of control strategies. Nevertheless, the right identification of symptoms of plants diseases require highly specialized knowledge and facilities, which are not available for small growers. Recently, computer vision tools have been proposed as an alternative for tomato diseases characterization. These works mainly focus on identification of affected regions and classification tasks. Nevertheless, non-specialists may lack of clarity about what they are looking for during the assessment. In these cases, Content Based Image Retrieval (CBIR) systems can be helpful as a complementary strategy to improve the quality of the search by allowing exploration of databases with supplementary information. This work presents a novel strategy for image retrieval of tomato leaves for greenhouse crops suitable to support disease diagnosis. The strategy is based on color structure descriptors and nearest neighbors. Experimental results show that the proposed approach can successfully characterize in several abnormal conditions, such as, chlorosis, sooty moulds and early blight.",3,"[{'text': 'tomato', 'type': 'CROP_TYPE', 'start': 0, 'end': 6, 'source': 'domain_dictionary'}, {'text': 'tomato', 'type': 'CROP_TYPE', 'start': 131, 'end': 137, 'source': 'domain_dictionary'}, {'text': 'tomato', 'type': 'CROP_TYPE', 'start': 555, 'end': 561, 'source': 'domain_dictionary'}, {'text': 'classification', 'type': 'ML_TECHNIQUE', 'start': 656, 'end': 670, 'source': 'domain_dictionary'}, {'text': 'Content Based Image Retrieval', 'type': 'SPACY_ORG', 'start': 799, 'end': 828, 'source': 'core_web_sm'}, {'text': 'CBIR', 'type': 'SPACY_ORG', 'start': 830, 'end': 834, 'source': 'core_web_sm'}, {'text': 'tomato', 'type': 'CROP_TYPE', 'start': 1052, 'end': 1058, 'source': 'domain_dictionary'}, {'text': 'color', 'type': 'QUALITY_ATTRIBUTE', 'start': 1151, 'end': 1156, 'source': 'domain_dictionary'}, {'text': 'early blight', 'type': 'DISEASE', 'start': 1354, 'end': 1366, 'source': 'domain_dictionary'}]",9,0.2631578947368421,0.3157894736842105,0.2631578947368421,0.15789473684210525,METHODS,0.9796494549763056,11
S9Z4NY2Y,conferencePaper,2023,"Anusha, M. N.; Prafulla, P. S.; Prabhavathi, K.; Divyashree, R. H.; Kiran; Srividya, C. N.",Intelligent Recognition of Leaf Abnormalities Using Deep Learning Method,"International Conference on Recent Advances in Science and Engineering Technology, ICRASET 2023",10.1109/ICRASET59632.2023.10420037,http://dx.doi.org/10.1109/ICRASET59632.2023.10420037,"Deep Neural Networks (DNNs) have significantly improved the detection of different diseases affecting plants. The impact of unidentified and untreated plant diseases is to reduce crop yield significantly, as they negatively affect the quality and quantity of horticultural and agricultural products. Therefore, early recognition of plant diseases is essential for improving crop quality and reducing production losses. To this end, a modern framework has been developed that incorporates image acquisition and analysis, utilizing DNN models to calculate various evaluation metrics such as Recall, F1 scaling, accuracy, and precision. By diversifying the results, it becomes possible to differentiate between healthy and bacterial plant leaves. The proposed methodology has been tested on two types of plants - pepper, and potato - and can determine the percentage of infection on plant leaves.",2023-11,2026-01-24 00:34:05,2026-01-24 00:34:05,1-5,IEEE,/home/aalejoz25/Zotero/storage/LP66EZWW/Anusha et al. - 2023 - Intelligent Recognition of Leaf Abnormalities Using Deep Learning Method.pdf,Classification; Deep Neural Networks (DNNs); Image Acquisition; Pepper Plant Leaf; Plant Leaf; Potato Plant Leaf,intelligent recognition of leaf abnormalities using deep learning method,"['intelligent', 'recognition', 'of', 'leaf', 'abnormalities', 'using', 'deep', 'learning', 'method']","['intelligent', 'recognition', 'abnormality']",intelligent recognition abnormality,"[('intelligent', 'recognition'), ('recognition', 'abnormality')]",9,72,3,"[('intelligent', 'recognition', 'abnormality')]","['deep', 'neural', 'network', 'dnns', 'detection', 'disease', 'affect', 'plant', 'impact', 'unidentified', 'untreated', 'plant', 'diseases', 'crop', 'yield', 'negatively', 'affect', 'quality', 'quantity', 'horticultural', 'agricultural', 'product', 'recognition', 'plant', 'diseases', 'essential', 'improve', 'crop', 'quality', 'reduce', 'production', 'loss', 'end', 'modern', 'develop', 'incorporates', 'image', 'acquisition', 'utilize', 'dnn', 'calculate', 'recall', 'scale', 'precision', 'diversify', 'becomes', 'differentiate', 'healthy', 'bacterial', 'plant', 'leave', 'test', 'two', 'plant', 'pepper', 'potato', 'determine', 'infection', 'plant', 'leaf']",deep neural network dnns detection disease affect plant impact unidentified untreated plant diseases crop yield negatively affect quality quantity horticultural agricultural product recognition plant diseases essential improve crop quality reduce production loss end modern develop incorporates image acquisition utilize dnn calculate recall scale precision diversify becomes differentiate healthy bacterial plant leave test two plant pepper potato determine infection plant leaf,60,129,2,0.73366034,"plant, model, image, fruit, leaf","Deep Neural Networks (DNNs) have significantly improved the detection of different diseases affecting plants. The impact of unidentified and untreated plant diseases is to reduce crop yield significantly, as they negatively affect the quality and quantity of horticultural and agricultural products. Therefore, early recognition of plant diseases is essential for improving crop quality and reducing production losses. To this end, a modern framework has been developed that incorporates image acquisition and analysis, utilizing DNN models to calculate various evaluation metrics such as Recall, F1 scaling, accuracy, and precision. By diversifying the results, it becomes possible to differentiate between healthy and bacterial plant leaves. The proposed methodology has been tested on two types of plants - pepper, and potato - and can determine the percentage of infection on plant leaves.",5,"[{'text': 'Deep Neural Networks', 'type': 'SPACY_ORG', 'start': 0, 'end': 20, 'source': 'core_web_sm'}, {'text': 'Recall, F1', 'type': 'SPACY_ORG', 'start': 589, 'end': 599, 'source': 'core_web_sm'}, {'text': 'accuracy', 'type': 'METRIC', 'start': 609, 'end': 617, 'source': 'domain_dictionary'}, {'text': 'precision', 'type': 'METRIC', 'start': 623, 'end': 632, 'source': 'domain_dictionary'}, {'text': 'pepper', 'type': 'CROP_TYPE', 'start': 810, 'end': 816, 'source': 'domain_dictionary'}, {'text': 'potato', 'type': 'CROP_TYPE', 'start': 822, 'end': 828, 'source': 'domain_dictionary'}]",6,0.06711409395973154,0.40268456375838924,0.4697986577181208,0.06040268456375839,RESULTS,0.7733028744240413,6
BJLPZF59,conferencePaper,2023,"Suthar, Falguni; Padhya, Kuldeep; Joshi, Ritesh; Parikh, Satyen; Panthakkan, Alavikunhu; Mansoor, Wathiq",An Extensive Evaluation of Plant Disease Detection Using Diverse Machine Learning Approaches,"2023 6th International Conference on Signal Processing and Information Security, ICSPIS 2023",10.1109/ICSPIS60075.2023.10343735,http://dx.doi.org/10.1109/ICSPIS60075.2023.10343735,"Plant sicknesses fundamentally affect horticultural efficiency and food security. In order to minimize widespread damage and maximize crop yield, it is essential to detect these diseases promptly and accurately. Automating the process of detecting plant diseases has been shown to be a promising application of machine learning techniques in recent years. This study presents a comprehensive analysis of various machine learning techniques applied to the task of plant disease detection. This study investigates the use of different AI procedures for plant illness recognition. Convolutional neural networks (CNNs), support vector machines (SVMs), random forests, and k-nearest neighbors (KNNs) are just a few of the algorithms that are compared in this study. Feature extraction from diseased plant images is the first step in our experiment, followed by model training and validation. The results demonstrate the efficacy of machine learning in accurately identifying plant diseases based on visual symptoms. The findings provide insights into the strengths and limitations of each technique, paving the way for further research in automated and precise plant disease diagnosis to enhance agricultural sustainability.",2023-11,2026-01-24 00:34:05,2026-01-24 00:34:05,151-155,IEEE,/home/aalejoz25/Zotero/storage/TTMJPK7Y/Suthar et al. - 2023 - An Extensive Evaluation of Plant Disease Detection Using Diverse Machine Learning Approaches.pdf,CNN; SVM; Agriculture; KNN; Machine learning methods; Plant diseases detection,an extensive evaluation of plant disease detection using diverse machine learning approaches,"['an', 'extensive', 'evaluation', 'of', 'plant', 'disease', 'detection', 'using', 'diverse', 'machine', 'learning', 'approaches']","['extensive', 'disease', 'diverse', 'approach']",extensive disease diverse approach,"[('extensive', 'disease'), ('disease', 'diverse'), ('diverse', 'approach')]",12,92,4,"[('extensive', 'disease', 'diverse'), ('disease', 'diverse', 'approach')]","['plant', 'sicknesses', 'fundamentally', 'affect', 'horticultural', 'efficiency', 'food', 'security', 'order', 'minimize', 'widespread', 'damage', 'maximize', 'crop', 'yield', 'essential', 'detect', 'diseases', 'promptly', 'accurately', 'automate', 'detect', 'plant', 'disease', 'show', 'application', 'machine', 'learn', 'machine', 'learning', 'plant', 'disease', 'detection', 'plant', 'illness', 'recognition', 'convolutional', 'neural', 'network', 'cnns', 'vector', 'machine', 'svms', 'random', 'forest', 'k-nearest', 'neighbor', 'knns', 'algorithms', 'feature', 'extraction', 'diseased', 'plant', 'image', 'follow', 'model', 'training', 'validation', 'efficacy', 'machine', 'learn', 'accurately', 'identify', 'plant', 'disease', 'visual', 'symptom', 'insight', 'strength', 'pave', 'automate', 'precise', 'plant', 'disease', 'diagnosis', 'enhance', 'agricultural', 'sustainability']",plant sicknesses fundamentally affect horticultural efficiency food security order minimize widespread damage maximize crop yield essential detect diseases promptly accurately automate detect plant disease show application machine learn machine learning plant disease detection plant illness recognition convolutional neural network cnns vector machine svms random forest k-nearest neighbor knns algorithms feature extraction diseased plant image follow model training validation efficacy machine learn accurately identify plant disease visual symptom insight strength pave automate precise plant disease diagnosis enhance agricultural sustainability,78,175,2,0.8204534,"plant, model, image, fruit, leaf","Plant sicknesses fundamentally affect horticultural efficiency and food security. In order to minimize widespread damage and maximize crop yield, it is essential to detect these diseases promptly and accurately. Automating the process of detecting plant diseases has been shown to be a promising application of machine learning techniques in recent years. This study presents a comprehensive analysis of various machine learning techniques applied to the task of plant disease detection. This study investigates the use of different AI procedures for plant illness recognition. Convolutional neural networks (CNNs), support vector machines (SVMs), random forests, and k-nearest neighbors (KNNs) are just a few of the algorithms that are compared in this study. Feature extraction from diseased plant images is the first step in our experiment, followed by model training and validation. The results demonstrate the efficacy of machine learning in accurately identifying plant diseases based on visual symptoms. The findings provide insights into the strengths and limitations of each technique, paving the way for further research in automated and precise plant disease diagnosis to enhance agricultural sustainability.",1,"[{'text': 'AI', 'type': 'SPACY_GPE', 'start': 533, 'end': 535, 'source': 'core_web_sm'}, {'text': 'k-nearest neighbors', 'type': 'ML_TECHNIQUE', 'start': 668, 'end': 687, 'source': 'domain_dictionary'}, {'text': 'feature extraction', 'type': 'ML_TECHNIQUE', 'start': 761, 'end': 779, 'source': 'domain_dictionary'}]",3,0.2493074792243767,0.5650969529085872,0.11080332409972299,0.07479224376731303,METHODS,0.7982036422606367,9
XIHW3ZZJ,conferencePaper,2024,"Gautam, Vinay; Maheshwari, Himani; Tiwari, Raj Gaurang; Agarwal, Ambuj Kumar; Trivedi, Naresh Kumar; Garg, Naveen",Feature Fusion Approach with Inception-RestNet and Canonical Correlation Analysis for Strawberry Leaf Disease Detection,"Proceedings - 2nd International Conference on Advancement in Computation and Computer Technologies, InCACCT 2024",10.1109/InCACCT61598.2024.10551189,http://dx.doi.org/10.1109/InCACCT61598.2024.10551189,"Strawberries are one of the most demanding horticulture crops due to their flavor and nutritional value. Therefore, the demand for strawberries growing yearly and production of the same is very low. The prime factor of low production is leaf disease because the crop is susceptible to various types of leaf diseases. This causes huge financial losses every year to the farmers. Therefore, adequate action is needed to save strawberry crops from diseases and effectively manage their spread. Farmers were completely dependent on expert skilled personnel to identify crop diseases that may be the reason for the loss of crop yield. Therefore, this research proposed a novel deep-learning method to recognize plant leaf disease to optimize losses. However, with the invention of this method, it is easy to recognize different disease patterns within the plant leaf. The research proposed a feature fusion-based deep learning model named FFIR (Feature Fusion with Inception-RestNet) for recognizing leaf diseases. The features were extracted with a composition of the Inception-RestNet model. Later, the extracted features are fused in a fusion matrix using canonical correlation analysis (CCA). Afterward, the classification was performed with a Convolution Neural network. The proposed model outperformed with an accuracy of 99.34%.",2024-05,2026-01-24 00:34:05,2026-01-24 00:34:05,288-292,IEEE,/home/aalejoz25/Zotero/storage/HZBZWVF5/Gautam et al. - 2024 - Feature Fusion Approach with Inception-RestNet and Canonical Correlation Analysis for Strawberry Lea.pdf,deep learning; pre-trained models; Strawberry leaf disease; transformer,feature fusion approach with inceptionrestnet and canonical correlation analysis for strawberry leaf disease detection,"['feature', 'fusion', 'approach', 'with', 'inceptionrestnet', 'and', 'canonical', 'correlation', 'analysis', 'for', 'strawberry', 'leaf', 'disease', 'detection']","['feature', 'fusion', 'inceptionrestnet', 'canonical', 'correlation', 'strawberry', 'disease']",feature fusion inceptionrestnet canonical correlation strawberry disease,"[('feature', 'fusion'), ('fusion', 'inceptionrestnet'), ('inceptionrestnet', 'canonical'), ('canonical', 'correlation'), ('correlation', 'strawberry'), ('strawberry', 'disease')]",14,119,7,"[('feature', 'fusion', 'inceptionrestnet'), ('fusion', 'inceptionrestnet', 'canonical'), ('inceptionrestnet', 'canonical', 'correlation'), ('canonical', 'correlation', 'strawberry'), ('correlation', 'strawberry', 'disease')]","['strawberry', 'one', 'demand', 'horticulture', 'crop', 'due', 'flavor', 'nutritional', 'demand', 'strawberry', 'grow', 'yearly', 'production', 'prime', 'production', 'leaf', 'disease', 'crop', 'susceptible', 'leaf', 'diseases', 'cause', 'huge', 'financial', 'loss', 'every', 'farmer', 'adequate', 'action', 'save', 'strawberry', 'crop', 'diseases', 'effectively', 'manage', 'spread', 'farmer', 'completely', 'dependent', 'expert', 'skilled', 'personnel', 'identify', 'crop', 'disease', 'reason', 'loss', 'crop', 'yield', 'deeplearning', 'method', 'recognize', 'plant', 'leaf', 'disease', 'optimize', 'loss', 'invention', 'method', 'easy', 'recognize', 'disease', 'pattern', 'within', 'plant', 'leaf', 'feature', 'fusion-based', 'deep', 'learning', 'model', 'name', 'ffir', 'feature', 'fusion', 'inception-restnet', 'recognize', 'leaf', 'disease', 'feature', 'extract', 'composition', 'inception-restnet', 'model', 'extract', 'feature', 'fuse', 'fusion', 'matrix', 'canonical', 'correlation', 'cca', 'afterward', 'classification', 'perform', 'convolution', 'neural', 'network', 'model', 'outperform']",strawberry one demand horticulture crop due flavor nutritional demand strawberry grow yearly production prime production leaf disease crop susceptible leaf diseases cause huge financial loss every farmer adequate action save strawberry crop diseases effectively manage spread farmer completely dependent expert skilled personnel identify crop disease reason loss crop yield deeplearning method recognize plant leaf disease optimize loss invention method easy recognize disease pattern within plant leaf feature fusion-based deep learning model name ffir feature fusion inception-restnet recognize leaf disease feature extract composition inception-restnet model extract feature fuse fusion matrix canonical correlation cca afterward classification perform convolution neural network model outperform,100,199,2,0.6010762,"plant, model, image, fruit, leaf","Strawberries are one of the most demanding horticulture crops due to their flavor and nutritional value. Therefore, the demand for strawberries growing yearly and production of the same is very low. The prime factor of low production is leaf disease because the crop is susceptible to various types of leaf diseases. This causes huge financial losses every year to the farmers. Therefore, adequate action is needed to save strawberry crops from diseases and effectively manage their spread. Farmers were completely dependent on expert skilled personnel to identify crop diseases that may be the reason for the loss of crop yield. Therefore, this research proposed a novel deep-learning method to recognize plant leaf disease to optimize losses. However, with the invention of this method, it is easy to recognize different disease patterns within the plant leaf. The research proposed a feature fusion-based deep learning model named FFIR (Feature Fusion with Inception-RestNet) for recognizing leaf diseases. The features were extracted with a composition of the Inception-RestNet model. Later, the extracted features are fused in a fusion matrix using canonical correlation analysis (CCA). Afterward, the classification was performed with a Convolution Neural network. The proposed model outperformed with an accuracy of 99.34.",7,"[{'text': 'strawberry', 'type': 'CROP_TYPE', 'start': 423, 'end': 433, 'source': 'domain_dictionary'}, {'text': 'deep learning', 'type': 'ML_TECHNIQUE', 'start': 908, 'end': 921, 'source': 'domain_dictionary'}, {'text': 'inception', 'type': 'ML_MODEL', 'start': 960, 'end': 969, 'source': 'domain_dictionary'}, {'text': 'inception', 'type': 'ML_MODEL', 'start': 1064, 'end': 1073, 'source': 'domain_dictionary'}, {'text': 'CCA', 'type': 'SPACY_ORG', 'start': 1186, 'end': 1189, 'source': 'core_web_sm'}, {'text': 'classification', 'type': 'ML_TECHNIQUE', 'start': 1207, 'end': 1221, 'source': 'domain_dictionary'}, {'text': 'Convolution Neural', 'type': 'SPACY_ORG', 'start': 1243, 'end': 1261, 'source': 'core_web_sm'}, {'text': 'accuracy', 'type': 'METRIC', 'start': 1311, 'end': 1319, 'source': 'domain_dictionary'}]",8,0.09740259740259741,0.6233766233766234,0.16233766233766234,0.11688311688311688,METHODS,0.7700334850794036,13
HVC4VTQC,conferencePaper,2019,"Luna, Robert G. De; Dadios, Elmer P.; Bandala, Argel A.; Vicerra, Ryan Rhay P.",Tomato Fruit Image Dataset for Deep Transfer Learning-based Defect Detection,"Proceedings of the IEEE 2019 9th International Conference on Cybernetics and Intelligent Systems and Robotics, Automation and Mechatronics, CIS and RAM 2019",10.1109/CIS-RAM47153.2019.9095778,http://dx.doi.org/10.1109/CIS-RAM47153.2019.9095778,"Tomato is considered as one of the vegetable crops with highest demand in the Philippines. Job of the farmers does not end after harvesting since the harvested tomatoes needed to be sorted according to its size. Manual sorting is the most widely recognized strategy in sorting but is very dependent on human interpretation and thus, very prone to error. This research proposed a solution that provides sorting of tomato fruit by detection of presence of defect. The study presented the generation of image dataset for a deep learning approach detection of defects based from a single tomato fruit image. Models were implemented using OpenCV libraries and Python programming. A total of 1200 tomato images classified as no defect and with defect are gathered using the improvised image capturing box. These images are used for the training, validation, and testing of the three deep learning models namely; VGG16, InceptionV3, and ResNet50. From this, 240 images are used as testing images to assess independently the performance of the trained models using accuracy and F1-score as performance metrics. Experiment results shown that VGG16 has 95.75-95.92-98.75 training-validation-testing accuracy percentage performance, 56.38-59.24-58.33 for the InceptionV3 model, and 90.58-58.46-64.58 for the ResNet50. Comparative analysis revealed that VGG16 is the best deep learning model to be used in the detection of presence of defect in the tomato fruit based from the dataset gathered.",2019-11,2026-01-24 00:34:05,2026-01-24 00:34:05,356-361,IEEE,/home/aalejoz25/Zotero/storage/HCYIJMTD/Luna et al. - 2019 - Tomato Fruit Image Dataset for Deep Transfer Learning-based Defect Detection.pdf,image processing; deep transfer learning; solanum lycopersicum; tomato defect detection,tomato fruit image dataset for deep transfer learningbased defect detection,"['tomato', 'fruit', 'image', 'dataset', 'for', 'deep', 'transfer', 'learningbased', 'defect', 'detection']","['tomato', 'fruit', 'transfer', 'learningbased', 'defect']",tomato fruit transfer learningbased defect,"[('tomato', 'fruit'), ('fruit', 'transfer'), ('transfer', 'learningbased'), ('learningbased', 'defect')]",10,76,5,"[('tomato', 'fruit', 'transfer'), ('fruit', 'transfer', 'learningbased'), ('transfer', 'learningbased', 'defect')]","['tomato', 'consider', 'one', 'vegetable', 'crop', 'demand', 'philippine', 'job', 'farmer', 'end', 'harvest', 'since', 'harvest', 'tomato', 'sort', 'accord', 'size', 'manual', 'sort', 'widely', 'recognize', 'strategy', 'sort', 'dependent', 'human', 'interpretation', 'prone', 'error', 'sort', 'tomato', 'fruit', 'detection', 'presence', 'defect', 'present', 'generation', 'image', 'dataset', 'deep', 'learning', 'detection', 'defect', 'single', 'tomato', 'fruit', 'image', 'implement', 'opencv', 'library', 'python', 'program', 'tomato', 'image', 'classify', 'defect', 'defect', 'gather', 'improvised', 'image', 'capture', 'box', 'image', 'train', 'validation', 'test', 'three', 'deep', 'learn', 'namely', 'vgg16', 'inceptionv3', 'resnet50', 'image', 'test', 'image', 'assess', 'independently', 'performance', 'train', 'f1-score', 'performance', 'show', 'vgg16', 'training-validation-testing', 'performance', 'inceptionv3', 'model', 'resnet50', 'comparative', 'vgg16', 'deep', 'learning', 'model', 'detection', 'presence', 'defect', 'tomato', 'fruit', 'dataset', 'gather']",tomato consider one vegetable crop demand philippine job farmer end harvest since harvest tomato sort accord size manual sort widely recognize strategy sort dependent human interpretation prone error sort tomato fruit detection presence defect present generation image dataset deep learning detection defect single tomato fruit image implement opencv library python program tomato image classify defect defect gather improvised image capture box image train validation test three deep learn namely vgg16 inceptionv3 resnet50 image test image assess independently performance train f1-score performance show vgg16 training-validation-testing performance inceptionv3 model resnet50 comparative vgg16 deep learning model detection presence defect tomato fruit dataset gather,100,226,2,0.9956471,"plant, model, image, fruit, leaf","Tomato is considered as one of the vegetable crops with highest demand in the Philippines. Job of the farmers does not end after harvesting since the harvested tomatoes needed to be sorted according to its size. Manual sorting is the most widely recognized strategy in sorting but is very dependent on human interpretation and thus, very prone to error. This research proposed a solution that provides sorting of tomato fruit by detection of presence of defect. The study presented the generation of image dataset for a deep learning approach detection of defects based from a single tomato fruit image. Models were implemented using OpenCV libraries and Python programming. A total of 1200 tomato images classified as no defect and with defect are gathered using the improvised image capturing box. These images are used for the training, validation, and testing of the three deep learning models namely; VGG16, InceptionV3, and ResNet50. From this, 240 images are used as testing images to assess independently the performance of the trained models using accuracy and F1-score as performance metrics. Experiment results shown that VGG16 has 95.75-95.92-98.75 training-validation-testing accuracy percentage performance, 56.38-59.24-58.33 for the InceptionV3 model, and 90.58-58.46-64.58 for the ResNet50. Comparative analysis revealed that VGG16 is the best deep learning model to be used in the detection of presence of defect in the tomato fruit based from the dataset gathered.",5,"[{'text': 'tomato', 'type': 'CROP_TYPE', 'start': 0, 'end': 6, 'source': 'domain_dictionary'}, {'text': 'Philippines', 'type': 'SPACY_GPE', 'start': 78, 'end': 89, 'source': 'core_web_sm'}, {'text': 'size', 'type': 'QUALITY_ATTRIBUTE', 'start': 206, 'end': 210, 'source': 'domain_dictionary'}, {'text': 'tomato', 'type': 'CROP_TYPE', 'start': 413, 'end': 419, 'source': 'domain_dictionary'}, {'text': 'defect', 'type': 'QUALITY_ATTRIBUTE', 'start': 454, 'end': 460, 'source': 'domain_dictionary'}, {'text': 'deep learning', 'type': 'ML_TECHNIQUE', 'start': 520, 'end': 533, 'source': 'domain_dictionary'}, {'text': 'tomato', 'type': 'CROP_TYPE', 'start': 584, 'end': 590, 'source': 'domain_dictionary'}, {'text': 'opencv', 'type': 'TOOL', 'start': 634, 'end': 640, 'source': 'domain_dictionary'}, {'text': 'tomato', 'type': 'CROP_TYPE', 'start': 691, 'end': 697, 'source': 'domain_dictionary'}, {'text': 'defect', 'type': 'QUALITY_ATTRIBUTE', 'start': 722, 'end': 728, 'source': 'domain_dictionary'}, {'text': 'defect', 'type': 'QUALITY_ATTRIBUTE', 'start': 738, 'end': 744, 'source': 'domain_dictionary'}, {'text': 'deep learning', 'type': 'ML_TECHNIQUE', 'start': 877, 'end': 890, 'source': 'domain_dictionary'}, {'text': 'vgg16', 'type': 'ML_MODEL', 'start': 906, 'end': 911, 'source': 'domain_dictionary'}, {'text': 'inceptionv3', 'type': 'ML_MODEL', 'start': 913, 'end': 924, 'source': 'domain_dictionary'}, {'text': 'ResNet50', 'type': 'SPACY_WORK_OF_ART', 'start': 930, 'end': 938, 'source': 'core_web_sm'}, {'text': 'accuracy', 'type': 'METRIC', 'start': 1057, 'end': 1065, 'source': 'domain_dictionary'}, {'text': 'f1-score', 'type': 'METRIC', 'start': 1070, 'end': 1078, 'source': 'domain_dictionary'}, {'text': 'vgg16', 'type': 'ML_MODEL', 'start': 1133, 'end': 1138, 'source': 'domain_dictionary'}, {'text': 'accuracy', 'type': 'METRIC', 'start': 1189, 'end': 1197, 'source': 'domain_dictionary'}, {'text': 'inceptionv3', 'type': 'ML_MODEL', 'start': 1248, 'end': 1259, 'source': 'domain_dictionary'}, {'text': 'ResNet50', 'type': 'SPACY_PRODUCT', 'start': 1297, 'end': 1305, 'source': 'core_web_sm'}, {'text': 'vgg16', 'type': 'ML_MODEL', 'start': 1342, 'end': 1347, 'source': 'domain_dictionary'}, {'text': 'deep learning', 'type': 'ML_TECHNIQUE', 'start': 1360, 'end': 1373, 'source': 'domain_dictionary'}, {'text': 'defect', 'type': 'QUALITY_ATTRIBUTE', 'start': 1423, 'end': 1429, 'source': 'domain_dictionary'}, {'text': 'tomato', 'type': 'CROP_TYPE', 'start': 1437, 'end': 1443, 'source': 'domain_dictionary'}]",25,0.0954653937947494,0.7159904534606205,0.16706443914081145,0.021479713603818618,METHODS,0.6094582677026795,11
6EFS769B,conferencePaper,2020,"Maimaitiyiming, Matthew; Maimaitijiang, Maitiniyazi; Sidike, Paheding; Sagan, Vasit; Migicovsky, Zoe; Chitwood, Daniel H.; Cousins, Peter; Dokoozlian, Nick; Miller, Allison J.; Kwasniewski, Misha",Modeling Early Indicators of Grapevine Physiology Using Hyperspectral Imaging and Partial Least Squares Regression (PLSR),International Geoscience and Remote Sensing Symposium (IGARSS),10.1109/IGARSS39084.2020.9323679,http://dx.doi.org/10.1109/IGARSS39084.2020.9323679,"In this contribution, we use field-based hyperspectral imaging (HSI) and partial least squares regression (PLSR) to estimate early indicators of grapevine physiological indicators, and analyze identified significant spectral regions for fast and accurate plant health monitoring. HSI and physiological measurements were carried out at two commercial vineyards in California, USA. The PLSR models were developed between reflectance spectra extracted from hyperspectral images and four vine physiological parameters, including stomatal conductance (Gs) photosynthetic CO2 rate (A), intercellular CO2 concentration (Ci) and transpiration rate (E). The results demonstrate PLSR models to predict physiological parameters (\mathrm{R}^{2}\geq 0.6), and the best model was found for \mathrm{G}-{\mathrm{s}}\ (\mathrm{R}^{2}=0.7). The identified significant spectral regions overlap with most commonly used remote sensing stress indicator, suggesting that HSI coupled with PLSR has great potential for upscaling and broader agricultural applications.",2020-09,2026-01-24 00:34:05,2026-01-24 00:34:05,1117-1120,IEEE,/home/aalejoz25/Zotero/storage/4WF3MKZV/Maimaitiyiming et al. - 2020 - Modeling Early Indicators of Grapevine Physiology Using Hyperspectral Imaging and Partial Least Squa.pdf,Hyperspectral imaging; Grapevine; Physiology; PLSR; Stress,modeling early indicators of grapevine physiology using hyperspectral imaging and partial least squares regression plsr,"['modeling', 'early', 'indicators', 'of', 'grapevine', 'physiology', 'using', 'hyperspectral', 'imaging', 'and', 'partial', 'least', 'squares', 'regression', 'plsr']","['modeling', 'early', 'indicator', 'grapevine', 'physiology', 'hyperspectral', 'imaging', 'partial', 'least', 'square', 'regression', 'plsr']",modeling early indicator grapevine physiology hyperspectral imaging partial least square regression plsr,"[('modeling', 'early'), ('early', 'indicator'), ('indicator', 'grapevine'), ('grapevine', 'physiology'), ('physiology', 'hyperspectral'), ('hyperspectral', 'imaging'), ('imaging', 'partial'), ('partial', 'least'), ('least', 'square'), ('square', 'regression'), ('regression', 'plsr')]",15,121,12,"[('modeling', 'early', 'indicator'), ('early', 'indicator', 'grapevine'), ('indicator', 'grapevine', 'physiology'), ('grapevine', 'physiology', 'hyperspectral'), ('physiology', 'hyperspectral', 'imaging'), ('hyperspectral', 'imaging', 'partial'), ('imaging', 'partial', 'least'), ('partial', 'least', 'square'), ('least', 'square', 'regression'), ('square', 'regression', 'plsr')]","['field-based', 'hyperspectral', 'image', 'hsi', 'least', 'square', 'regression', 'plsr', 'estimate', 'indicator', 'grapevine', 'physiological', 'indicator', 'analyze', 'identify', 'spectral', 'region', 'fast', 'accurate', 'plant', 'health', 'monitoring', 'hsi', 'physiological', 'measurement', 'carry', 'two', 'commercial', 'vineyard', 'california', 'usa', 'plsr', 'develop', 'reflectance', 'spectrum', 'extract', 'hyperspectral', 'image', 'four', 'vine', 'physiological', 'parameter', 'stomatal', 'conductance', 'photosynthetic', 'co2', 'intercellular', 'co2', 'concentration', 'transpiration', 'plsr', 'predict', 'physiological', 'parameter', 'mathrm', 'geq', 'model', 'mathrm', 'mathrm', 'mathrm', 'identify', 'spectral', 'region', 'overlap', 'commonly', 'remote', 'sense', 'stress', 'indicator', 'suggest', 'hsi', 'couple', 'plsr', 'great', 'upscaling', 'broad', 'agricultural', 'application']",field-based hyperspectral image hsi least square regression plsr estimate indicator grapevine physiological indicator analyze identify spectral region fast accurate plant health monitoring hsi physiological measurement carry two commercial vineyard california usa plsr develop reflectance spectrum extract hyperspectral image four vine physiological parameter stomatal conductance photosynthetic co2 intercellular co2 concentration transpiration plsr predict physiological parameter mathrm geq model mathrm mathrm mathrm identify spectral region overlap commonly remote sense stress indicator suggest hsi couple plsr great upscaling broad agricultural application,78,132,2,0.64546925,"plant, model, image, fruit, leaf","In this contribution, we use field-based hyperspectral imaging (HSI) and partial least squares regression (PLSR) to estimate early indicators of grapevine physiological indicators, and analyze identified significant spectral regions for fast and accurate plant health monitoring. HSI and physiological measurements were carried out at two commercial vineyards in California, USA. The PLSR models were developed between reflectance spectra extracted from hyperspectral images and four vine physiological parameters, including stomatal conductance (Gs) photosynthetic CO2 rate (A), intercellular CO2 concentration (Ci) and transpiration rate (E). The results demonstrate PLSR models to predict physiological parameters (mathrmR2geq 0.6), and the best model was found for mathrmG-mathrms (mathrmR20.7). The identified significant spectral regions overlap with most commonly used remote sensing stress indicator, suggesting that HSI coupled with PLSR has great potential for upscaling and broader agricultural applications.",4,"[{'text': 'hyperspectral imaging', 'type': 'SENSING_TECHNOLOGY', 'start': 41, 'end': 62, 'source': 'domain_dictionary'}, {'text': 'HSI', 'type': 'SPACY_ORG', 'start': 64, 'end': 67, 'source': 'core_web_sm'}, {'text': 'regression', 'type': 'ML_TECHNIQUE', 'start': 95, 'end': 105, 'source': 'domain_dictionary'}, {'text': 'HSI', 'type': 'SPACY_ORG', 'start': 280, 'end': 283, 'source': 'core_web_sm'}, {'text': 'California', 'type': 'SPACY_GPE', 'start': 363, 'end': 373, 'source': 'core_web_sm'}, {'text': 'USA', 'type': 'SPACY_GPE', 'start': 375, 'end': 378, 'source': 'core_web_sm'}, {'text': 'PLSR', 'type': 'SPACY_ORG', 'start': 384, 'end': 388, 'source': 'core_web_sm'}, {'text': 'Ci', 'type': 'SPACY_PERSON', 'start': 613, 'end': 615, 'source': 'core_web_sm'}, {'text': 'PLSR', 'type': 'SPACY_ORG', 'start': 669, 'end': 673, 'source': 'core_web_sm'}, {'text': 'remote sensing', 'type': 'SENSING_TECHNOLOGY', 'start': 899, 'end': 913, 'source': 'domain_dictionary'}, {'text': 'HSI', 'type': 'SPACY_ORG', 'start': 948, 'end': 951, 'source': 'core_web_sm'}, {'text': 'PLSR', 'type': 'SPACY_ORG', 'start': 965, 'end': 969, 'source': 'core_web_sm'}]",12,0.0,0.46875,0.390625,0.140625,METHODS,0.7200590027085607,5
LHU27KSH,conferencePaper,2024,"Chaudhari, Lalit R.; Tidke, Abhishek V.; Gupta, Pooja S.; Patel, Prashant; Hudnurkar, Shipla",Roses Plant Disease Detection using DenseNet121 Model,2024 International Conference on Intelligent Systems and Advanced Applications (ICISAA),10.1109/icisaa62385.2024.10828973,http://dx.doi.org/10.1109/ICISAA62385.2024.10828973,,2024-10,2026-01-24 00:34:05,2026-01-24 00:34:05,1-5,IEEE,/home/aalejoz25/Zotero/storage/IQAI7DP6/Chaudhari et al. - 2024 - Roses Plant Disease Detection using DenseNet121 Model.pdf,,roses plant disease detection using densenet model,"['roses', 'plant', 'disease', 'detection', 'using', 'densenet', 'model']","['rose', 'disease', 'densenet']",rose disease densenet,"[('rose', 'disease'), ('disease', 'densenet')]",7,53,3,"[('rose', 'disease', 'densenet')]",[],,0,0,,,,,,[],0,0.0,0.0,0.0,0.0,UNKNOWN,0.0,0
4NC9Q4WD,conferencePaper,2024,"Yashu; Kukreja, Vinay; Srivastava, Prateek; Garg, Ashish",Fruitful Fusion: CNN-Random Forest Synergy in Banana Ripeness Detection,"2024 IEEE International Conference on Information Technology, Electronics and Intelligent Communication Systems, ICITEICS 2024",10.1109/ICITEICS61368.2024.10625429,http://dx.doi.org/10.1109/ICITEICS61368.2024.10625429,"This research paper introduces a new methodology for detecting the maturity of bananas by combining Convolutional Neural Networks (CNN) with Random Forest. The objective is to tackle the pressing need for automated evaluation of fruit quality in the field of agriculture. The experimental configuration included the use of Windows 11 as the operating system, an i5 processor as the central processing unit, and the Colab platform, which together facilitated efficient testing. The model had a notable overall accuracy rate of 86.97%, indicating its strong categorization skills. Additionally, the F1 score, which is calculated as the harmonic mean of accuracy and recall, exhibited an average value of 87.00, therefore emphasising the model's well-balanced performance. The precision scores showed a range of 81.97% to 91.37%, which signifies the level of accuracy in positive forecasts across various ripeness categories. The use of a hybrid strategy efficiently leveraged the feature extraction capabilities of Convolutional Neural Networks (CNN) and the ensemble learning technique of Random Forest to achieve accurate and dependable classification. The findings indicate a significant development in the precise identification of fruit maturity, showcasing potential implications in enhancing harvest procedures and reducing post-harvest wastage. This research establishes a foundation for the development of enhanced and automated techniques for evaluating the quality of fruits, hence offering potential advantages to the agriculture sector.",2024-06,2026-01-24 00:34:05,2026-01-24 00:34:05,1-6,IEEE,/home/aalejoz25/Zotero/storage/W9I5M5HA/Yashu et al. - 2024 - Fruitful Fusion CNN-Random Forest Synergy in Banana Ripeness Detection.pdf,Deep Learning; Agriculture; Banana; CNN-Random forest; Crop; Diseases; Fruit; Health,fruitful fusion cnnrandom forest synergy in banana ripeness detection,"['fruitful', 'fusion', 'cnnrandom', 'forest', 'synergy', 'in', 'banana', 'ripeness', 'detection']","['fruitful', 'fusion', 'cnnrandom', 'forest', 'synergy', 'banana', 'ripeness']",fruitful fusion cnnrandom forest synergy banana ripeness,"[('fruitful', 'fusion'), ('fusion', 'cnnrandom'), ('cnnrandom', 'forest'), ('forest', 'synergy'), ('synergy', 'banana'), ('banana', 'ripeness')]",9,71,7,"[('fruitful', 'fusion', 'cnnrandom'), ('fusion', 'cnnrandom', 'forest'), ('cnnrandom', 'forest', 'synergy'), ('forest', 'synergy', 'banana'), ('synergy', 'banana', 'ripeness')]","['detect', 'maturity', 'banana', 'combine', 'convolutional', 'neural', 'network', 'cnn', 'random', 'forest', 'tackle', 'press', 'automate', 'fruit', 'quality', 'agriculture', 'configuration', 'windows', 'operate', 'system', 'processor', 'central', 'processing', 'unit', 'colab', 'platform', 'together', 'facilitate', 'test', 'model', 'notable', 'indicate', 'strong', 'categorization', 'skill', 'calculate', 'harmonic', 'mean', 'recall', 'exhibit', 'emphasise', 'model', 'well-balanced', 'performance', 'precision', 'range', 'signifies', 'positive', 'forecast', 'across', 'ripeness', 'category', 'hybrid', 'strategy', 'efficiently', 'leverage', 'feature', 'extraction', 'capability', 'convolutional', 'neural', 'network', 'cnn', 'ensemble', 'learning', 'random', 'forest', 'accurate', 'dependable', 'classification', 'development', 'precise', 'identification', 'fruit', 'maturity', 'showcasing', 'implication', 'enhance', 'harvest', 'reduce', 'post-harvest', 'wastage', 'establishes', 'foundation', 'development', 'automate', 'evaluate', 'quality', 'fruit', 'offer', 'agriculture', 'sector']",detect maturity banana combine convolutional neural network cnn random forest tackle press automate fruit quality agriculture configuration windows operate system processor central processing unit colab platform together facilitate test model notable indicate strong categorization skill calculate harmonic mean recall exhibit emphasise model well-balanced performance precision range signifies positive forecast across ripeness category hybrid strategy efficiently leverage feature extraction capability convolutional neural network cnn ensemble learning random forest accurate dependable classification development precise identification fruit maturity showcasing implication enhance harvest reduce post-harvest wastage establishes foundation development automate evaluate quality fruit offer agriculture sector,92,218,2,0.6575326,"plant, model, image, fruit, leaf","This research paper introduces a new methodology for detecting the maturity of bananas by combining Convolutional Neural Networks (CNN) with Random Forest. The objective is to tackle the pressing need for automated evaluation of fruit quality in the field of agriculture. The experimental configuration included the use of Windows 11 as the operating system, an i5 processor as the central processing unit, and the Colab platform, which together facilitated efficient testing. The model had a notable overall accuracy rate of 86.97, indicating its strong categorization skills. Additionally, the F1 score, which is calculated as the harmonic mean of accuracy and recall, exhibited an average value of 87.00, therefore emphasising the model's well-balanced performance. The precision scores showed a range of 81.97 to 91.37, which signifies the level of accuracy in positive forecasts across various ripeness categories. The use of a hybrid strategy efficiently leveraged the feature extraction capabilities of Convolutional Neural Networks (CNN) and the ensemble learning technique of Random Forest to achieve accurate and dependable classification. The findings indicate a significant development in the precise identification of fruit maturity, showcasing potential implications in enhancing harvest procedures and reducing post-harvest wastage. This research establishes a foundation for the development of enhanced and automated techniques for evaluating the quality of fruits, hence offering potential advantages to the agriculture sector.",7,"[{'text': 'maturity', 'type': 'QUALITY_ATTRIBUTE', 'start': 67, 'end': 75, 'source': 'domain_dictionary'}, {'text': 'Convolutional Neural Networks', 'type': 'SPACY_ORG', 'start': 100, 'end': 129, 'source': 'core_web_sm'}, {'text': 'cnn', 'type': 'ML_TECHNIQUE', 'start': 131, 'end': 134, 'source': 'domain_dictionary'}, {'text': 'random forest', 'type': 'ML_TECHNIQUE', 'start': 141, 'end': 154, 'source': 'domain_dictionary'}, {'text': 'Windows 11', 'type': 'SPACY_LAW', 'start': 323, 'end': 333, 'source': 'core_web_sm'}, {'text': 'Colab', 'type': 'SPACY_GPE', 'start': 415, 'end': 420, 'source': 'core_web_sm'}, {'text': 'accuracy', 'type': 'METRIC', 'start': 509, 'end': 517, 'source': 'domain_dictionary'}, {'text': 'f1 score', 'type': 'METRIC', 'start': 597, 'end': 605, 'source': 'domain_dictionary'}, {'text': 'accuracy', 'type': 'METRIC', 'start': 651, 'end': 659, 'source': 'domain_dictionary'}, {'text': 'recall', 'type': 'METRIC', 'start': 664, 'end': 670, 'source': 'domain_dictionary'}, {'text': 'precision', 'type': 'METRIC', 'start': 774, 'end': 783, 'source': 'domain_dictionary'}, {'text': 'accuracy', 'type': 'METRIC', 'start': 856, 'end': 864, 'source': 'domain_dictionary'}, {'text': 'ripeness', 'type': 'QUALITY_ATTRIBUTE', 'start': 902, 'end': 910, 'source': 'domain_dictionary'}, {'text': 'feature extraction', 'type': 'ML_TECHNIQUE', 'start': 978, 'end': 996, 'source': 'domain_dictionary'}, {'text': 'Convolutional Neural Networks', 'type': 'SPACY_ORG', 'start': 1013, 'end': 1042, 'source': 'core_web_sm'}, {'text': 'cnn', 'type': 'ML_TECHNIQUE', 'start': 1044, 'end': 1047, 'source': 'domain_dictionary'}, {'text': 'ensemble learning', 'type': 'ML_TECHNIQUE', 'start': 1057, 'end': 1074, 'source': 'domain_dictionary'}, {'text': 'random forest', 'type': 'ML_TECHNIQUE', 'start': 1088, 'end': 1101, 'source': 'domain_dictionary'}, {'text': 'classification', 'type': 'ML_TECHNIQUE', 'start': 1137, 'end': 1151, 'source': 'domain_dictionary'}, {'text': 'maturity', 'type': 'QUALITY_ATTRIBUTE', 'start': 1240, 'end': 1248, 'source': 'domain_dictionary'}]",20,0.07371007371007372,0.5012285012285013,0.2702702702702703,0.1547911547911548,METHODS,0.8517647384064422,9
R3YHQMCG,conferencePaper,2023,"Yashu; Kukreja, Vinay; Madan, Karun; Singh, Amitoj; Kumar, Deepak",Advancing Pear Disease Recognition: A Hybrid CNN-Random Forest Approach,"2023 3rd International Conference on Smart Generation Computing, Communication and Networking, SMART GENCON 2023",10.1109/SMARTGENCON60755.2023.10442719,http://dx.doi.org/10.1109/SMARTGENCON60755.2023.10442719,"The pear is a key fruit in the horticultural sector, renowned for its adaptability and nutritional value. In recent years, the effects of climate change have increased dramatically. It is influencing all stages of plant production and compelling farmers to adopt new technologies based on data analytics to modify and adapt their crop management practices. Every year, plant diseases are proven to cause significant economic losses. This study introduces a novel method for automating the recognition of pear disease using a synergistic combination of Convolutional Neural Networks (CNN) and Random Forest. A meticulously collected and annotated dataset containing 3,150 high-resolution images of pear leaves in various disease states was compiled. The proposed system's exceptional accuracy of 77.2% signifies a significant advance in agricultural technology. The CNN module is optimised for robust feature extraction, which enables the model to recognise intricate patterns and textures that are characteristic of various pear diseases. Utilising the collective intelligence of a collection of decision trees, a Random Forest classifier is used to refine classification. This study demonstrates the potential of deep learning-based models in the detection and handling of pear disease, which can result in substantial enhancements to pear production and food security.",2023-12,2026-01-24 00:34:05,2026-01-24 00:34:05,1-5,IEEE,/home/aalejoz25/Zotero/storage/ALGHNPW7/Yashu et al. - 2023 - Advancing Pear Disease Recognition A Hybrid CNN-Random Forest Approach.pdf,CNN; deep learning; random forest; disease recognition; fruit; pear,advancing pear disease recognition a hybrid cnnrandom forest approach,"['advancing', 'pear', 'disease', 'recognition', 'a', 'hybrid', 'cnnrandom', 'forest', 'approach']","['advancing', 'pear', 'disease', 'recognition', 'hybrid', 'cnnrandom', 'forest']",advancing pear disease recognition hybrid cnnrandom forest,"[('advancing', 'pear'), ('pear', 'disease'), ('disease', 'recognition'), ('recognition', 'hybrid'), ('hybrid', 'cnnrandom'), ('cnnrandom', 'forest')]",9,71,7,"[('advancing', 'pear', 'disease'), ('pear', 'disease', 'recognition'), ('disease', 'recognition', 'hybrid'), ('recognition', 'hybrid', 'cnnrandom'), ('hybrid', 'cnnrandom', 'forest')]","['pear', 'fruit', 'horticultural', 'sector', 'renowned', 'adaptability', 'nutritional', 'effect', 'climate', 'change', 'dramatically', 'influencing', 'plant', 'production', 'compel', 'farmer', 'adopt', 'technology', 'data', 'analytics', 'modify', 'adapt', 'crop', 'management', 'practice', 'every', 'plant', 'diseases', 'proven', 'cause', 'economic', 'loss', 'method', 'automate', 'recognition', 'pear', 'disease', 'synergistic', 'combination', 'convolutional', 'neural', 'network', 'cnn', 'random', 'forest', 'meticulously', 'collect', 'annotated', 'dataset', 'contain', 'high-resolution', 'image', 'pear', 'leave', 'disease', 'state', 'compile', 'system', 'exceptional', 'signifies', 'advance', 'agricultural', 'technology', 'cnn', 'module', 'optimise', 'robust', 'feature', 'extraction', 'model', 'recognise', 'intricate', 'pattern', 'textures', 'characteristic', 'pear', 'disease', 'utilise', 'collective', 'intelligence', 'collection', 'decision', 'tree', 'random', 'forest', 'classifier', 'refine', 'classification', 'deep', 'learning-based', 'detection', 'handle', 'pear', 'disease', 'substantial', 'enhancement', 'pear', 'production', 'food', 'security']",pear fruit horticultural sector renowned adaptability nutritional effect climate change dramatically influencing plant production compel farmer adopt technology data analytics modify adapt crop management practice every plant diseases proven cause economic loss method automate recognition pear disease synergistic combination convolutional neural network cnn random forest meticulously collect annotated dataset contain high-resolution image pear leave disease state compile system exceptional signifies advance agricultural technology cnn module optimise robust feature extraction model recognise intricate pattern textures characteristic pear disease utilise collective intelligence collection decision tree random forest classifier refine classification deep learning-based detection handle pear disease substantial enhancement pear production food security,100,198,4,0.4582453,"leaf, diseases, leave, trait, grape","The pear is a key fruit in the horticultural sector, renowned for its adaptability and nutritional value. In recent years, the effects of climate change have increased dramatically. It is influencing all stages of plant production and compelling farmers to adopt new technologies based on data analytics to modify and adapt their crop management practices. Every year, plant diseases are proven to cause significant economic losses. This study introduces a novel method for automating the recognition of pear disease using a synergistic combination of Convolutional Neural Networks (CNN) and Random Forest. A meticulously collected and annotated dataset containing 3,150 high-resolution images of pear leaves in various disease states was compiled. The proposed system's exceptional accuracy of 77.2 signifies a significant advance in agricultural technology. The CNN module is optimised for robust feature extraction, which enables the model to recognise intricate patterns and textures that are characteristic of various pear diseases. Utilising the collective intelligence of a collection of decision trees, a Random Forest classifier is used to refine classification. This study demonstrates the potential of deep learning-based models in the detection and handling of pear disease, which can result in substantial enhancements to pear production and food security.",7,"[{'text': 'Convolutional Neural Networks', 'type': 'SPACY_ORG', 'start': 552, 'end': 581, 'source': 'core_web_sm'}, {'text': 'cnn', 'type': 'ML_TECHNIQUE', 'start': 583, 'end': 586, 'source': 'domain_dictionary'}, {'text': 'random forest', 'type': 'ML_TECHNIQUE', 'start': 592, 'end': 605, 'source': 'domain_dictionary'}, {'text': 'accuracy', 'type': 'METRIC', 'start': 783, 'end': 791, 'source': 'domain_dictionary'}, {'text': 'cnn', 'type': 'ML_TECHNIQUE', 'start': 865, 'end': 868, 'source': 'domain_dictionary'}, {'text': 'feature extraction', 'type': 'ML_TECHNIQUE', 'start': 900, 'end': 918, 'source': 'domain_dictionary'}, {'text': 'random forest', 'type': 'ML_TECHNIQUE', 'start': 1114, 'end': 1127, 'source': 'domain_dictionary'}, {'text': 'classification', 'type': 'ML_TECHNIQUE', 'start': 1157, 'end': 1171, 'source': 'domain_dictionary'}, {'text': 'deep learning', 'type': 'ML_TECHNIQUE', 'start': 1214, 'end': 1227, 'source': 'domain_dictionary'}]",9,0.149812734082397,0.6292134831460675,0.18726591760299627,0.033707865168539325,METHODS,0.7241521128884902,10
WP3CETTV,conferencePaper,2024,"Kaur, Arshleen; Kukreja, Vinay; Rana, Deepak Singh; Garg, Ashish; Sharma, Rishabh",Deep Insights into Mango Scab: An AI-Powered Approach for Detection and Classification,"2024 4th International Conference on Advances in Electrical, Computing, Communication and Sustainable Technologies, ICAECT 2024",10.1109/ICAECT60202.2024.10468676,http://dx.doi.org/10.1109/ICAECT60202.2024.10468676,"The mango, which comes from the plant genus Mangifera indica L., is a fruit crop that is well-regarded all over the world due to its scrumptious flavor and noteworthy nutritional profile. The illness known as mango scab, which is brought on by the fungus Elsinoe mangiferae, is a serious obstacle for the mango business. This disease causes the mango fruit to develop scaly lesions, which in turn results in decreased market value and yield losses. To effectively manage a disease, timely discovery and correct assessment of the severity of the condition are both essential. This study provides a hybrid deep learning (DL) model that combines a Convolutional Neural Network (CNN) for the detection of disease with a Support Vector Machine (SVM) for the categorization of the severity of the disease. The model was trained and tested using a broad dataset of mango photos that included a range of disease severity levels as well as different varieties of mango. The model's performance in illness detection resulted in an overall accuracy of 95.93%, with scores of best precisions of 97.17% and best recall of 96.28%, respectively. When it came to the classification of severity, the SVM classifier was able to achieve an accuracy of 95.93%. These findings provide evidence that the model is capable of precisely identifying the degree of mango scab illness and demonstrating its usefulness in detecting the condition. To provide mango farmers with a flexible instrument, the hybrid method makes use of the capability of CNNs to extract features as well as the SVM's skill in classifying data. This research provides growers with up-to-date information that enables targeted disease management. As a result, mango crop yields are increased, and economic losses are decreased.",2024-01,2026-01-24 00:34:05,2026-01-24 00:34:05,1-5,IEEE,/home/aalejoz25/Zotero/storage/V2TD8KRK/Kaur et al. - 2024 - Deep Insights into Mango Scab An AI-Powered Approach for Detection and Classification.pdf,Deep Learning; Agriculture Technology; Image-based recognition; Mango Crop; Mango Scab Disease; Severity Detection,deep insights into mango scab an aipowered approach for detection and classification,"['deep', 'insights', 'into', 'mango', 'scab', 'an', 'aipowered', 'approach', 'for', 'detection', 'and', 'classification']","['insight', 'mango', 'scab', 'aipowered']",insight mango scab aipowered,"[('insight', 'mango'), ('mango', 'scab'), ('scab', 'aipowered')]",12,86,4,"[('insight', 'mango', 'scab'), ('mango', 'scab', 'aipowered')]","['mango', 'come', 'plant', 'genus', 'mangifera', 'indica', 'fruit', 'crop', 'well-regarded', 'world', 'due', 'scrumptious', 'flavor', 'noteworthy', 'nutritional', 'profile', 'illness', 'know', 'mango', 'scab', 'bring', 'fungus', 'elsinoe', 'mangiferae', 'serious', 'obstacle', 'mango', 'business', 'disease', 'cause', 'mango', 'fruit', 'develop', 'scaly', 'lesion', 'turn', 'market', 'yield', 'loss', 'effectively', 'manage', 'disease', 'timely', 'discovery', 'correct', 'severity', 'condition', 'essential', 'hybrid', 'deep', 'learning', 'model', 'combine', 'convolutional', 'neural', 'network', 'cnn', 'detection', 'disease', 'vector', 'machine', 'svm', 'categorization', 'severity', 'disease', 'model', 'train', 'test', 'broad', 'dataset', 'mango', 'photo', 'range', 'disease', 'severity', 'variety', 'mango', 'model', 'performance', 'illness', 'detection', 'result', 'precision', 'recall', 'come', 'classification', 'severity', 'svm', 'classifier', 'able', 'evidence', 'model', 'capable', 'precisely', 'identify', 'degree', 'mango', 'scab', 'illness', 'demonstrate', 'usefulness', 'detect', 'condition', 'mango', 'farmer', 'flexible', 'instrument', 'hybrid', 'method', 'make', 'capability', 'cnns', 'extract', 'feature', 'svm', 'skill', 'classify', 'data', 'grower', 'up-to-date', 'information', 'target', 'disease', 'management', 'mango', 'crop', 'yield', 'economic', 'loss']",mango come plant genus mangifera indica fruit crop well-regarded world due scrumptious flavor noteworthy nutritional profile illness know mango scab bring fungus elsinoe mangiferae serious obstacle mango business disease cause mango fruit develop scaly lesion turn market yield loss effectively manage disease timely discovery correct severity condition essential hybrid deep learning model combine convolutional neural network cnn detection disease vector machine svm categorization severity disease model train test broad dataset mango photo range disease severity variety mango model performance illness detection result precision recall come classification severity svm classifier able evidence model capable precisely identify degree mango scab illness demonstrate usefulness detect condition mango farmer flexible instrument hybrid method make capability cnns extract feature svm skill classify data grower up-to-date information target disease management mango crop yield economic loss,129,284,2,0.84963554,"plant, model, image, fruit, leaf","The mango, which comes from the plant genus Mangifera indica L., is a fruit crop that is well-regarded all over the world due to its scrumptious flavor and noteworthy nutritional profile. The illness known as mango scab, which is brought on by the fungus Elsinoe mangiferae, is a serious obstacle for the mango business. This disease causes the mango fruit to develop scaly lesions, which in turn results in decreased market value and yield losses. To effectively manage a disease, timely discovery and correct assessment of the severity of the condition are both essential. This study provides a hybrid deep learning (DL) model that combines a Convolutional Neural Network (CNN) for the detection of disease with a Support Vector Machine (SVM) for the categorization of the severity of the disease. The model was trained and tested using a broad dataset of mango photos that included a range of disease severity levels as well as different varieties of mango. The model's performance in illness detection resulted in an overall accuracy of 95.93, with scores of best precisions of 97.17 and best recall of 96.28, respectively. When it came to the classification of severity, the SVM classifier was able to achieve an accuracy of 95.93. These findings provide evidence that the model is capable of precisely identifying the degree of mango scab illness and demonstrating its usefulness in detecting the condition. To provide mango farmers with a flexible instrument, the hybrid method makes use of the capability of CNNs to extract features as well as the SVM's skill in classifying data. This research provides growers with up-to-date information that enables targeted disease management. As a result, mango crop yields are increased, and economic losses are decreased.",7,"[{'text': 'Mangifera', 'type': 'SPACY_GPE', 'start': 44, 'end': 53, 'source': 'core_web_sm'}, {'text': 'Elsinoe', 'type': 'SPACY_PERSON', 'start': 255, 'end': 262, 'source': 'core_web_sm'}, {'text': 'deep learning', 'type': 'ML_TECHNIQUE', 'start': 604, 'end': 617, 'source': 'domain_dictionary'}, {'text': 'Convolutional Neural Network', 'type': 'SPACY_ORG', 'start': 645, 'end': 673, 'source': 'core_web_sm'}, {'text': 'cnn', 'type': 'ML_TECHNIQUE', 'start': 675, 'end': 678, 'source': 'domain_dictionary'}, {'text': 'support vector machine', 'type': 'ML_TECHNIQUE', 'start': 716, 'end': 738, 'source': 'domain_dictionary'}, {'text': 'svm', 'type': 'ML_TECHNIQUE', 'start': 740, 'end': 743, 'source': 'domain_dictionary'}, {'text': 'accuracy', 'type': 'METRIC', 'start': 1029, 'end': 1037, 'source': 'domain_dictionary'}, {'text': 'recall', 'type': 'METRIC', 'start': 1099, 'end': 1105, 'source': 'domain_dictionary'}, {'text': 'classification', 'type': 'ML_TECHNIQUE', 'start': 1151, 'end': 1165, 'source': 'domain_dictionary'}, {'text': 'svm', 'type': 'ML_TECHNIQUE', 'start': 1183, 'end': 1186, 'source': 'domain_dictionary'}, {'text': 'accuracy', 'type': 'METRIC', 'start': 1221, 'end': 1229, 'source': 'domain_dictionary'}, {'text': 'svm', 'type': 'ML_TECHNIQUE', 'start': 1560, 'end': 1563, 'source': 'domain_dictionary'}]",13,0.08450704225352114,0.6084507042253522,0.2816901408450705,0.025352112676056342,METHODS,0.6933342796877394,12
7PV9LMCG,conferencePaper,2025,"Parisae, Veeraswamy; Yushmanth, Divi; Sree, Nallaparaju Mounya; Manyasri, Gokarakonda; Jannu, Chaitanya; Rao, Gudipudi Siva Sankara",Classification and Detection of Apple Leaf Disease Using DenseNet201 and YOLOV8,"Proceedings of the 9th International Conference on Inventive Systems and Control, ICISC 2025",10.1109/ICISC65841.2025.11188291,http://dx.doi.org/10.1109/ICISC65841.2025.11188291,"Globally, plant diseases severely reduce crop output, consequently affecting agricultural productivity. Lots of specialist expertise makes it tough to detect those issues. The usage of leaf pictures, deep learning-primarily based models present interesting answers; despite the fact that, problems including the call for more extensive training sets and computational complexity remain unresolved. We propose a convolutional neural network (CNN) with much less layers to address this, consequently lowering computational load. The training set is expanded using augmentation methods along with shift, shear, scaling, zoom, and flipping without gathering fresh snap shots. Since about half of the world's populace relies upon on agriculture, raising production by way of 50-60 % is absolutely crucial, mainly in areas experiencing fast population growth. Apple crop output in India suffers no matter an increasing location of cultivation yield has hardly ever modified. A chief apple-producing state, Himachal Pradesh, suffers significantly in fruit quality from fungal infections. Our work tackles those issues via the use of YOLO series models for effective disease detection in apples and deep learning models together with pre-trained ones to handle timeliness and accuracy of disease diagnosis is guaranteed through using picture processing and artificial intelligence. This era should rework apple plant disease detection, consequently improving food security all round. Brief intervention facilitates farmers protect their plants and guarantee higher yields, there-fore contributing to the general meals security for the rising world population.",2025-08,2026-01-24 00:34:05,2026-01-24 00:34:05,70-77,IEEE,/home/aalejoz25/Zotero/storage/U2CZ8BHH/Parisae et al. - 2025 - Classification and Detection of Apple Leaf Disease Using DenseNet201 and YOLOV8.pdf,machine learning; image processing; deep learning; classification; Apple diseases; convolutional neu-ral network; disease detection,classification and detection of apple leaf disease using densenet and yolov,"['classification', 'and', 'detection', 'of', 'apple', 'leaf', 'disease', 'using', 'densenet', 'and', 'yolov']","['apple', 'disease', 'densenet', 'yolov']",apple disease densenet yolov,"[('apple', 'disease'), ('disease', 'densenet'), ('densenet', 'yolov')]",11,79,4,"[('apple', 'disease', 'densenet'), ('disease', 'densenet', 'yolov')]","['globally', 'plant', 'disease', 'severely', 'crop', 'output', 'affect', 'agricultural', 'productivity', 'lot', 'specialist', 'expertise', 'make', 'tough', 'detect', 'usage', 'leaf', 'picture', 'deep', 'learning-primarily', 'present', 'interesting', 'answer', 'fact', 'call', 'extensive', 'training', 'computational', 'complexity', 'remain', 'unresolved', 'convolutional', 'neural', 'network', 'cnn', 'much', 'less', 'layer', 'lower', 'computational', 'load', 'training', 'expand', 'augmentation', 'method', 'along', 'shift', 'shear', 'scale', 'zoom', 'flip', 'without', 'gather', 'fresh', 'snap', 'shot', 'since', 'half', 'world', 'populace', 'relies', 'upon', 'agriculture', 'raise', 'production', 'absolutely', 'crucial', 'mainly', 'experience', 'fast', 'population', 'growth', 'apple', 'crop', 'output', 'india', 'suffers', 'matter', 'increase', 'location', 'cultivation', 'yield', 'hardly', 'ever', 'modify', 'chief', 'apple-producing', 'himachal', 'pradesh', 'suffers', 'fruit', 'quality', 'fungal', 'infection', 'tackle', 'via', 'yolo', 'series', 'disease', 'detection', 'apples', 'deep', 'learn', 'together', 'pre-trained', 'one', 'handle', 'timeliness', 'disease', 'diagnosis', 'guarantee', 'picture', 'process', 'artificial', 'intelligence', 'era', 'rework', 'apple', 'plant', 'disease', 'detection', 'improve', 'food', 'security', 'round', 'brief', 'intervention', 'facilitate', 'farmer', 'protect', 'plant', 'guarantee', 'yield', 'there-fore', 'contribute', 'general', 'meal', 'security', 'rise', 'world', 'population']",globally plant disease severely crop output affect agricultural productivity lot specialist expertise make tough detect usage leaf picture deep learning-primarily present interesting answer fact call extensive training computational complexity remain unresolved convolutional neural network cnn much less layer lower computational load training expand augmentation method along shift shear scale zoom flip without gather fresh snap shot since half world populace relies upon agriculture raise production absolutely crucial mainly experience fast population growth apple crop output india suffers matter increase location cultivation yield hardly ever modify chief apple-producing himachal pradesh suffers fruit quality fungal infection tackle via yolo series disease detection apples deep learn together pre-trained one handle timeliness disease diagnosis guarantee picture process artificial intelligence era rework apple plant disease detection improve food security round brief intervention facilitate farmer protect plant guarantee yield there-fore contribute general meal security rise world population,141,231,2,0.3810214,"plant, model, image, fruit, leaf","Globally, plant diseases severely reduce crop output, consequently affecting agricultural productivity. Lots of specialist expertise makes it tough to detect those issues. The usage of leaf pictures, deep learning-primarily based models present interesting answers; despite the fact that, problems including the call for more extensive training sets and computational complexity remain unresolved. We propose a convolutional neural network (CNN) with much less layers to address this, consequently lowering computational load. The training set is expanded using augmentation methods along with shift, shear, scaling, zoom, and flipping without gathering fresh snap shots. Since about half of the world's populace relies upon on agriculture, raising production by way of 50-60  is absolutely crucial, mainly in areas experiencing fast population growth. Apple crop output in India suffers no matter an increasing location of cultivation yield has hardly ever modified. A chief apple-producing state, Himachal Pradesh, suffers significantly in fruit quality from fungal infections. Our work tackles those issues via the use of YOLO series models for effective disease detection in apples and deep learning models together with pre-trained ones to handle timeliness and accuracy of disease diagnosis is guaranteed through using picture processing and artificial intelligence. This era should rework apple plant disease detection, consequently improving food security all round. Brief intervention facilitates farmers protect their plants and guarantee higher yields, there-fore contributing to the general meals security for the rising world population.",7,"[{'text': 'deep learning', 'type': 'ML_TECHNIQUE', 'start': 200, 'end': 213, 'source': 'domain_dictionary'}, {'text': 'neural network', 'type': 'ML_TECHNIQUE', 'start': 425, 'end': 439, 'source': 'domain_dictionary'}, {'text': 'cnn', 'type': 'ML_TECHNIQUE', 'start': 441, 'end': 444, 'source': 'domain_dictionary'}, {'text': 'Apple', 'type': 'SPACY_ORG', 'start': 854, 'end': 859, 'source': 'core_web_sm'}, {'text': 'India', 'type': 'SPACY_GPE', 'start': 875, 'end': 880, 'source': 'core_web_sm'}, {'text': 'Himachal Pradesh', 'type': 'SPACY_ORG', 'start': 1000, 'end': 1016, 'source': 'core_web_sm'}, {'text': 'yolo', 'type': 'ML_MODEL', 'start': 1126, 'end': 1130, 'source': 'domain_dictionary'}, {'text': 'deep learning', 'type': 'ML_TECHNIQUE', 'start': 1191, 'end': 1204, 'source': 'domain_dictionary'}, {'text': 'accuracy', 'type': 'METRIC', 'start': 1268, 'end': 1276, 'source': 'domain_dictionary'}]",9,0.22082018927444796,0.5678233438485805,0.12618296529968454,0.08517350157728708,METHODS,0.8121467152868471,11
IB7P8DAA,conferencePaper,2022,"Chougule, Omkar; Katheria, Devansh; Jain, Kshitiz; Shinde, Shraddha",Tomato Blight Classification Using Transfer Learning and Fine Tuning,2022 2nd Asian Conference on Innovation in Technology (ASIANCON),10.1109/asiancon55314.2022.9908820,http://dx.doi.org/10.1109/ASIANCON55314.2022.9908820,,2022-08,2026-01-24 00:34:05,2026-01-24 00:34:05,1-11,IEEE,/home/aalejoz25/Zotero/storage/FEGEHGHI/Chougule et al. - 2022 - Tomato Blight Classification Using Transfer Learning and Fine Tuning.pdf,,tomato blight classification using transfer learning and fine tuning,"['tomato', 'blight', 'classification', 'using', 'transfer', 'learning', 'and', 'fine', 'tuning']","['tomato', 'blight', 'transfer', 'fine', 'tuning']",tomato blight transfer fine tuning,"[('tomato', 'blight'), ('blight', 'transfer'), ('transfer', 'fine'), ('fine', 'tuning')]",9,68,5,"[('tomato', 'blight', 'transfer'), ('blight', 'transfer', 'fine'), ('transfer', 'fine', 'tuning')]",[],,0,0,,,,,,[],0,0.0,0.0,0.0,0.0,UNKNOWN,0.0,0
NZMLUZEL,conferencePaper,2021,"Praba, R. Dhivya; Vennila, R.; Rohini, G.; Mithila, S.; Kavitha, K.",Foliar Disease Classification in Apple Trees,"2021 International Conference on Advancements in Electrical, Electronics, Communication, Computing and Automation, ICAECA 2021",10.1109/ICAECA52838.2021.9675529,http://dx.doi.org/10.1109/ICAECA52838.2021.9675529,"Apple is commercially the most important temperate fruit and is third among the most widely produced fruits in the world. Jammu and Kashmir are one of the leading apple producers accounting for about 60% of production in our country and Himachal Pradesh apple accounts for about 90% of horticulture production. The diseases like apple scab, apple rust, and brown rot affect apple trees. During wet cool weather between 55- and 75-degrees Fahrenheit in the spring and early summer, the fungal spores are dispersed by wind and rain. Apple scab is the most important disease of apple which results in a 70% yield loss or even more if not managed properly. Currently, crop disease diagnosis mainly relies on farmer scouting, which is time-consuming, expensive, and ineffective due to the difference in diagnosing experience. The proposed method uses Deep Learning algorithms like VGG16, Dense Net121 and ResNetlS to classify images into four classes healthy leaves, apple scab leaves, apple rust leaves, and multiple diseases leaves. Model performance is evaluated by comparing the prediction accuracy and confusion matrix and finds the best model for this classification",2021-10,2026-01-24 00:34:05,2026-01-24 00:34:05,1-5,IEEE,/home/aalejoz25/Zotero/storage/V58S63FN/Praba et al. - 2021 - Foliar Disease Classification in Apple Trees.pdf,VGG16; Apple rust; Apple scab; Dense Netl21; foliar diseases; Plant disease diagnosis; ResNetl8,foliar disease classification in apple trees,"['foliar', 'disease', 'classification', 'in', 'apple', 'trees']","['foliar', 'disease', 'apple', 'tree']",foliar disease apple tree,"[('foliar', 'disease'), ('disease', 'apple'), ('apple', 'tree')]",6,44,4,"[('foliar', 'disease', 'apple'), ('disease', 'apple', 'tree')]","['apple', 'commercially', 'temperate', 'fruit', 'among', 'widely', 'produce', 'fruit', 'world', 'jammu', 'kashmir', 'one', 'lead', 'apple', 'producer', 'account', 'production', 'country', 'himachal', 'pradesh', 'apple', 'account', 'horticulture', 'production', 'disease', 'like', 'apple', 'scab', 'apple', 'rust', 'brown', 'rot', 'affect', 'apple', 'tree', 'wet', 'cool', 'weather', 'degree', 'fahrenheit', 'spring', 'summer', 'fungal', 'spore', 'disperse', 'wind', 'rain', 'apple', 'scab', 'disease', 'apple', 'yield', 'loss', 'even', 'manage', 'properly', 'currently', 'crop', 'disease', 'diagnosis', 'mainly', 'rely', 'farmer', 'scout', 'time-consuming', 'expensive', 'ineffective', 'due', 'difference', 'diagnose', 'experience', 'method', 'deep', 'learn', 'algorithm', 'like', 'vgg16', 'dense', 'net121', 'resnetls', 'classify', 'image', 'four', 'class', 'healthy', 'leave', 'apple', 'scab', 'leave', 'apple', 'rust', 'leave', 'diseases', 'leaf', 'model', 'performance', 'evaluate', 'prediction', 'confusion', 'matrix', 'model', 'classification']",apple commercially temperate fruit among widely produce fruit world jammu kashmir one lead apple producer account production country himachal pradesh apple account horticulture production disease like apple scab apple rust brown rot affect apple tree wet cool weather degree fahrenheit spring summer fungal spore disperse wind rain apple scab disease apple yield loss even manage properly currently crop disease diagnosis mainly rely farmer scout time-consuming expensive ineffective due difference diagnose experience method deep learn algorithm like vgg16 dense net121 resnetls classify image four class healthy leave apple scab leave apple rust leave diseases leaf model performance evaluate prediction confusion matrix model classification,102,183,4,0.50025755,"leaf, diseases, leave, trait, grape","Apple is commercially the most important temperate fruit and is third among the most widely produced fruits in the world. Jammu and Kashmir are one of the leading apple producers accounting for about 60 of production in our country and Himachal Pradesh apple accounts for about 90 of horticulture production. The diseases like apple scab, apple rust, and brown rot affect apple trees. During wet cool weather between 55- and 75-degrees Fahrenheit in the spring and early summer, the fungal spores are dispersed by wind and rain. Apple scab is the most important disease of apple which results in a 70 yield loss or even more if not managed properly. Currently, crop disease diagnosis mainly relies on farmer scouting, which is time-consuming, expensive, and ineffective due to the difference in diagnosing experience. The proposed method uses Deep Learning algorithms like VGG16, Dense Net121 and ResNetlS to classify images into four classes healthy leaves, apple scab leaves, apple rust leaves, and multiple diseases leaves. Model performance is evaluated by comparing the prediction accuracy and confusion matrix and finds the best model for this classification",7,"[{'text': 'Apple', 'type': 'SPACY_ORG', 'start': 0, 'end': 5, 'source': 'core_web_sm'}, {'text': 'Jammu', 'type': 'SPACY_GPE', 'start': 122, 'end': 127, 'source': 'core_web_sm'}, {'text': 'Himachal Pradesh', 'type': 'SPACY_ORG', 'start': 237, 'end': 253, 'source': 'core_web_sm'}, {'text': 'rust', 'type': 'DISEASE', 'start': 347, 'end': 351, 'source': 'domain_dictionary'}, {'text': 'Fahrenheit', 'type': 'SPACY_GPE', 'start': 438, 'end': 448, 'source': 'core_web_sm'}, {'text': 'Apple', 'type': 'SPACY_ORG', 'start': 531, 'end': 536, 'source': 'core_web_sm'}, {'text': 'deep learning', 'type': 'ML_TECHNIQUE', 'start': 846, 'end': 859, 'source': 'domain_dictionary'}, {'text': 'vgg16', 'type': 'ML_MODEL', 'start': 876, 'end': 881, 'source': 'domain_dictionary'}, {'text': 'ResNetlS', 'type': 'SPACY_GPE', 'start': 900, 'end': 908, 'source': 'core_web_sm'}, {'text': 'rust', 'type': 'DISEASE', 'start': 987, 'end': 991, 'source': 'domain_dictionary'}, {'text': 'accuracy', 'type': 'METRIC', 'start': 1089, 'end': 1097, 'source': 'domain_dictionary'}, {'text': 'confusion matrix', 'type': 'METRIC', 'start': 1102, 'end': 1118, 'source': 'domain_dictionary'}, {'text': 'classification', 'type': 'ML_TECHNIQUE', 'start': 1153, 'end': 1167, 'source': 'domain_dictionary'}]",13,0.15151515151515152,0.5454545454545454,0.30303030303030304,0.0,METHODS,0.7057187041708216,8
TMDF3VTI,conferencePaper,2018,"Pawar, Rashmi; Jadhav, Ambaji",Pomogranite disease detection and classification,"IEEE International Conference on Power, Control, Signals and Instrumentation Engineering, ICPCSI 2017",10.1109/ICPCSI.2017.8392162,http://dx.doi.org/10.1109/ICPCSI.2017.8392162,"In country like India, agriculture is the backbone of the overall GDP. Horticulture has become one of the important source of economy for the country and even the farmers. Formers will face much losses because of the not identifying the diseases at early stage. Relying on pure naked-eye observation to detect and classify diseases can be expensive for various plant diseases such as Pomegranate. It poses a great threat to the agricultural sector by reducing the life of the plants. In Agriculture field also image processing plays a very important role in identifying any disease of the plant or in grading of the quality of the fruit. Identification of the plant diseases is the key to preventing the losses in the yield and quantity of the agricultural product. The studies of the plant diseases mean the studies of visually observable patterns seen on the plant. Health monitoring and disease detection on plant is very critical for sustainable agriculture. It is very difficult to monitor the plant diseases manually. In this paper, we have implemented the methods for the detection of Pomegranate plant diseases using the images of the leaves.",2018-09,2026-01-24 00:34:05,2026-01-24 00:34:05,2475-2479,IEEE,/home/aalejoz25/Zotero/storage/GRB3URTD/Pawar and Jadhav - 2018 - Pomogranite disease detection and classification.pdf,feature extraction; image acquisition; image pre-processing; image segmentation,pomogranite disease detection and classification,"['pomogranite', 'disease', 'detection', 'and', 'classification']","['pomogranite', 'disease']",pomogranite disease,"[('pomogranite', 'disease')]",5,48,2,[],"['country', 'like', 'india', 'agriculture', 'backbone', 'gdp', 'horticulture', 'become', 'one', 'source', 'economy', 'country', 'even', 'farmer', 'former', 'face', 'much', 'loss', 'identify', 'disease', 'rely', 'pure', 'naked-eye', 'observation', 'detect', 'classify', 'disease', 'expensive', 'plant', 'disease', 'pomegranate', 'pose', 'great', 'threat', 'agricultural', 'sector', 'reduce', 'life', 'plant', 'agriculture', 'image', 'processing', 'play', 'role', 'identify', 'disease', 'plant', 'grade', 'quality', 'fruit', 'identification', 'plant', 'diseases', 'prevent', 'loss', 'yield', 'quantity', 'agricultural', 'product', 'study', 'plant', 'disease', 'mean', 'study', 'visually', 'observable', 'pattern', 'see', 'plant', 'health', 'monitor', 'disease', 'detection', 'plant', 'sustainable', 'agriculture', 'difficult', 'monitor', 'plant', 'diseases', 'manually', 'implement', 'method', 'detection', 'pomegranate', 'plant', 'disease', 'image', 'leaf']",country like india agriculture backbone gdp horticulture become one source economy country even farmer former face much loss identify disease rely pure naked-eye observation detect classify disease expensive plant disease pomegranate pose great threat agricultural sector reduce life plant agriculture image processing play role identify disease plant grade quality fruit identification plant diseases prevent loss yield quantity agricultural product study plant disease mean study visually observable pattern see plant health monitor disease detection plant sustainable agriculture difficult monitor plant diseases manually implement method detection pomegranate plant disease image leaf,89,189,2,0.7677825,"plant, model, image, fruit, leaf","In country like India, agriculture is the backbone of the overall GDP. Horticulture has become one of the important source of economy for the country and even the farmers. Formers will face much losses because of the not identifying the diseases at early stage. Relying on pure naked-eye observation to detect and classify diseases can be expensive for various plant diseases such as Pomegranate. It poses a great threat to the agricultural sector by reducing the life of the plants. In Agriculture field also image processing plays a very important role in identifying any disease of the plant or in grading of the quality of the fruit. Identification of the plant diseases is the key to preventing the losses in the yield and quantity of the agricultural product. The studies of the plant diseases mean the studies of visually observable patterns seen on the plant. Health monitoring and disease detection on plant is very critical for sustainable agriculture. It is very difficult to monitor the plant diseases manually. In this paper, we have implemented the methods for the detection of Pomegranate plant diseases using the images of the leaves.",3,"[{'text': 'India', 'type': 'SPACY_GPE', 'start': 16, 'end': 21, 'source': 'core_web_sm'}, {'text': 'Pomegranate', 'type': 'SPACY_PERSON', 'start': 384, 'end': 395, 'source': 'core_web_sm'}]",2,0.5,0.19999999999999998,0.0,0.3,INTRODUCTION,0.742737648397263,11
A2E6YDUK,journalArticle,2019,"Chavan, Madhukar S.",Diagnosis of plant diseases using artificial neural network,International Journal of Innovative Technology and Exploring Engineering,10.35940/ijitee.J9802.0981119,http://dx.doi.org/10.35940/ijitee.J9802.0981119,"Pomegranate is one of India's most commonly cultivated fruit crops. manual expert observations are being used to detect leaf diseases that take longer time for further prevention. Fruit diseases are causing devastating disadvantages in worldwide agricultural business economic losses in production in this journal, the answer is proposed and valid by experiment for the identification and classification of fruit disorders. The objective of proposed work is to analyze the illness utilizing picture preparing and artificial intelligence techniques on pictures of pomegranate plant leaf. In the proposed framework, pomegranate leaf picture with complex foundation is taken as input. Then pomegranate leaf ailment division is finished utilizing K-means clustering. The infected segment from portioned pictures is recognized. Best results have been seen when neural networks with a RBFN is used for a classification.",2019-09,2026-01-24 00:34:05,2026-01-24 00:34:05,1464-1467,Blue Eyes Intelligence Engineering and Sciences Engineering and Sciences Publication - BEIESP,/home/aalejoz25/Zotero/storage/7R66AKR6/Chavan - 2019 - Diagnosis of plant diseases using artificial neural network.pdf,Image processing; K-means clustering and feature extraction; Segmentation,diagnosis of plant diseases using artificial neural network,"['diagnosis', 'of', 'plant', 'diseases', 'using', 'artificial', 'neural', 'network']","['diagnosis', 'disease']",diagnosis disease,"[('diagnosis', 'disease')]",8,59,2,[],"['pomegranate', 'one', 'india', 'commonly', 'cultivate', 'fruit', 'crop', 'manual', 'expert', 'observation', 'detect', 'leaf', 'disease', 'take', 'long', 'prevention', 'fruit', 'diseases', 'cause', 'devastate', 'worldwide', 'agricultural', 'business', 'economic', 'loss', 'production', 'journal', 'answer', 'valid', 'identification', 'classification', 'fruit', 'disorder', 'analyze', 'illness', 'utilizing', 'picture', 'prepare', 'artificial', 'intelligence', 'picture', 'pomegranate', 'plant', 'leaf', 'pomegranate', 'leaf', 'picture', 'foundation', 'take', 'input', 'pomegranate', 'leaf', 'ailment', 'division', 'finish', 'utilizing', 'k-means', 'cluster', 'infected', 'segment', 'portion', 'picture', 'recognize', 'see', 'neural', 'network', 'rbfn', 'classification']",pomegranate one india commonly cultivate fruit crop manual expert observation detect leaf disease take long prevention fruit diseases cause devastate worldwide agricultural business economic loss production journal answer valid identification classification fruit disorder analyze illness utilizing picture prepare artificial intelligence picture pomegranate plant leaf pomegranate leaf picture foundation take input pomegranate leaf ailment division finish utilizing k-means cluster infected segment portion picture recognize see neural network rbfn classification,68,131,2,0.5146084,"plant, model, image, fruit, leaf","Pomegranate is one of India's most commonly cultivated fruit crops. manual expert observations are being used to detect leaf diseases that take longer time for further prevention. Fruit diseases are causing devastating disadvantages in worldwide agricultural business economic losses in production in this journal, the answer is proposed and valid by experiment for the identification and classification of fruit disorders. The objective of proposed work is to analyze the illness utilizing picture preparing and artificial intelligence techniques on pictures of pomegranate plant leaf. In the proposed framework, pomegranate leaf picture with complex foundation is taken as input. Then pomegranate leaf ailment division is finished utilizing K-means clustering. The infected segment from portioned pictures is recognized. Best results have been seen when neural networks with a RBFN is used for a classification.",3,"[{'text': 'India', 'type': 'SPACY_GPE', 'start': 22, 'end': 27, 'source': 'core_web_sm'}, {'text': 'classification', 'type': 'ML_TECHNIQUE', 'start': 389, 'end': 403, 'source': 'domain_dictionary'}, {'text': 'k-means', 'type': 'ML_TECHNIQUE', 'start': 743, 'end': 750, 'source': 'domain_dictionary'}, {'text': 'clustering', 'type': 'ML_TECHNIQUE', 'start': 751, 'end': 761, 'source': 'domain_dictionary'}, {'text': 'RBFN', 'type': 'SPACY_ORG', 'start': 879, 'end': 883, 'source': 'core_web_sm'}, {'text': 'classification', 'type': 'ML_TECHNIQUE', 'start': 898, 'end': 912, 'source': 'domain_dictionary'}]",6,0.20833333333333334,0.5,0.10416666666666667,0.1875,METHODS,0.8820922245137163,8
9E76W6GT,conferencePaper,2022,"Palei, Shantilata; Behera, Santi Kumari; Sethy, Prabira Kumar",A Systematic Review of Citrus Disease Perceptions and Fruit Grading Using Machine Vision,Procedia Computer Science,10.1016/j.procs.2023.01.225,http://dx.doi.org/10.1016/j.procs.2023.01.225,"Citrus is one of the most commonly farmed and popular fruit crops globally. Citrus fruits are high in vitamins, minerals, and dietary fibre, which are essential for overall health. Oranges are the most widely traded citrus fruit, accounting for more than half of global citrus production. Tangerines, lemons, and mandarins are the next most commonly farmed varieties. Citrus production and export have steadily expanded over the previous three decades, though slower than competing items like mangoes, avocados, and melons. The production of citrus fruit is heavily hampered due to diseases in its growth stages. Again, the diseases not only appear in leaves but also in fruits. So, the quality of fruits is degraded due to the appearance of flaws. The citrus fruits are graded in two ways: first based on their skin tone and second on their size. So, there is a requirement to assess citrus diseases to avoid the degradation of production. Further, there is a need to grade citrus fruit to make easy packaging concerning its quality; so that the proper values of Citrus fruits be generated. This article studied and analysed different methodologies reported for citrus disease prediction and grading of citrus fruit in the postharvest stage based on machine vision between 2010 and 2021. This paper outlines the current achievements, limitations, and suggestions for future research on citrus diseases and their fruit grading.",2022,2026-01-24 00:34:05,2026-01-24 00:34:05,2504-2519,Elsevier BV,/home/aalejoz25/Zotero/storage/WWIEKCIY/Palei et al. - 2022 - A Systematic Review of Citrus Disease Perceptions and Fruit Grading Using Machine Vision.pdf,Feature extraction; Classification; Citrus disease detection; Citrus Fruit Grading; Machine vision,a systematic review of citrus disease perceptions and fruit grading using machine vision,"['a', 'systematic', 'review', 'of', 'citrus', 'disease', 'perceptions', 'and', 'fruit', 'grading', 'using', 'machine', 'vision']","['citrus', 'disease', 'perception', 'fruit', 'grading']",citrus disease perception fruit grading,"[('citrus', 'disease'), ('disease', 'perception'), ('perception', 'fruit'), ('fruit', 'grading')]",13,88,5,"[('citrus', 'disease', 'perception'), ('disease', 'perception', 'fruit'), ('perception', 'fruit', 'grading')]","['citrus', 'one', 'commonly', 'farm', 'popular', 'fruit', 'crop', 'globally', 'citrus', 'fruit', 'vitamin', 'mineral', 'dietary', 'fibre', 'essential', 'health', 'orange', 'widely', 'trade', 'citrus', 'fruit', 'accounting', 'half', 'global', 'citrus', 'production', 'tangerine', 'lemon', 'mandarin', 'next', 'commonly', 'farm', 'variety', 'citrus', 'production', 'export', 'steadily', 'expand', 'three', 'slow', 'compete', 'item', 'like', 'mango', 'avocados', 'melon', 'production', 'citrus', 'fruit', 'heavily', 'hamper', 'due', 'disease', 'growth', 'diseases', 'appear', 'leave', 'fruit', 'quality', 'fruit', 'degrade', 'due', 'appearance', 'flaw', 'citrus', 'fruit', 'grade', 'two', 'skin', 'tone', 'size', 'requirement', 'assess', 'citrus', 'diseases', 'avoid', 'degradation', 'production', 'grade', 'citrus', 'fruit', 'make', 'easy', 'packaging', 'concern', 'quality', 'proper', 'citrus', 'fruit', 'generate', 'studied', 'analysed', 'citrus', 'disease', 'prediction', 'grade', 'citrus', 'fruit', 'postharvest', 'machine', 'vision', 'outline', 'achievement', 'suggestion', 'citrus', 'disease', 'fruit', 'grade']",citrus one commonly farm popular fruit crop globally citrus fruit vitamin mineral dietary fibre essential health orange widely trade citrus fruit accounting half global citrus production tangerine lemon mandarin next commonly farm variety citrus production export steadily expand three slow compete item like mango avocados melon production citrus fruit heavily hamper due disease growth diseases appear leave fruit quality fruit degrade due appearance flaw citrus fruit grade two skin tone size requirement assess citrus diseases avoid degradation production grade citrus fruit make easy packaging concern quality proper citrus fruit generate studied analysed citrus disease prediction grade citrus fruit postharvest machine vision outline achievement suggestion citrus disease fruit grade,108,227,4,0.69260514,"leaf, diseases, leave, trait, grape","Citrus is one of the most commonly farmed and popular fruit crops globally. Citrus fruits are high in vitamins, minerals, and dietary fibre, which are essential for overall health. Oranges are the most widely traded citrus fruit, accounting for more than half of global citrus production. Tangerines, lemons, and mandarins are the next most commonly farmed varieties. Citrus production and export have steadily expanded over the previous three decades, though slower than competing items like mangoes, avocados, and melons. The production of citrus fruit is heavily hampered due to diseases in its growth stages. Again, the diseases not only appear in leaves but also in fruits. So, the quality of fruits is degraded due to the appearance of flaws. The citrus fruits are graded in two ways: first based on their skin tone and second on their size. So, there is a requirement to assess citrus diseases to avoid the degradation of production. Further, there is a need to grade citrus fruit to make easy packaging concerning its quality; so that the proper values of Citrus fruits be generated. This article studied and analysed different methodologies reported for citrus disease prediction and grading of citrus fruit in the postharvest stage based on machine vision between 2010 and 2021. This paper outlines the current achievements, limitations, and suggestions for future research on citrus diseases and their fruit grading.",1,"[{'text': 'size', 'type': 'QUALITY_ATTRIBUTE', 'start': 842, 'end': 846, 'source': 'domain_dictionary'}, {'text': 'Citrus', 'type': 'SPACY_GPE', 'start': 1064, 'end': 1070, 'source': 'core_web_sm'}]",2,0.13793103448275862,0.41379310344827586,0.13793103448275862,0.3103448275862069,METHODS,0.9195271348332696,13
QLRACLUD,bookSection,2021,"Kumar, Sandeep; Meena, Ram Swaroop; Sheoran, Seema; Jangir, Chetan Kumar; Jhariya, Manoj Kumar; Banerjee, Arnab; Raj, Abhishek",Remote sensing for agriculture and resource management,Natural Resources Conservation and Advances for Sustainability,10.1016/B978-0-12-822976-7.00012-0,http://dx.doi.org/10.1016/B978-0-12-822976-7.00012-0,"Exploitation of the infinitive natural resources is an alarming issue on the plate. Therefore, estimation and swift observation of the natural resources is a need of the hour. Geospatial technological development is playing an important role to collect the information from the targeted objectives. Geospatial technological is helpful to analyze the natural resources viz., land, water, air, energy, nutrients, forest, watershed, etc. for policy and planning toward their conservation in order to achieve food, nutritional, environmental, and economic security. Agriculture is a key sector on the planet for exploitation and interfere the natural resources. For collecting reliable and timely information about the nature, the extent and geographical boundaries, temporal behavior of natural resources is the first step in the way of their monitoring, management and efficient use of them in the agriculture. Remote sensing (RS) has emerged as a powerful geospatial tool for the identification, characterization, and land marking of these resources over a larger surface area in agricultural system. It provides valuable, accurate and timely information in high spatial and spectral resolutions about the agricultural urbanization, crop use patterns, soil, water, watersheds, desertification, agroforestry, rangelands, and climatic variations and their impact on agriculture. In crop production, RS provides the spatial information of crop type and area estimation followed by assessing the yield potential, ecosystem health and proper management of insect-diseases and weeds based on the spectral reflectance of the object by using modeling and vegetative indices. Moreover, RS has a potential to study the soil system like soil characteristics, types, spatial variability, assessment of land suitability, land capability, carbon dynamics, soil moisture, land use/land cover change, soil degradation, erosion identification, and remediation for agriculture applications. RS helps to generate a precise database in short time from the field. Predication for the advance planning, yield estimation of the covering areas, crop sections, drought management help in policymaking for the better production and reduce the risk from the aberrant weather conditions. It helps in proper use and sustainable management of the costly resources in agriculture. This chapter extensively discusses the potential of RS in management of agriculture and natural resources in a sustainable manner. In this context, in India, several programs/projects such as FASAL, CAPE, NNRMS, NADAMS, IMSD, CHAMAN, etc. are effectively running for management of agricultural system in one and another way. In this context, this chapter is useful for the policymaker students, scientists, producers for the agroecosystems management and promote the advance food and environmental security targeted as one of the United National Sustainable Development Goals.",2021,2026-01-24 00:34:05,2026-01-24 00:34:05,91-135,Elsevier,/home/aalejoz25/Zotero/storage/63JARLCR/Kumar et al. - 2021 - Remote sensing for agriculture and resource management.pdf,Remote sensing; Agriculture; Crop health; Natural resource; Precision management; Satellite; Spectral reflectance,remote sensing for agriculture and resource management,"['remote', 'sensing', 'for', 'agriculture', 'and', 'resource', 'management']","['remote', 'sensing', 'resource', 'management']",remote sensing resource management,"[('remote', 'sensing'), ('sensing', 'resource'), ('resource', 'management')]",7,54,4,"[('remote', 'sensing', 'resource'), ('sensing', 'resource', 'management')]","['exploitation', 'infinitive', 'natural', 'resource', 'alarm', 'plate', 'estimation', 'swift', 'observation', 'natural', 'resource', 'hour', 'geospatial', 'technological', 'development', 'play', 'role', 'collect', 'information', 'target', 'geospatial', 'technological', 'helpful', 'analyze', 'natural', 'resource', 'viz', 'land', 'water', 'air', 'energy', 'nutrient', 'forest', 'watershed', 'etc', 'policy', 'plan', 'toward', 'conservation', 'order', 'food', 'nutritional', 'environmental', 'economic', 'security', 'agriculture', 'sector', 'planet', 'exploitation', 'interfere', 'natural', 'resource', 'collect', 'reliable', 'timely', 'information', 'nature', 'extent', 'geographical', 'boundary', 'temporal', 'behavior', 'natural', 'resource', 'monitor', 'management', 'agriculture', 'remote', 'sense', 'emerge', 'powerful', 'geospatial', 'tool', 'identification', 'characterization', 'land', 'mark', 'resource', 'large', 'surface', 'agricultural', 'system', 'valuable', 'accurate', 'timely', 'information', 'spatial', 'spectral', 'resolution', 'agricultural', 'urbanization', 'crop', 'pattern', 'soil', 'water', 'watershed', 'desertification', 'agroforestry', 'rangelands', 'climatic', 'variation', 'impact', 'agriculture', 'crop', 'production', 'spatial', 'information', 'crop', 'estimation', 'follow', 'assessing', 'yield', 'ecosystem', 'health', 'proper', 'management', 'insect-diseases', 'weed', 'spectral', 'reflectance', 'object', 'model', 'vegetative', 'index', 'soil', 'system', 'like', 'soil', 'characteristic', 'spatial', 'variability', 'land', 'suitability', 'land', 'capability', 'carbon', 'dynamic', 'soil', 'moisture', 'land', 'land', 'cover', 'change', 'soil', 'degradation', 'erosion', 'identification', 'remediation', 'agriculture', 'application', 'help', 'generate', 'precise', 'database', 'short', 'predication', 'advance', 'planning', 'yield', 'estimation', 'cover', 'crop', 'section', 'drought', 'management', 'help', 'policymaking', 'production', 'risk', 'aberrant', 'weather', 'condition', 'help', 'proper', 'sustainable', 'management', 'costly', 'resource', 'agriculture', 'chapter', 'extensively', 'management', 'agriculture', 'natural', 'resource', 'sustainable', 'manner', 'india', 'program', 'project', 'fasal', 'cape', 'nnrms', 'nadams', 'imsd', 'chaman', 'etc', 'effectively', 'run', 'management', 'agricultural', 'system', 'one', 'another', 'chapter', 'useful', 'policymaker', 'student', 'scientist', 'producer', 'agroecosystems', 'management', 'promote', 'advance', 'food', 'environmental', 'security', 'target', 'one', 'united', 'national', 'sustainable', 'development']",exploitation infinitive natural resource alarm plate estimation swift observation natural resource hour geospatial technological development play role collect information target geospatial technological helpful analyze natural resource viz land water air energy nutrient forest watershed etc policy plan toward conservation order food nutritional environmental economic security agriculture sector planet exploitation interfere natural resource collect reliable timely information nature extent geographical boundary temporal behavior natural resource monitor management agriculture remote sense emerge powerful geospatial tool identification characterization land mark resource large surface agricultural system valuable accurate timely information spatial spectral resolution agricultural urbanization crop pattern soil water watershed desertification agroforestry rangelands climatic variation impact agriculture crop production spatial information crop estimation follow assessing yield ecosystem health proper management insect-diseases weed spectral reflectance object model vegetative index soil system like soil characteristic spatial variability land suitability land capability carbon dynamic soil moisture land land cover change soil degradation erosion identification remediation agriculture application help generate precise database short predication advance planning yield estimation cover crop section drought management help policymaking production risk aberrant weather condition help proper sustainable management costly resource agriculture chapter extensively management agriculture natural resource sustainable manner india program project fasal cape nnrms nadams imsd chaman etc effectively run management agricultural system one another chapter useful policymaker student scientist producer agroecosystems management promote advance food environmental security target one united national sustainable development,223,417,3,0.5188252,"soil, data, management, technology, enhance","Exploitation of the infinitive natural resources is an alarming issue on the plate. Therefore, estimation and swift observation of the natural resources is a need of the hour. Geospatial technological development is playing an important role to collect the information from the targeted objectives. Geospatial technological is helpful to analyze the natural resources viz., land, water, air, energy, nutrients, forest, watershed, etc. for policy and planning toward their conservation in order to achieve food, nutritional, environmental, and economic security. Agriculture is a key sector on the planet for exploitation and interfere the natural resources. For collecting reliable and timely information about the nature, the extent and geographical boundaries, temporal behavior of natural resources is the first step in the way of their monitoring, management and efficient use of them in the agriculture. Remote sensing (RS) has emerged as a powerful geospatial tool for the identification, characterization, and land marking of these resources over a larger surface area in agricultural system. It provides valuable, accurate and timely information in high spatial and spectral resolutions about the agricultural urbanization, crop use patterns, soil, water, watersheds, desertification, agroforestry, rangelands, and climatic variations and their impact on agriculture. In crop production, RS provides the spatial information of crop type and area estimation followed by assessing the yield potential, ecosystem health and proper management of insect-diseases and weeds based on the spectral reflectance of the object by using modeling and vegetative indices. Moreover, RS has a potential to study the soil system like soil characteristics, types, spatial variability, assessment of land suitability, land capability, carbon dynamics, soil moisture, land useland cover change, soil degradation, erosion identification, and remediation for agriculture applications. RS helps to generate a precise database in short time from the field. Predication for the advance planning, yield estimation of the covering areas, crop sections, drought management help in policymaking for the better production and reduce the risk from the aberrant weather conditions. It helps in proper use and sustainable management of the costly resources in agriculture. This chapter extensively discusses the potential of RS in management of agriculture and natural resources in a sustainable manner. In this context, in India, several programsprojects such as FASAL, CAPE, NNRMS, NADAMS, IMSD, CHAMAN, etc. are effectively running for management of agricultural system in one and another way. In this context, this chapter is useful for the policymaker students, scientists, producers for the agroecosystems management and promote the advance food and environmental security targeted as one of the United National Sustainable Development Goals.",8,"[{'text': 'remote sensing', 'type': 'SENSING_TECHNOLOGY', 'start': 909, 'end': 923, 'source': 'domain_dictionary'}, {'text': 'India', 'type': 'SPACY_GPE', 'start': 2500, 'end': 2505, 'source': 'core_web_sm'}, {'text': 'FASAL', 'type': 'SPACY_ORG', 'start': 2541, 'end': 2546, 'source': 'core_web_sm'}, {'text': 'NNRMS', 'type': 'SPACY_ORG', 'start': 2554, 'end': 2559, 'source': 'core_web_sm'}, {'text': 'NADAMS', 'type': 'SPACY_ORG', 'start': 2561, 'end': 2567, 'source': 'core_web_sm'}, {'text': 'IMSD', 'type': 'SPACY_ORG', 'start': 2569, 'end': 2573, 'source': 'core_web_sm'}, {'text': 'CHAMAN', 'type': 'SPACY_ORG', 'start': 2575, 'end': 2581, 'source': 'core_web_sm'}, {'text': 'the United National Sustainable Development Goals', 'type': 'SPACY_ORG', 'start': 2875, 'end': 2924, 'source': 'core_web_sm'}]",8,0.07352941176470588,0.4411764705882353,0.22058823529411764,0.2647058823529412,METHODS,0.8931551901691177,16
CW77UJFN,bookSection,2023,"Parthiban, Swetha; Moorthy, Sneha; Sabanayagam, Sribalaji; Shanmugasundaram, Shobana; Naganathan, Athishwaran; Annamalai, Mohan; Balasubramanian, Sabitha",Deep Learning Based Recognition of Plant Diseases,Computer Vision and Machine Intelligence Paradigms for SDGs,10.1007/978-981-19-7169-3_8,http://dx.doi.org/10.1007/978-981-19-7169-3_8,,2023,2026-01-24 00:34:05,2026-01-24 00:34:05,83-93,Springer Nature Singapore,/home/aalejoz25/Zotero/storage/9LCE7B5Q/Parthiban et al. - 2023 - Deep Learning Based Recognition of Plant Diseases.pdf,,deep learning based recognition of plant diseases,"['deep', 'learning', 'based', 'recognition', 'of', 'plant', 'diseases']","['recognition', 'disease']",recognition disease,"[('recognition', 'disease')]",7,49,2,[],[],,0,0,,,,,,[],0,0.0,0.0,0.0,0.0,UNKNOWN,0.0,0
NZFN9BLY,journalArticle,2019,"Chang, Young K.; Mahmud, Md Sultan; Shin, Jaemyung; Nguyen-Quang, Tri; Price, Gordon W.; Prithiviraj, Balakrishnan",Comparison of Image Texture Based Supervised Learning Classifiers for Strawberry Powdery Mildew Detection,AgriEngineering,10.3390/agriengineering1030032,http://dx.doi.org/10.3390/agriengineering1030032,"Strawberry is an important fruit crop in Canada but powdery mildew (PM) results in about 30–70% yield loss. Detection of PM through an image texture-based system is beneficial, as it identifies the symptoms at an earlier stage and reduces labour intensive manual monitoring of crop fields. This paper presents an image texture-based disease detection algorithm using supervised classifiers. Three sites were selected to collect the leaf image data in Great Village, Nova Scotia, Canada. Images were taken under an artificial cloud condition with a Digital Single Lens Reflex (DSLR) camera as red-green-blue (RGB) raw data throughout 2017–2018 summer. Three supervised classifiers, including artificial neural networks (ANN), support vector machine (SVM), and k-nearest neighbors (kNN) were evaluated for disease detection. A total of 40 textural features were extracted using a colour co-occurrence matrix (CCM). The collected feature data were normalized, then used for training and internal, external and cross-validations of developed classifiers. Results of this study revealed that the highest overall classification accuracy was 93.81% using the ANN classifier and lowest overall accuracy was 78.80% using the kNN classifier. Results identified the ANN classifier disease detection having a lower Root Mean Square Error (RMSE) = 0.004 and Mean Absolute Error (MAE) = 0.003 values with 99.99% of accuracy during internal validation and 87.41%, 88.95% and 95.04% of accuracies during external validations with three different fields. Overall results demonstrated that an image texture-based ANN classifier was able to classify PM disease more accurately at early stages of disease development.",2019-09,2026-01-24 00:34:05,2026-01-24 00:34:05,434-452,MDPI AG,/home/aalejoz25/Zotero/storage/VPFVHP7N/Chang et al. - 2019 - Comparison of Image Texture Based Supervised Learning Classifiers for Strawberry Powdery Mildew Dete.pdf,image processing; artificial neural network; colour co-occurrence matrix; k-nearest neighbors; support vector machine,comparison of image texture based supervised learning classifiers for strawberry powdery mildew detection,"['comparison', 'of', 'image', 'texture', 'based', 'supervised', 'learning', 'classifiers', 'for', 'strawberry', 'powdery', 'mildew', 'detection']","['comparison', 'texture', 'supervised', 'classifier', 'strawberry', 'powdery', 'mildew']",comparison texture supervised classifier strawberry powdery mildew,"[('comparison', 'texture'), ('texture', 'supervised'), ('supervised', 'classifier'), ('classifier', 'strawberry'), ('strawberry', 'powdery'), ('powdery', 'mildew')]",13,105,7,"[('comparison', 'texture', 'supervised'), ('texture', 'supervised', 'classifier'), ('supervised', 'classifier', 'strawberry'), ('classifier', 'strawberry', 'powdery'), ('strawberry', 'powdery', 'mildew')]","['strawberry', 'fruit', 'crop', 'canada', 'powdery', 'mildew', 'yield', 'loss', 'detection', 'image', 'texture-based', 'system', 'beneficial', 'identifies', 'symptoms', 'labour', 'intensive', 'manual', 'monitoring', 'crop', 'image', 'texture-based', 'disease', 'detection', 'algorithm', 'supervise', 'classifier', 'three', 'site', 'select', 'collect', 'leaf', 'image', 'data', 'great', 'village', 'nova', 'scotia', 'canada', 'image', 'take', 'artificial', 'cloud', 'condition', 'digital', 'single', 'lens', 'reflex', 'dslr', 'camera', 'red-green-blue', 'rgb', 'raw', 'data', 'throughout', 'summer', 'three', 'supervise', 'classifier', 'artificial', 'neural', 'network', 'ann', 'vector', 'machine', 'svm', 'k-nearest', 'neighbor', 'knn', 'evaluated', 'disease', 'detection', 'textural', 'feature', 'extract', 'colour', 'co-occurrence', 'matrix', 'ccm', 'collect', 'feature', 'data', 'normalize', 'training', 'internal', 'external', 'crossvalidations', 'develop', 'classifier', 'classification', 'ann', 'classifier', 'knn', 'classifier', 'identify', 'ann', 'classifier', 'disease', 'detection', 'root', 'mean', 'square', 'error', 'rmse', 'mean', 'absolute', 'error', 'mae', 'internal', 'validation', 'accuracy', 'external', 'validation', 'three', 'image', 'texture-based', 'ann', 'classifier', 'able', 'classify', 'disease', 'accurately', 'disease', 'development']",strawberry fruit crop canada powdery mildew yield loss detection image texture-based system beneficial identifies symptoms labour intensive manual monitoring crop image texture-based disease detection algorithm supervise classifier three site select collect leaf image data great village nova scotia canada image take artificial cloud condition digital single lens reflex dslr camera red-green-blue rgb raw data throughout summer three supervise classifier artificial neural network ann vector machine svm k-nearest neighbor knn evaluated disease detection textural feature extract colour co-occurrence matrix ccm collect feature data normalize training internal external crossvalidations develop classifier classification ann classifier knn classifier identify ann classifier disease detection root mean square error rmse mean absolute error mae internal validation accuracy external validation three image texture-based ann classifier able classify disease accurately disease development,124,247,2,0.5575038,"plant, model, image, fruit, leaf","Strawberry is an important fruit crop in Canada but powdery mildew (PM) results in about 3070 yield loss. Detection of PM through an image texture-based system is beneficial, as it identifies the symptoms at an earlier stage and reduces labour intensive manual monitoring of crop fields. This paper presents an image texture-based disease detection algorithm using supervised classifiers. Three sites were selected to collect the leaf image data in Great Village, Nova Scotia, Canada. Images were taken under an artificial cloud condition with a Digital Single Lens Reflex (DSLR) camera as red-green-blue (RGB) raw data throughout 20172018 summer. Three supervised classifiers, including artificial neural networks (ANN), support vector machine (SVM), and k-nearest neighbors (kNN) were evaluated for disease detection. A total of 40 textural features were extracted using a colour co-occurrence matrix (CCM). The collected feature data were normalized, then used for training and internal, external and cross-validations of developed classifiers. Results of this study revealed that the highest overall classification accuracy was 93.81 using the ANN classifier and lowest overall accuracy was 78.80 using the kNN classifier. Results identified the ANN classifier disease detection having a lower Root Mean Square Error (RMSE)  0.004 and Mean Absolute Error (MAE)  0.003 values with 99.99 of accuracy during internal validation and 87.41, 88.95 and 95.04 of accuracies during external validations with three different fields. Overall results demonstrated that an image texture-based ANN classifier was able to classify PM disease more accurately at early stages of disease development.",3,"[{'text': 'strawberry', 'type': 'CROP_TYPE', 'start': 0, 'end': 10, 'source': 'domain_dictionary'}, {'text': 'Canada', 'type': 'SPACY_GPE', 'start': 41, 'end': 47, 'source': 'core_web_sm'}, {'text': 'powdery mildew', 'type': 'DISEASE', 'start': 52, 'end': 66, 'source': 'domain_dictionary'}, {'text': 'texture', 'type': 'QUALITY_ATTRIBUTE', 'start': 141, 'end': 148, 'source': 'domain_dictionary'}, {'text': 'texture', 'type': 'QUALITY_ATTRIBUTE', 'start': 319, 'end': 326, 'source': 'domain_dictionary'}, {'text': 'Great Village', 'type': 'SPACY_GPE', 'start': 451, 'end': 464, 'source': 'core_web_sm'}, {'text': 'Nova Scotia', 'type': 'SPACY_GPE', 'start': 466, 'end': 477, 'source': 'core_web_sm'}, {'text': 'Canada', 'type': 'SPACY_GPE', 'start': 479, 'end': 485, 'source': 'core_web_sm'}, {'text': 'Digital', 'type': 'SPACY_ORG', 'start': 548, 'end': 555, 'source': 'core_web_sm'}, {'text': 'DSLR', 'type': 'SPACY_ORG', 'start': 576, 'end': 580, 'source': 'core_web_sm'}, {'text': 'RGB', 'type': 'SPACY_ORG', 'start': 608, 'end': 611, 'source': 'core_web_sm'}, {'text': 'ann', 'type': 'ML_TECHNIQUE', 'start': 719, 'end': 722, 'source': 'domain_dictionary'}, {'text': 'support vector machine', 'type': 'ML_TECHNIQUE', 'start': 725, 'end': 747, 'source': 'domain_dictionary'}, {'text': 'svm', 'type': 'ML_TECHNIQUE', 'start': 749, 'end': 752, 'source': 'domain_dictionary'}, {'text': 'k-nearest neighbors', 'type': 'ML_TECHNIQUE', 'start': 759, 'end': 778, 'source': 'domain_dictionary'}, {'text': 'knn', 'type': 'ML_TECHNIQUE', 'start': 780, 'end': 783, 'source': 'domain_dictionary'}, {'text': 'colour', 'type': 'QUALITY_ATTRIBUTE', 'start': 878, 'end': 884, 'source': 'domain_dictionary'}, {'text': 'CCM', 'type': 'SPACY_ORG', 'start': 907, 'end': 910, 'source': 'core_web_sm'}, {'text': 'classification', 'type': 'ML_TECHNIQUE', 'start': 1107, 'end': 1121, 'source': 'domain_dictionary'}, {'text': 'accuracy', 'type': 'METRIC', 'start': 1122, 'end': 1130, 'source': 'domain_dictionary'}, {'text': 'ann', 'type': 'ML_TECHNIQUE', 'start': 1152, 'end': 1155, 'source': 'domain_dictionary'}, {'text': 'accuracy', 'type': 'METRIC', 'start': 1186, 'end': 1194, 'source': 'domain_dictionary'}, {'text': 'knn', 'type': 'ML_TECHNIQUE', 'start': 1216, 'end': 1219, 'source': 'domain_dictionary'}, {'text': 'ann', 'type': 'ML_TECHNIQUE', 'start': 1255, 'end': 1258, 'source': 'domain_dictionary'}, {'text': 'Root Mean Square Error (RMSE', 'type': 'SPACY_PRODUCT', 'start': 1303, 'end': 1331, 'source': 'core_web_sm'}, {'text': 'mean absolute error', 'type': 'METRIC', 'start': 1345, 'end': 1364, 'source': 'domain_dictionary'}, {'text': 'mae', 'type': 'METRIC', 'start': 1366, 'end': 1369, 'source': 'domain_dictionary'}, {'text': 'accuracy', 'type': 'METRIC', 'start': 1401, 'end': 1409, 'source': 'domain_dictionary'}, {'text': 'texture', 'type': 'QUALITY_ATTRIBUTE', 'start': 1581, 'end': 1588, 'source': 'domain_dictionary'}, {'text': 'ann', 'type': 'ML_TECHNIQUE', 'start': 1595, 'end': 1598, 'source': 'domain_dictionary'}]",30,0.038834951456310676,0.6990291262135923,0.17475728155339806,0.08737864077669903,METHODS,0.6450824228040948,11
YUCE3VID,journalArticle,2024,"Bezabh, Yohannes Agegnehu; Ayalew, Aleka Melese; Abuhayi, Biniyam Mulugeta; Demlie, Tensay Nigussie; Awoke, Eshete Ayenew; Mengistu, Taye Endeshaw",Classification of mango disease using ensemble convolutional neural network,Smart Agricultural Technology,10.1016/j.atech.2024.100476,http://dx.doi.org/10.1016/j.atech.2024.100476,"Mango is a highly significant fruit crop that thrives in a variety of agro-ecologies around the world. Mangoes are rich in vitamins and minerals. However, its yield is currently severely constrained due to disease and pest infestations. Thus, in order to improve mango fruit quality and productivity, illnesses and insect pests must be detected early on. In this study, we conceived and constructed a mango leaf disease detection mechanism utilizing an ensemble convolutional neural network approach. Healthy and diseased mango leaf images were manually obtained from main producing locations in Amhara Region for Merawi fruit and vegetable research identification. To improve the datasets, several pre-processing procedures (such as image resizing, noise reduction, and image augmentation) were used. To improve classification performance and meet the study's purpose, various segmentation approaches such as k means and Mask R-CNN were applied. Furthermore, following pre-processing and segmentation, features of mango leaf images were retrieved using CNN to obtain important features. The classification model was then constructed using fully-connected layer classifiers on the retrieved features of mango leaf images. The ensemble proposed GoogLeNet and VGG16 based CNN model in the study encompasses various operations, including dataset collection, image preprocessing, noise removal, segmentation, data augmentation, feature extraction, and classification. Upon testing, the model demonstrated impressive performance with 99.87 % training classification accuracy, 99.72 % validation accuracy, and 99.21 % testing accuracy. This indicates the effectiveness of the ensemble approach in achieving high accuracy in image classification tasks.",2024-08,2026-01-24 00:34:05,2026-01-24 00:34:05,100476,Elsevier BV,/home/aalejoz25/Zotero/storage/YEDNG7KQ/Bezabh et al. - 2024 - Classification of mango disease using ensemble convolutional neural network.pdf,Classification mango disease; Convolutional neural network model; Digital imaging,classification of mango disease using ensemble convolutional neural network,"['classification', 'of', 'mango', 'disease', 'using', 'ensemble', 'convolutional', 'neural', 'network']","['mango', 'disease', 'ensemble', 'convolutional']",mango disease ensemble convolutional,"[('mango', 'disease'), ('disease', 'ensemble'), ('ensemble', 'convolutional')]",9,75,4,"[('mango', 'disease', 'ensemble'), ('disease', 'ensemble', 'convolutional')]","['mango', 'highly', 'fruit', 'crop', 'thrives', 'variety', 'agro-ecologies', 'world', 'mangoes', 'rich', 'vitamin', 'mineral', 'yield', 'currently', 'severely', 'constrain', 'due', 'disease', 'pest', 'infestation', 'order', 'mango', 'fruit', 'quality', 'productivity', 'illnesses', 'insect', 'pest', 'detect', 'conceive', 'constructed', 'mango', 'leaf', 'disease', 'detection', 'mechanism', 'utilize', 'ensemble', 'convolutional', 'neural', 'network', 'healthy', 'diseased', 'mango', 'leaf', 'image', 'manually', 'obtain', 'produce', 'location', 'amhara', 'region', 'merawi', 'fruit', 'vegetable', 'identification', 'datasets', 'pre-processing', 'image', 'resize', 'noise', 'reduction', 'image', 'augmentation', 'classification', 'performance', 'meet', 'segmentation', 'mean', 'mask', 'r-cnn', 'follow', 'pre-processing', 'segmentation', 'feature', 'mango', 'leaf', 'image', 'retrieve', 'cnn', 'obtain', 'feature', 'classification', 'model', 'construct', 'fully-connected', 'layer', 'classifier', 'retrieve', 'feature', 'mango', 'leaf', 'image', 'ensemble', 'googlenet', 'vgg16', 'cnn', 'model', 'encompass', 'dataset', 'collection', 'image', 'preprocessing', 'noise', 'removal', 'segmentation', 'data', 'augmentation', 'feature', 'extraction', 'classification', 'upon', 'test', 'model', 'impressive', 'performance', 'training', 'classification', 'validation', 'test', 'effectiveness', 'ensemble', 'achieve', 'image', 'classification']",mango highly fruit crop thrives variety agro-ecologies world mangoes rich vitamin mineral yield currently severely constrain due disease pest infestation order mango fruit quality productivity illnesses insect pest detect conceive constructed mango leaf disease detection mechanism utilize ensemble convolutional neural network healthy diseased mango leaf image manually obtain produce location amhara region merawi fruit vegetable identification datasets pre-processing image resize noise reduction image augmentation classification performance meet segmentation mean mask r-cnn follow pre-processing segmentation feature mango leaf image retrieve cnn obtain feature classification model construct fully-connected layer classifier retrieve feature mango leaf image ensemble googlenet vgg16 cnn model encompass dataset collection image preprocessing noise removal segmentation data augmentation feature extraction classification upon test model impressive performance training classification validation test effectiveness ensemble achieve image classification,125,241,2,0.93865514,"plant, model, image, fruit, leaf","Mango is a highly significant fruit crop that thrives in a variety of agro-ecologies around the world. Mangoes are rich in vitamins and minerals. However, its yield is currently severely constrained due to disease and pest infestations. Thus, in order to improve mango fruit quality and productivity, illnesses and insect pests must be detected early on. In this study, we conceived and constructed a mango leaf disease detection mechanism utilizing an ensemble convolutional neural network approach. Healthy and diseased mango leaf images were manually obtained from main producing locations in Amhara Region for Merawi fruit and vegetable research identification. To improve the datasets, several pre-processing procedures (such as image resizing, noise reduction, and image augmentation) were used. To improve classification performance and meet the study's purpose, various segmentation approaches such as k means and Mask R-CNN were applied. Furthermore, following pre-processing and segmentation, features of mango leaf images were retrieved using CNN to obtain important features. The classification model was then constructed using fully-connected layer classifiers on the retrieved features of mango leaf images. The ensemble proposed GoogLeNet and VGG16 based CNN model in the study encompasses various operations, including dataset collection, image preprocessing, noise removal, segmentation, data augmentation, feature extraction, and classification. Upon testing, the model demonstrated impressive performance with 99.87  training classification accuracy, 99.72  validation accuracy, and 99.21  testing accuracy. This indicates the effectiveness of the ensemble approach in achieving high accuracy in image classification tasks.",1,"[{'text': 'Mango', 'type': 'SPACY_GPE', 'start': 0, 'end': 5, 'source': 'core_web_sm'}, {'text': 'neural network', 'type': 'ML_TECHNIQUE', 'start': 476, 'end': 490, 'source': 'domain_dictionary'}, {'text': 'classification', 'type': 'ML_TECHNIQUE', 'start': 813, 'end': 827, 'source': 'domain_dictionary'}, {'text': 'cnn', 'type': 'ML_TECHNIQUE', 'start': 929, 'end': 932, 'source': 'domain_dictionary'}, {'text': 'cnn', 'type': 'ML_TECHNIQUE', 'start': 1054, 'end': 1057, 'source': 'domain_dictionary'}, {'text': 'classification', 'type': 'ML_TECHNIQUE', 'start': 1092, 'end': 1106, 'source': 'domain_dictionary'}, {'text': 'googlenet', 'type': 'ML_MODEL', 'start': 1244, 'end': 1253, 'source': 'domain_dictionary'}, {'text': 'vgg16', 'type': 'ML_MODEL', 'start': 1258, 'end': 1263, 'source': 'domain_dictionary'}, {'text': 'cnn', 'type': 'ML_TECHNIQUE', 'start': 1270, 'end': 1273, 'source': 'domain_dictionary'}, {'text': 'data augmentation', 'type': 'ML_TECHNIQUE', 'start': 1405, 'end': 1422, 'source': 'domain_dictionary'}, {'text': 'feature extraction', 'type': 'ML_TECHNIQUE', 'start': 1424, 'end': 1442, 'source': 'domain_dictionary'}, {'text': 'classification', 'type': 'ML_TECHNIQUE', 'start': 1448, 'end': 1462, 'source': 'domain_dictionary'}, {'text': 'classification', 'type': 'ML_TECHNIQUE', 'start': 1546, 'end': 1560, 'source': 'domain_dictionary'}, {'text': 'accuracy', 'type': 'METRIC', 'start': 1561, 'end': 1569, 'source': 'domain_dictionary'}, {'text': 'accuracy', 'type': 'METRIC', 'start': 1590, 'end': 1598, 'source': 'domain_dictionary'}, {'text': 'accuracy', 'type': 'METRIC', 'start': 1620, 'end': 1628, 'source': 'domain_dictionary'}, {'text': 'accuracy', 'type': 'METRIC', 'start': 1706, 'end': 1714, 'source': 'domain_dictionary'}, {'text': 'classification', 'type': 'ML_TECHNIQUE', 'start': 1724, 'end': 1738, 'source': 'domain_dictionary'}]",18,0.05976095617529881,0.549800796812749,0.3187250996015937,0.07171314741035857,METHODS,0.7578980085863178,13
67MTA9KC,document,2025,"Szechyńska-Hebda, Magdalena; Hołownicki, Ryszard; Doruchowski, Grzegorz; Sas, Konrad; Puławska, Joanna; Jarecka-Boncela, Anna; Ptaszek, Magdalena; Włodarek, Agnieszka",Application of Hyperspectral Imaging for Early Detection of Pathogen-Induced Stress in Cabbage as Case Study,,10.3390/agronomy15071516,http://dx.doi.org/10.3390/agronomy15071516,"Cabbage (Brassica oleracea L.) is a globally significant vegetable crop that faces productivity challenges due to fungal and bacterial pathogens. This review highlights the potential of spectral imaging techniques, specifically multispectral and hyperspectral methods, in detecting biotic stress in cabbage, with a particular emphasis on pathogen-induced responses. These non-invasive approaches enable real-time assessment of plant physiological and biochemical changes, providing detailed spectral data to identify pathogens before visible symptoms appear. Hyperspectral imaging, with its high spectral resolution, allows for distinctions among different pathogens and the evaluation of stress responses, whereas multispectral imaging offers broad-scale monitoring suitable for field-level applications. The work synthesizes research in the existing literature while presenting novel experimental findings that validate and extend current knowledge. Significant spectral changes are reported in cabbage leaves infected by Alternaria brassicae and Botrytis cinerea. Early-stage detection was facilitated by alterations in flavonoids (400–450 nm), chlorophyll (430–450, 680–700 nm), carotenoids (470–520 nm), xanthophyll (520–600 nm), anthocyanin (550–560 nm, 700–710 nm, 780–790 nm), phenols/mycotoxins (700–750 nm, 718–722), water/pigments content (800–900 nm), and polyphenols/lignin (900–1000). The findings underscore the importance of targeting specific spectral ranges for early pathogen detection. By integrating these techniques with machine learning, this research demonstrates their applicability in advancing precision agriculture, improving disease management, and promoting sustainable production systems.",2025-06,2026-01-24 00:34:05,2026-01-24 00:34:05,,MDPI AG,/home/aalejoz25/Zotero/storage/XBY6I8J8/Szechyńska-Hebda et al. - 2025 - Application of Hyperspectral Imaging for Early Detection of Pathogen-Induced Stress in Cabbage as Ca.pdf,biochemical cell components; physiological responses; plant diseases; spectral imaging,application of hyperspectral imaging for early detection of pathogeninduced stress in cabbage as case study,"['application', 'of', 'hyperspectral', 'imaging', 'for', 'early', 'detection', 'of', 'pathogeninduced', 'stress', 'in', 'cabbage', 'as', 'case', 'study']","['hyperspectral', 'imaging', 'early', 'pathogeninduced', 'stress', 'cabbage']",hyperspectral imaging early pathogeninduced stress cabbage,"[('hyperspectral', 'imaging'), ('imaging', 'early'), ('early', 'pathogeninduced'), ('pathogeninduced', 'stress'), ('stress', 'cabbage')]",15,108,6,"[('hyperspectral', 'imaging', 'early'), ('imaging', 'early', 'pathogeninduced'), ('early', 'pathogeninduced', 'stress'), ('pathogeninduced', 'stress', 'cabbage')]","['cabbage', 'brassica', 'oleracea', 'globally', 'vegetable', 'crop', 'face', 'productivity', 'due', 'fungal', 'bacterial', 'pathogen', 'review', 'highlight', 'spectral', 'image', 'multispectral', 'hyperspectral', 'method', 'detect', 'biotic', 'stress', 'cabbage', 'particular', 'emphasis', 'pathogen-induced', 'response', 'non-invasive', 'real-time', 'plant', 'physiological', 'biochemical', 'change', 'provide', 'detailed', 'spectral', 'data', 'identify', 'pathogens', 'visible', 'symptom', 'appear', 'hyperspectral', 'image', 'spectral', 'resolution', 'distinction', 'among', 'pathogen', 'stress', 'response', 'multispectral', 'image', 'offer', 'broad-scale', 'monitoring', 'suitable', 'field-level', 'application', 'synthesize', 'literature', 'present', 'validate', 'extend', 'knowledge', 'spectral', 'change', 'cabbage', 'leaf', 'infect', 'alternaria', 'brassicae', 'botrytis', 'cinerea', 'early-stage', 'detection', 'facilitate', 'alteration', 'flavonoid', 'chlorophyll', 'carotenoid', 'xanthophyll', 'anthocyanin', 'phenol', 'mycotoxin', 'water', 'pigment', 'content', 'polyphenols', 'lignin', 'underscore', 'importance', 'target', 'specific', 'spectral', 'range', 'pathogen', 'detection', 'integrate', 'machine', 'learn', 'applicability', 'advance', 'precision', 'agriculture', 'improve', 'disease', 'management', 'promote', 'sustainable', 'production']",cabbage brassica oleracea globally vegetable crop face productivity due fungal bacterial pathogen review highlight spectral image multispectral hyperspectral method detect biotic stress cabbage particular emphasis pathogen-induced response non-invasive real-time plant physiological biochemical change provide detailed spectral data identify pathogens visible symptom appear hyperspectral image spectral resolution distinction among pathogen stress response multispectral image offer broad-scale monitoring suitable field-level application synthesize literature present validate extend knowledge spectral change cabbage leaf infect alternaria brassicae botrytis cinerea early-stage detection facilitate alteration flavonoid chlorophyll carotenoid xanthophyll anthocyanin phenol mycotoxin water pigment content polyphenols lignin underscore importance target specific spectral range pathogen detection integrate machine learn applicability advance precision agriculture improve disease management promote sustainable production,111,209,4,0.35645363,"leaf, diseases, leave, trait, grape","Cabbage (Brassica oleracea L.) is a globally significant vegetable crop that faces productivity challenges due to fungal and bacterial pathogens. This review highlights the potential of spectral imaging techniques, specifically multispectral and hyperspectral methods, in detecting biotic stress in cabbage, with a particular emphasis on pathogen-induced responses. These non-invasive approaches enable real-time assessment of plant physiological and biochemical changes, providing detailed spectral data to identify pathogens before visible symptoms appear. Hyperspectral imaging, with its high spectral resolution, allows for distinctions among different pathogens and the evaluation of stress responses, whereas multispectral imaging offers broad-scale monitoring suitable for field-level applications. The work synthesizes research in the existing literature while presenting novel experimental findings that validate and extend current knowledge. Significant spectral changes are reported in cabbage leaves infected by Alternaria brassicae and Botrytis cinerea. Early-stage detection was facilitated by alterations in flavonoids (400450 nm), chlorophyll (430450, 680700 nm), carotenoids (470520 nm), xanthophyll (520600 nm), anthocyanin (550560 nm, 700710 nm, 780790 nm), phenolsmycotoxins (700750 nm, 718722), waterpigments content (800900 nm), and polyphenolslignin (9001000). The findings underscore the importance of targeting specific spectral ranges for early pathogen detection. By integrating these techniques with machine learning, this research demonstrates their applicability in advancing precision agriculture, improving disease management, and promoting sustainable production systems.",4,"[{'text': 'cabbage', 'type': 'CROP_TYPE', 'start': 0, 'end': 7, 'source': 'domain_dictionary'}, {'text': 'Brassica', 'type': 'SPACY_PERSON', 'start': 9, 'end': 17, 'source': 'core_web_sm'}, {'text': 'L.', 'type': 'SPACY_PERSON', 'start': 27, 'end': 29, 'source': 'core_web_sm'}, {'text': 'spectral imaging', 'type': 'SENSING_TECHNOLOGY', 'start': 186, 'end': 202, 'source': 'domain_dictionary'}, {'text': 'cabbage', 'type': 'CROP_TYPE', 'start': 299, 'end': 306, 'source': 'domain_dictionary'}, {'text': 'hyperspectral imaging', 'type': 'SENSING_TECHNOLOGY', 'start': 559, 'end': 580, 'source': 'domain_dictionary'}, {'text': 'multispectral imaging', 'type': 'SENSING_TECHNOLOGY', 'start': 715, 'end': 736, 'source': 'domain_dictionary'}, {'text': 'cabbage', 'type': 'CROP_TYPE', 'start': 997, 'end': 1004, 'source': 'domain_dictionary'}, {'text': 'Alternaria', 'type': 'SPACY_PERSON', 'start': 1024, 'end': 1034, 'source': 'core_web_sm'}, {'text': 'botrytis cinerea', 'type': 'DISEASE', 'start': 1049, 'end': 1065, 'source': 'domain_dictionary'}, {'text': 'chlorophyll', 'type': 'NUTRITIONAL_PARAMETER', 'start': 1148, 'end': 1159, 'source': 'domain_dictionary'}, {'text': 'xanthophyll', 'type': 'SPACY_GPE', 'start': 1209, 'end': 1220, 'source': 'core_web_sm'}, {'text': 'anthocyanin', 'type': 'NUTRITIONAL_PARAMETER', 'start': 1235, 'end': 1246, 'source': 'domain_dictionary'}, {'text': 'precision', 'type': 'METRIC', 'start': 1621, 'end': 1630, 'source': 'domain_dictionary'}]",14,0.16304347826086954,0.26086956521739124,0.3804347826086956,0.19565217391304346,RESULTS,0.961639594204799,9
AC23G8AW,journalArticle,2025,"Happy, Kenneth; Ban, Yeongjun; Mudondo, Joyce; Haniffadli, Ariranur; Gang, Roggers; Choi, Kyeong O. K.; Rahmat, Endang; Okello, Denis; Komakech, Richard; Kang, Youngmin",SMART-HERBALOMICS: An innovative multi-omics approach to studying medicinal plants grown in controlled systems such as phytotrons,Phytomedicine,10.1016/j.phymed.2025.157303,http://dx.doi.org/10.1016/j.phymed.2025.157303,"Background: Traditional medicine has supported human health for centuries. However, its dependence on wild-sourced medicinal plants now poses serious threats to biodiversity, with over 90 % of these species harvested directly from their natural habitat. Overexploitation and increasing global demand have accelerated the depletion of medicinal plant genetic resources, raising concerns about extinction and long-term sustainability. Purpose: This review introduces “Smart-Herbalomics (SH),” a novel interdisciplinary approach that merges traditional herbal knowledge with modern scientific methods. This review aims to ensure a sustainable use and conservation of medicinal plants while enhancing their therapeutic efficacy and safety. SH integrates advanced plant identification, propagation in controlled environments (e.g., phytotron and smart farms), and standardization protocols to maintain genetic integrity and bioactive compound consistency. Additionally, this novel approach incorporates cell-based assays for cytotoxicity and mechanistic evaluation, animal models for preclinical safety and efficacy assessment, and clinical trials for human validation. Additionally, multi-omics tools, including genomics, transcriptomics, metabolomics, and proteomics, help uncover the molecular basis of herbal actions. Method: Data were collected through a comprehensive literature review using electronic databases such as PubMed, Google Scholar, Scopus, AMED, and the Cochrane Library. Key search terms included “Herbalomics,” “Pharmacology,” “Pharmacognosy,” “Multi-Omics,” “Botany,” “Safety and Toxicity,” “Herb Formulation,” and “Medicinal Plant Species.” Conclusion: This article introduces SH for the first time as an integrative approach that offers a comprehensive and sustainable pathway to develop standardized, safe, and evidence-based herbal therapies. It bridges the fields of ethnopharmacology and pharmaceutical innovation, supporting the future of personalized, eco-conscious healthcare.",2025-11,2026-01-24 00:34:05,2026-01-24 00:34:05,157303,Elsevier BV,/home/aalejoz25/Zotero/storage/XDMAC4M8/Happy et al. - 2025 - SMART-HERBALOMICS An innovative multi-omics approach to studying medicinal plants grown in controll.pdf,In vitro propagation; Multi-omics; Pharmacology; Phytomedicine; phytotron; Smart-Herbalomics,smartherbalomics an innovative multiomics approach to studying medicinal plants grown in controlled systems such as phytotrons,"['smartherbalomics', 'an', 'innovative', 'multiomics', 'approach', 'to', 'studying', 'medicinal', 'plants', 'grown', 'in', 'controlled', 'systems', 'such', 'as', 'phytotrons']","['smartherbalomics', 'innovative', 'multiomics', 'studying', 'medicinal', 'grown', 'controlled', 'system', 'phytotrons']",smartherbalomics innovative multiomics studying medicinal grown controlled system phytotrons,"[('smartherbalomics', 'innovative'), ('innovative', 'multiomics'), ('multiomics', 'studying'), ('studying', 'medicinal'), ('medicinal', 'grown'), ('grown', 'controlled'), ('controlled', 'system'), ('system', 'phytotrons')]",16,129,9,"[('smartherbalomics', 'innovative', 'multiomics'), ('innovative', 'multiomics', 'studying'), ('multiomics', 'studying', 'medicinal'), ('studying', 'medicinal', 'grown'), ('medicinal', 'grown', 'controlled'), ('grown', 'controlled', 'system'), ('controlled', 'system', 'phytotrons')]","['background', 'medicine', 'human', 'health', 'century', 'dependence', 'wild-sourced', 'medicinal', 'plant', 'pose', 'serious', 'threat', 'biodiversity', 'specie', 'harvest', 'directly', 'natural', 'habitat', 'overexploitation', 'increase', 'global', 'demand', 'accelerate', 'depletion', 'medicinal', 'plant', 'genetic', 'resource', 'raise', 'concern', 'extinction', 'long-term', 'sustainability', 'review', 'smart-herbalomics', 'interdisciplinary', 'merges', 'herbal', 'knowledge', 'modern', 'scientific', 'method', 'review', 'ensure', 'sustainable', 'conservation', 'medicinal', 'plant', 'enhance', 'therapeutic', 'efficacy', 'safety', 'integrates', 'advance', 'plant', 'identification', 'propagation', 'control', 'environment', 'phytotron', 'smart', 'farm', 'standardization', 'protocol', 'maintain', 'genetic', 'integrity', 'bioactive', 'compound', 'consistency', 'incorporate', 'cell-based', 'assay', 'cytotoxicity', 'mechanistic', 'animal', 'preclinical', 'safety', 'efficacy', 'clinical', 'trial', 'human', 'validation', 'multi-omics', 'tool', 'genomics', 'transcriptomics', 'metabolomics', 'proteomics', 'help', 'uncover', 'molecular', 'basis', 'herbal', 'action', 'method', 'data', 'collect', 'literature', 'review', 'electronic', 'database', 'pubmed', 'google', 'scholar', 'scopus', 'amed', 'cochrane', 'library', 'search', 'term', 'herbalomics', 'pharmacology', 'pharmacognosy', 'multi-omics', 'botany', 'safety', 'toxicity', 'herb', 'formulation', 'medicinal', 'plant', 'specie', 'conclusion', 'integrative', 'offer', 'sustainable', 'pathway', 'develop', 'standardized', 'safe', 'evidence-based', 'herbal', 'therapy', 'bridge', 'ethnopharmacology', 'pharmaceutical', 'innovation', 'support', 'personalize', 'eco-conscious', 'healthcare']",background medicine human health century dependence wild-sourced medicinal plant pose serious threat biodiversity specie harvest directly natural habitat overexploitation increase global demand accelerate depletion medicinal plant genetic resource raise concern extinction long-term sustainability review smart-herbalomics interdisciplinary merges herbal knowledge modern scientific method review ensure sustainable conservation medicinal plant enhance therapeutic efficacy safety integrates advance plant identification propagation control environment phytotron smart farm standardization protocol maintain genetic integrity bioactive compound consistency incorporate cell-based assay cytotoxicity mechanistic animal preclinical safety efficacy clinical trial human validation multi-omics tool genomics transcriptomics metabolomics proteomics help uncover molecular basis herbal action method data collect literature review electronic database pubmed google scholar scopus amed cochrane library search term herbalomics pharmacology pharmacognosy multi-omics botany safety toxicity herb formulation medicinal plant specie conclusion integrative offer sustainable pathway develop standardized safe evidence-based herbal therapy bridge ethnopharmacology pharmaceutical innovation support personalize eco-conscious healthcare,142,248,2,0.7287172,"plant, model, image, fruit, leaf","Background: Traditional medicine has supported human health for centuries. However, its dependence on wild-sourced medicinal plants now poses serious threats to biodiversity, with over 90  of these species harvested directly from their natural habitat. Overexploitation and increasing global demand have accelerated the depletion of medicinal plant genetic resources, raising concerns about extinction and long-term sustainability. Purpose: This review introduces Smart-Herbalomics (SH), a novel interdisciplinary approach that merges traditional herbal knowledge with modern scientific methods. This review aims to ensure a sustainable use and conservation of medicinal plants while enhancing their therapeutic efficacy and safety. SH integrates advanced plant identification, propagation in controlled environments (e.g., phytotron and smart farms), and standardization protocols to maintain genetic integrity and bioactive compound consistency. Additionally, this novel approach incorporates cell-based assays for cytotoxicity and mechanistic evaluation, animal models for preclinical safety and efficacy assessment, and clinical trials for human validation. Additionally, multi-omics tools, including genomics, transcriptomics, metabolomics, and proteomics, help uncover the molecular basis of herbal actions. Method: Data were collected through a comprehensive literature review using electronic databases such as PubMed, Google Scholar, Scopus, AMED, and the Cochrane Library. Key search terms included Herbalomics, Pharmacology, Pharmacognosy, Multi-Omics, Botany, Safety and Toxicity, Herb Formulation, and Medicinal Plant Species. Conclusion: This article introduces SH for the first time as an integrative approach that offers a comprehensive and sustainable pathway to develop standardized, safe, and evidence-based herbal therapies. It bridges the fields of ethnopharmacology and pharmaceutical innovation, supporting the future of personalized, eco-conscious healthcare.",2,"[{'text': 'Smart-Herbalomics', 'type': 'SPACY_ORG', 'start': 466, 'end': 483, 'source': 'core_web_sm'}, {'text': 'phytotron', 'type': 'SPACY_ORG', 'start': 827, 'end': 836, 'source': 'core_web_sm'}, {'text': 'PubMed', 'type': 'SPACY_ORG', 'start': 1422, 'end': 1428, 'source': 'core_web_sm'}, {'text': 'Google Scholar', 'type': 'SPACY_ORG', 'start': 1430, 'end': 1444, 'source': 'core_web_sm'}, {'text': 'Scopus', 'type': 'SPACY_ORG', 'start': 1446, 'end': 1452, 'source': 'core_web_sm'}, {'text': 'the Cochrane Library', 'type': 'SPACY_PRODUCT', 'start': 1464, 'end': 1484, 'source': 'core_web_sm'}, {'text': 'Multi-Omics', 'type': 'SPACY_WORK_OF_ART', 'start': 1561, 'end': 1572, 'source': 'core_web_sm'}, {'text': 'Safety and Toxicity', 'type': 'SPACY_WORK_OF_ART', 'start': 1586, 'end': 1605, 'source': 'core_web_sm'}, {'text': 'Medicinal Plant Species', 'type': 'SPACY_ORG', 'start': 1633, 'end': 1656, 'source': 'core_web_sm'}]",9,0.11363636363636363,0.6818181818181818,0.0,0.20454545454545453,METHODS,0.6007875891514128,11
59TURL89,document,2021,"Ali, Ansar; Imran, Muhammad",Remotely sensed real-time quantification of biophysical and biochemical traits of Citrus (Citrus sinensis L.) fruit orchards – A review,,10.1016/j.scienta.2021.110024,http://dx.doi.org/10.1016/j.scienta.2021.110024,"Remote sensing provides accurate and cost-effective solution to quantify the biophysical and biochemical traits of citrus fruit orchards. Timely information on these traits can be used to design real-time computerized applications for site-specific orchard management, yield estimation, and scheduling precise and proper application of inputs thus growing net returns and optimizing resource utilization. Retrieval of these traits has been playing an important role during the last 30 years with steady improvement in remote sensing platforms and sensors and the techniques and methods forthwith. However, with dense canopy, variable illumination conditions and saturation effects caused by seasonal dynamics of leaf and canopy pigments combined with high year-round leaf density pose challenges for the accurate and precise inference of biophysical and biochemical traits in citrus fruit orchards. Concerning these challenges in the pursuit of earth observation, the present paper aims to provide a comprehensive and in-depth review of the remotely sensed technologies and applications for real-time and state-of-the-science retrieval of biophysical and biochemical traits of citrus fruit orchards. Establishing a database of citrus traits at leaf, canopy and orchard level is very important for future smart agriculture to help farmers for site-specific orchard management, plan farm management practices, selection of best cultivars, scheduling precise and proper application of inputs in citrus production paradigm; thus growing net returns and optimize resource utilization. Technical methods for different levels of remote sensing acquisition have also been elaborated highlighting the current situation of citrus traits acquired by remote sensing.",2021-05,2026-01-24 00:34:05,2026-01-24 00:34:05,,Elsevier BV,/home/aalejoz25/Zotero/storage/GV2BCA64/Ali and Imran - 2021 - Remotely sensed real-time quantification of biophysical and biochemical traits of Citrus (Citrus sin.pdf,Citrus phenotypical traits; Fruit orchards; Leaf and canopy scale; Physiological informatics; Real-time retrieval; Seasonal dynamics,remotely sensed realtime quantification of biophysical and biochemical traits of citrus citrus sinensis l fruit orchards – a review,"['remotely', 'sensed', 'realtime', 'quantification', 'of', 'biophysical', 'and', 'biochemical', 'traits', 'of', 'citrus', 'citrus', 'sinensis', 'l', 'fruit', 'orchards', '–', 'a', 'review']","['remotely', 'sensed', 'realtime', 'quantification', 'biophysical', 'biochemical', 'trait', 'citrus', 'citrus', 'sinensis', 'fruit', 'orchard']",remotely sensed realtime quantification biophysical biochemical trait citrus citrus sinensis fruit orchard,"[('remotely', 'sensed'), ('sensed', 'realtime'), ('realtime', 'quantification'), ('quantification', 'biophysical'), ('biophysical', 'biochemical'), ('biochemical', 'trait'), ('trait', 'citrus'), ('citrus', 'citrus'), ('citrus', 'sinensis'), ('sinensis', 'fruit'), ('fruit', 'orchard')]",19,135,12,"[('remotely', 'sensed', 'realtime'), ('sensed', 'realtime', 'quantification'), ('realtime', 'quantification', 'biophysical'), ('quantification', 'biophysical', 'biochemical'), ('biophysical', 'biochemical', 'trait'), ('biochemical', 'trait', 'citrus'), ('trait', 'citrus', 'citrus'), ('citrus', 'citrus', 'sinensis'), ('citrus', 'sinensis', 'fruit'), ('sinensis', 'fruit', 'orchard')]","['remote', 'sense', 'accurate', 'cost-effective', 'quantify', 'biophysical', 'biochemical', 'trait', 'citrus', 'fruit', 'orchard', 'timely', 'information', 'trait', 'design', 'real-time', 'computerized', 'application', 'site-specific', 'orchard', 'management', 'yield', 'estimation', 'schedule', 'precise', 'proper', 'application', 'input', 'grow', 'net', 'return', 'optimize', 'resource', 'utilization', 'retrieval', 'trait', 'play', 'role', 'last', 'steady', 'improvement', 'remote', 'sense', 'platform', 'sensor', 'method', 'forthwith', 'dense', 'canopy', 'variable', 'illumination', 'condition', 'saturation', 'effect', 'cause', 'seasonal', 'dynamic', 'leaf', 'canopy', 'pigment', 'combine', 'year-round', 'leaf', 'density', 'pose', 'accurate', 'precise', 'inference', 'biophysical', 'biochemical', 'trait', 'citrus', 'fruit', 'orchard', 'concern', 'pursuit', 'earth', 'observation', 'present', 'in-depth', 'review', 'remotely', 'sensed', 'technology', 'application', 'real-time', 'state-of-the-science', 'retrieval', 'biophysical', 'biochemical', 'trait', 'citrus', 'fruit', 'orchard', 'establish', 'database', 'citrus', 'trait', 'leaf', 'canopy', 'orchard', 'smart', 'agriculture', 'help', 'farmer', 'site-specific', 'orchard', 'management', 'plan', 'farm', 'management', 'practice', 'selection', 'cultivar', 'schedule', 'precise', 'proper', 'application', 'input', 'citrus', 'production', 'paradigm', 'grow', 'net', 'return', 'optimize', 'resource', 'utilization', 'technical', 'method', 'remote', 'sense', 'acquisition', 'elaborate', 'highlight', 'situation', 'citrus', 'trait', 'acquire', 'remote', 'sensing']",remote sense accurate cost-effective quantify biophysical biochemical trait citrus fruit orchard timely information trait design real-time computerized application site-specific orchard management yield estimation schedule precise proper application input grow net return optimize resource utilization retrieval trait play role last steady improvement remote sense platform sensor method forthwith dense canopy variable illumination condition saturation effect cause seasonal dynamic leaf canopy pigment combine year-round leaf density pose accurate precise inference biophysical biochemical trait citrus fruit orchard concern pursuit earth observation present in-depth review remotely sensed technology application real-time state-of-the-science retrieval biophysical biochemical trait citrus fruit orchard establish database citrus trait leaf canopy orchard smart agriculture help farmer site-specific orchard management plan farm management practice selection cultivar schedule precise proper application input citrus production paradigm grow net return optimize resource utilization technical method remote sense acquisition elaborate highlight situation citrus trait acquire remote sensing,141,243,4,0.48243535,"leaf, diseases, leave, trait, grape","Remote sensing provides accurate and cost-effective solution to quantify the biophysical and biochemical traits of citrus fruit orchards. Timely information on these traits can be used to design real-time computerized applications for site-specific orchard management, yield estimation, and scheduling precise and proper application of inputs thus growing net returns and optimizing resource utilization. Retrieval of these traits has been playing an important role during the last 30 years with steady improvement in remote sensing platforms and sensors and the techniques and methods forthwith. However, with dense canopy, variable illumination conditions and saturation effects caused by seasonal dynamics of leaf and canopy pigments combined with high year-round leaf density pose challenges for the accurate and precise inference of biophysical and biochemical traits in citrus fruit orchards. Concerning these challenges in the pursuit of earth observation, the present paper aims to provide a comprehensive and in-depth review of the remotely sensed technologies and applications for real-time and state-of-the-science retrieval of biophysical and biochemical traits of citrus fruit orchards. Establishing a database of citrus traits at leaf, canopy and orchard level is very important for future smart agriculture to help farmers for site-specific orchard management, plan farm management practices, selection of best cultivars, scheduling precise and proper application of inputs in citrus production paradigm; thus growing net returns and optimize resource utilization. Technical methods for different levels of remote sensing acquisition have also been elaborated highlighting the current situation of citrus traits acquired by remote sensing.",4,"[{'text': 'remote sensing', 'type': 'SENSING_TECHNOLOGY', 'start': 0, 'end': 14, 'source': 'domain_dictionary'}, {'text': 'remote sensing', 'type': 'SENSING_TECHNOLOGY', 'start': 518, 'end': 532, 'source': 'domain_dictionary'}, {'text': 'remote sensing', 'type': 'SENSING_TECHNOLOGY', 'start': 1622, 'end': 1636, 'source': 'domain_dictionary'}, {'text': 'remote sensing', 'type': 'SENSING_TECHNOLOGY', 'start': 1739, 'end': 1753, 'source': 'domain_dictionary'}]",4,0.20134228187919465,0.24161073825503357,0.1342281879194631,0.4228187919463088,DISCUSSION,0.9373318606189821,7
C33F8JMU,journalArticle,2025,"Chen, Dengjie; Lin, Fan; Lu, Caihua; Zhuang, Jun Wei; Su, Hongjie; Zhang, Dehui; He, Jincheng",YOLOv8-MDN-Tiny: A lightweight model for multi-scale disease detection of postharvest golden passion fruit,Postharvest Biology and Technology,10.1016/j.postharvbio.2024.113281,http://dx.doi.org/10.1016/j.postharvbio.2024.113281,"Passion fruit, a commercially significant fruit crop, is easily infected by anthracnose and scab, which declines it economic value. However, at the present time, passion fruit quality grading is mainly judged by manual assessment, with strong subjectivity, poor efficiency and low accuracy. Intelligent classification of postharvest passion fruit is essential, with skin disease being a critical factor in grading fruit quality. In view of the shortcomings in traditional deep learning model, such as weak multi-scale detection ability and low accuracy, we propose a YOLOv8-MDN-Tiny model to improve the ability of passion fruit small-scale disease detection. The backbone layer is replaced by the self-made MFSO structure to expand the feature pixels of small target information and enrich their feature expression. An improved DyRep module is proposed to realize the interactive fusion of disease features at different scales and depths. NWD loss function is introduced to accurately measure the overlap of two bounding boxes. Finally, Slimming pruning and CWD are used to compress the model. Compared with YOLOv8s, our improved lightweight model achieves more accurate localization of small passion fruit targets. Specifically, the mAP50 is increased by 2.2–94.8 %, the precision and recall are improved by 1.5 % and 6.0 %. Meanwhile, the number of model parameters and memory usage are decreased by 90.1 % and 88.9 %. The results technically support the disease detection in postharvest passion fruit and real-time grading of their quality.",2025-01,2026-01-24 00:34:05,2026-01-24 00:34:05,113281,Elsevier BV,/home/aalejoz25/Zotero/storage/9NIT75D2/Chen et al. - 2025 - YOLOv8-MDN-Tiny A lightweight model for multi-scale disease detection of postharvest golden passion.pdf,Disease detection; Model compress; Small-scale; YOLOv8,yolovmdntiny a lightweight model for multiscale disease detection of postharvest golden passion fruit,"['yolovmdntiny', 'a', 'lightweight', 'model', 'for', 'multiscale', 'disease', 'detection', 'of', 'postharvest', 'golden', 'passion', 'fruit']","['yolovmdntiny', 'lightweight', 'multiscale', 'disease', 'postharvest', 'golden', 'passion', 'fruit']",yolovmdntiny lightweight multiscale disease postharvest golden passion fruit,"[('yolovmdntiny', 'lightweight'), ('lightweight', 'multiscale'), ('multiscale', 'disease'), ('disease', 'postharvest'), ('postharvest', 'golden'), ('golden', 'passion'), ('passion', 'fruit')]",13,106,8,"[('yolovmdntiny', 'lightweight', 'multiscale'), ('lightweight', 'multiscale', 'disease'), ('multiscale', 'disease', 'postharvest'), ('disease', 'postharvest', 'golden'), ('postharvest', 'golden', 'passion'), ('golden', 'passion', 'fruit')]","['passion', 'fruit', 'commercially', 'fruit', 'crop', 'easily', 'infect', 'anthracnose', 'scab', 'decline', 'economic', 'present', 'passion', 'fruit', 'quality', 'grade', 'mainly', 'judge', 'manual', 'strong', 'subjectivity', 'poor', 'efficiency', 'intelligent', 'classification', 'postharvest', 'passion', 'fruit', 'essential', 'skin', 'disease', 'grade', 'fruit', 'quality', 'view', 'shortcoming', 'deep', 'learn', 'model', 'weak', 'multi-scale', 'detection', 'ability', 'yolov8-mdn-tiny', 'model', 'ability', 'passion', 'fruit', 'small-scale', 'disease', 'detection', 'backbone', 'layer', 'replace', 'self-made', 'mfso', 'structure', 'expand', 'feature', 'pixel', 'target', 'information', 'enrich', 'feature', 'expression', 'dyrep', 'module', 'realize', 'interactive', 'fusion', 'disease', 'feature', 'scale', 'depth', 'nwd', 'loss', 'function', 'introduce', 'accurately', 'overlap', 'two', 'bound', 'box', 'slimming', 'prune', 'cwd', 'compress', 'model', 'yolov8s', 'lightweight', 'model', 'accurate', 'localization', 'passion', 'fruit', 'target', 'map50', 'precision', 'recall', 'model', 'parameter', 'memory', 'usage', 'technically', 'disease', 'detection', 'postharvest', 'passion', 'fruit', 'real-time', 'grading', 'quality']",passion fruit commercially fruit crop easily infect anthracnose scab decline economic present passion fruit quality grade mainly judge manual strong subjectivity poor efficiency intelligent classification postharvest passion fruit essential skin disease grade fruit quality view shortcoming deep learn model weak multi-scale detection ability yolov8-mdn-tiny model ability passion fruit small-scale disease detection backbone layer replace self-made mfso structure expand feature pixel target information enrich feature expression dyrep module realize interactive fusion disease feature scale depth nwd loss function introduce accurately overlap two bound box slimming prune cwd compress model yolov8s lightweight model accurate localization passion fruit target map50 precision recall model parameter memory usage technically disease detection postharvest passion fruit real-time grading quality,112,233,2,0.63364553,"plant, model, image, fruit, leaf","Passion fruit, a commercially significant fruit crop, is easily infected by anthracnose and scab, which declines it economic value. However, at the present time, passion fruit quality grading is mainly judged by manual assessment, with strong subjectivity, poor efficiency and low accuracy. Intelligent classification of postharvest passion fruit is essential, with skin disease being a critical factor in grading fruit quality. In view of the shortcomings in traditional deep learning model, such as weak multi-scale detection ability and low accuracy, we propose a YOLOv8-MDN-Tiny model to improve the ability of passion fruit small-scale disease detection. The backbone layer is replaced by the self-made MFSO structure to expand the feature pixels of small target information and enrich their feature expression. An improved DyRep module is proposed to realize the interactive fusion of disease features at different scales and depths. NWD loss function is introduced to accurately measure the overlap of two bounding boxes. Finally, Slimming pruning and CWD are used to compress the model. Compared with YOLOv8s, our improved lightweight model achieves more accurate localization of small passion fruit targets. Specifically, the mAP50 is increased by 2.294.8 , the precision and recall are improved by 1.5  and 6.0 . Meanwhile, the number of model parameters and memory usage are decreased by 90.1  and 88.9 . The results technically support the disease detection in postharvest passion fruit and real-time grading of their quality.",7,"[{'text': 'anthracnose', 'type': 'DISEASE', 'start': 76, 'end': 87, 'source': 'domain_dictionary'}, {'text': 'accuracy', 'type': 'METRIC', 'start': 281, 'end': 289, 'source': 'domain_dictionary'}, {'text': 'classification', 'type': 'ML_TECHNIQUE', 'start': 303, 'end': 317, 'source': 'domain_dictionary'}, {'text': 'deep learning', 'type': 'ML_TECHNIQUE', 'start': 472, 'end': 485, 'source': 'domain_dictionary'}, {'text': 'accuracy', 'type': 'METRIC', 'start': 544, 'end': 552, 'source': 'domain_dictionary'}, {'text': 'YOLOv8-MDN-Tiny', 'type': 'SPACY_ORG', 'start': 567, 'end': 582, 'source': 'core_web_sm'}, {'text': 'MFSO', 'type': 'SPACY_PERSON', 'start': 708, 'end': 712, 'source': 'core_web_sm'}, {'text': 'DyRep', 'type': 'SPACY_PRODUCT', 'start': 829, 'end': 834, 'source': 'core_web_sm'}, {'text': 'NWD', 'type': 'SPACY_ORG', 'start': 940, 'end': 943, 'source': 'core_web_sm'}, {'text': 'CWD', 'type': 'SPACY_ORG', 'start': 1059, 'end': 1062, 'source': 'core_web_sm'}, {'text': 'precision', 'type': 'METRIC', 'start': 1273, 'end': 1282, 'source': 'domain_dictionary'}, {'text': 'recall', 'type': 'METRIC', 'start': 1287, 'end': 1293, 'source': 'domain_dictionary'}]",12,0.1342281879194631,0.40268456375838924,0.40268456375838924,0.06040268456375839,METHODS,0.8451723190574738,12
W5ESNVB4,document,2022,"Murali-Baskaran, Ramasamy Kanagaraj; Mooventhan, Palanisamy; Das, Debanjan; Dixit, Anil; Sharma, Kailash Chander; Senthil-Nathan, Sengottayan; Kaushal, Pankaj; Ghosh, Probir Kumar",The future of plant volatile organic compounds (pVOCs) research: Advances and applications for sustainable agriculture,,10.1016/j.envexpbot.2022.104912,http://dx.doi.org/10.1016/j.envexpbot.2022.104912,"Volatile organic compounds emitted by plants (pVOCs) protect themselves from abiotic and biotic stresses. Plants are under constant threats from biotic stress especially herbivores which facilitate plants to emit herbivore-induced plant volatiles (HIPVs), an inducible defense in plants against herbivores by communicating to herbivores’ natural enemies and neighboring plants. HIPVs are reported to act as feeding and/or oviposition deterrents to herbivores, belonging to four major groups including terpene/terpenoids, benzenoids and phenylpropanoids, the volatile fatty acid derivatives, and the volatile aminoacid derivatives. However, the plant volatile profiles induced by herbivores have been reported to be altered by silicon (Si)-fertilization, priming of plants with chemical elicitors and climate change which can induce plants to produce and emit novel plant volatiles that are not expressed by plants in response to damage by herbivory. Transgenic crops and/or sentinel crops with enhanced pVOCs emission profiles have been proposed to improve plant resistance, health and yields. Currently several technological advances in devices including field-portable electronic devices (e-Nose) and hand-held smartphone-based biosensors for in situ early detection of pVOCs profiles which are now available and supported by artificial intelligence (AI), to increase detection accuracy of these systems. The present review highlights the multi-dimension approaches emerging in pVOCs research for early and rapid detection of specific VOCs indicators as markers with associated plant biotic stressors.",2022-08,2026-01-24 00:34:05,2026-01-24 00:34:05,,Elsevier BV,/home/aalejoz25/Zotero/storage/2RSK5Z82/Murali-Baskaran et al. - 2022 - The future of plant volatile organic compounds (pVOCs) research Advances and applications for susta.pdf,E-nose; HIPV; Inducible defense; Priming; Push-pull; pVOC; Smartphone; Soluble silica; Sustainable agriculture; Transgenic,the future of plant volatile organic compounds pvocs research advances and applications for sustainable agriculture,"['the', 'future', 'of', 'plant', 'volatile', 'organic', 'compounds', 'pvocs', 'research', 'advances', 'and', 'applications', 'for', 'sustainable', 'agriculture']","['future', 'volatile', 'organic', 'compound', 'pvocs', 'advance', 'application', 'sustainable']",future volatile organic compound pvocs advance application sustainable,"[('future', 'volatile'), ('volatile', 'organic'), ('organic', 'compound'), ('compound', 'pvocs'), ('pvocs', 'advance'), ('advance', 'application'), ('application', 'sustainable')]",15,118,8,"[('future', 'volatile', 'organic'), ('volatile', 'organic', 'compound'), ('organic', 'compound', 'pvocs'), ('compound', 'pvocs', 'advance'), ('pvocs', 'advance', 'application'), ('advance', 'application', 'sustainable')]","['volatile', 'organic', 'compound', 'emit', 'plant', 'pvocs', 'protect', 'abiotic', 'biotic', 'stress', 'plant', 'constant', 'threat', 'biotic', 'stress', 'herbivore', 'facilitate', 'plant', 'emit', 'herbivore-induced', 'plant', 'volatile', 'hipvs', 'inducible', 'defense', 'plant', 'herbivores', 'communicate', 'herbivore', 'natural', 'enemy', 'neighbor', 'plant', 'hipvs', 'act', 'feed', 'oviposition', 'deterrent', 'herbivores', 'belong', 'four', 'terpene', 'terpenoids', 'benzenoids', 'phenylpropanoids', 'volatile', 'fatty', 'acid', 'derivative', 'volatile', 'aminoacid', 'derivative', 'plant', 'volatile', 'profile', 'induce', 'herbivore', 'alter', 'silicon', 'fertilization', 'prim', 'plant', 'chemical', 'elicitors', 'climate', 'change', 'induce', 'plant', 'produce', 'emit', 'plant', 'volatile', 'express', 'plant', 'response', 'damage', 'herbivory', 'transgenic', 'crop', 'sentinel', 'crop', 'pvocs', 'emission', 'profile', 'plant', 'resistance', 'health', 'yield', 'currently', 'technological', 'advance', 'device', 'field-portable', 'electronic', 'device', 'e-nose', 'hand-held', 'smartphone-based', 'biosensors', 'situ', 'detection', 'pvocs', 'profile', 'available', 'artificial', 'intelligence', 'detection', 'present', 'review', 'highlight', 'multi-dimension', 'emerge', 'pvocs', 'rapid', 'detection', 'specific', 'vocs', 'indicator', 'marker', 'associate', 'plant', 'biotic', 'stressor']",volatile organic compound emit plant pvocs protect abiotic biotic stress plant constant threat biotic stress herbivore facilitate plant emit herbivore-induced plant volatile hipvs inducible defense plant herbivores communicate herbivore natural enemy neighbor plant hipvs act feed oviposition deterrent herbivores belong four terpene terpenoids benzenoids phenylpropanoids volatile fatty acid derivative volatile aminoacid derivative plant volatile profile induce herbivore alter silicon fertilization prim plant chemical elicitors climate change induce plant produce emit plant volatile express plant response damage herbivory transgenic crop sentinel crop pvocs emission profile plant resistance health yield currently technological advance device field-portable electronic device e-nose hand-held smartphone-based biosensors situ detection pvocs profile available artificial intelligence detection present review highlight multi-dimension emerge pvocs rapid detection specific vocs indicator marker associate plant biotic stressor,123,217,2,0.6851005,"plant, model, image, fruit, leaf","Volatile organic compounds emitted by plants (pVOCs) protect themselves from abiotic and biotic stresses. Plants are under constant threats from biotic stress especially herbivores which facilitate plants to emit herbivore-induced plant volatiles (HIPVs), an inducible defense in plants against herbivores by communicating to herbivores natural enemies and neighboring plants. HIPVs are reported to act as feeding andor oviposition deterrents to herbivores, belonging to four major groups including terpeneterpenoids, benzenoids and phenylpropanoids, the volatile fatty acid derivatives, and the volatile aminoacid derivatives. However, the plant volatile profiles induced by herbivores have been reported to be altered by silicon (Si)-fertilization, priming of plants with chemical elicitors and climate change which can induce plants to produce and emit novel plant volatiles that are not expressed by plants in response to damage by herbivory. Transgenic crops andor sentinel crops with enhanced pVOCs emission profiles have been proposed to improve plant resistance, health and yields. Currently several technological advances in devices including field-portable electronic devices (e-Nose) and hand-held smartphone-based biosensors for in situ early detection of pVOCs profiles which are now available and supported by artificial intelligence (AI), to increase detection accuracy of these systems. The present review highlights the multi-dimension approaches emerging in pVOCs research for early and rapid detection of specific VOCs indicators as markers with associated plant biotic stressors.",2,"[{'text': 'fatty acid', 'type': 'NUTRITIONAL_PARAMETER', 'start': 567, 'end': 577, 'source': 'domain_dictionary'}, {'text': 'e-nose', 'type': 'SENSING_TECHNOLOGY', 'start': 1191, 'end': 1197, 'source': 'domain_dictionary'}, {'text': 'accuracy', 'type': 'METRIC', 'start': 1380, 'end': 1388, 'source': 'domain_dictionary'}]",3,0.3448275862068966,0.0,0.3448275862068966,0.3103448275862069,INTRODUCTION,0.7916131368175877,7
A9HUK4VM,journalArticle,2021,"Sharma, Meenakshi; Kaushik, Prashant; Chawade, Aakash",Frontiers in the Solicitation of Machine Learning Approaches in Vegetable Science Research,Sustainability,10.3390/su13158600,http://dx.doi.org/10.3390/su13158600,,2021-08,2026-01-24 00:34:05,2026-01-24 00:34:05,8600,MDPI AG,/home/aalejoz25/Zotero/storage/W3ZEW6GW/Sharma et al. - 2021 - Frontiers in the Solicitation of Machine Learning Approaches in Vegetable Science Research.pdf,,frontiers in the solicitation of machine learning approaches in vegetable science research,"['frontiers', 'in', 'the', 'solicitation', 'of', 'machine', 'learning', 'approaches', 'in', 'vegetable', 'science', 'research']","['frontier', 'solicitation', 'approach', 'vegetable', 'science']",frontier solicitation approach vegetable science,"[('frontier', 'solicitation'), ('solicitation', 'approach'), ('approach', 'vegetable'), ('vegetable', 'science')]",12,90,5,"[('frontier', 'solicitation', 'approach'), ('solicitation', 'approach', 'vegetable'), ('approach', 'vegetable', 'science')]",[],,0,0,,,,,,[],0,0.0,0.0,0.0,0.0,UNKNOWN,0.0,0
CKW2MQFJ,journalArticle,2025,"Cai, Zhaopeng; Farhana, Nadia; Karim, Asif Mahbub; Zhai, Fengyan; Huang, Wenwen; Guo, Meng",IMNM: integrated multi-network model for identifying pepper leaf diseases,Frontiers in Plant Science,10.3389/fpls.2025.1558349,http://dx.doi.org/10.3389/fpls.2025.1558349,"As a vegetable crop with high economic value, the yield of pepper is often significantly restricted by leaf diseases, and the spots formed by these diseases on the surface of leaves are highly complex in color and texture characteristics. To overcome the shortcomings of traditional manual identification methods, such as low efficiency, time-consuming, and labor-consuming, an integrated multi-network model (IMNM) was established by combining an improved ResNet, a dynamic convolution network (DCN), and a progressive prototype network (PPN), which was aimed at five typical pepper leaf samples (healthy, virus, leaf blight, brown spot, and phyllosticta). The experimental results show that IMNM achieves 98.55% accuracy in pepper disease identification, which is significantly better than the benchmark models such as Inception-V4, ShuffleNet-V3, and EfficientNet-B7. In the cross-species generalization verification, the average identification accuracy of the model for apple, wheat, and rice leaf diseases increased to 99.81%, and its four core indicators of specificity, precision, sensitivity, and accuracy were all stable over 98%. This demonstrates that IMNM can effectively analyze the color and texture characteristics of highly heterogeneous disease spots and possesses strong cross-crop generalization capabilities. Its technical path lays a theoretical foundation for the development of field mobile disease diagnosis equipment based on deep learning, and is of great value for promoting the engineering application of an intelligent monitoring system for crop diseases and insect pests.",2025-09,2026-01-24 00:34:05,2026-01-24 00:34:05,,Frontiers Media SA,/home/aalejoz25/Zotero/storage/LQ3Q9LLP/Cai et al. - 2025 - IMNM integrated multi-network model for identifying pepper leaf diseases.pdf,deep learning; identifying; integrated; multi-network model; pepper leaf diseases,imnm integrated multinetwork model for identifying pepper leaf diseases,"['imnm', 'integrated', 'multinetwork', 'model', 'for', 'identifying', 'pepper', 'leaf', 'diseases']","['imnm', 'integrated', 'multinetwork', 'identifying', 'pepper', 'disease']",imnm integrated multinetwork identifying pepper disease,"[('imnm', 'integrated'), ('integrated', 'multinetwork'), ('multinetwork', 'identifying'), ('identifying', 'pepper'), ('pepper', 'disease')]",9,73,6,"[('imnm', 'integrated', 'multinetwork'), ('integrated', 'multinetwork', 'identifying'), ('multinetwork', 'identifying', 'pepper'), ('identifying', 'pepper', 'disease')]","['vegetable', 'crop', 'economic', 'yield', 'pepper', 'often', 'restrict', 'leaf', 'disease', 'spot', 'form', 'disease', 'surface', 'leave', 'highly', 'color', 'texture', 'characteristic', 'overcome', 'shortcoming', 'manual', 'identification', 'method', 'efficiency', 'time-consuming', 'labor-consuming', 'integrate', 'multi-network', 'model', 'imnm', 'establish', 'combine', 'resnet', 'dynamic', 'convolution', 'network', 'dcn', 'progressive', 'prototype', 'network', 'ppn', 'aim', 'five', 'pepper', 'leaf', 'sample', 'healthy', 'virus', 'leaf', 'blight', 'brown', 'spot', 'phyllosticta', 'imnm', 'pepper', 'disease', 'identification', 'inception-v4', 'shufflenet-v3', 'efficientnet-b7', 'cross-species', 'generalization', 'verification', 'identification', 'model', 'apple', 'wheat', 'rice', 'leaf', 'diseases', 'four', 'core', 'indicator', 'specificity', 'precision', 'sensitivity', 'stable', 'imnm', 'effectively', 'analyze', 'color', 'texture', 'characteristic', 'highly', 'heterogeneous', 'disease', 'spot', 'possess', 'strong', 'cross-crop', 'generalization', 'capability', 'technical', 'path', 'lay', 'theoretical', 'foundation', 'development', 'mobile', 'disease', 'diagnosis', 'equipment', 'deep', 'learning', 'great', 'promote', 'engineering', 'application', 'intelligent', 'monitoring', 'system', 'crop', 'disease', 'insect', 'pest']",vegetable crop economic yield pepper often restrict leaf disease spot form disease surface leave highly color texture characteristic overcome shortcoming manual identification method efficiency time-consuming labor-consuming integrate multi-network model imnm establish combine resnet dynamic convolution network dcn progressive prototype network ppn aim five pepper leaf sample healthy virus leaf blight brown spot phyllosticta imnm pepper disease identification inception-v4 shufflenet-v3 efficientnet-b7 cross-species generalization verification identification model apple wheat rice leaf diseases four core indicator specificity precision sensitivity stable imnm effectively analyze color texture characteristic highly heterogeneous disease spot possess strong cross-crop generalization capability technical path lay theoretical foundation development mobile disease diagnosis equipment deep learning great promote engineering application intelligent monitoring system crop disease insect pest,115,224,2,0.7428932,"plant, model, image, fruit, leaf","As a vegetable crop with high economic value, the yield of pepper is often significantly restricted by leaf diseases, and the spots formed by these diseases on the surface of leaves are highly complex in color and texture characteristics. To overcome the shortcomings of traditional manual identification methods, such as low efficiency, time-consuming, and labor-consuming, an integrated multi-network model (IMNM) was established by combining an improved ResNet, a dynamic convolution network (DCN), and a progressive prototype network (PPN), which was aimed at five typical pepper leaf samples (healthy, virus, leaf blight, brown spot, and phyllosticta). The experimental results show that IMNM achieves 98.55 accuracy in pepper disease identification, which is significantly better than the benchmark models such as Inception-V4, ShuffleNet-V3, and EfficientNet-B7. In the cross-species generalization verification, the average identification accuracy of the model for apple, wheat, and rice leaf diseases increased to 99.81, and its four core indicators of specificity, precision, sensitivity, and accuracy were all stable over 98. This demonstrates that IMNM can effectively analyze the color and texture characteristics of highly heterogeneous disease spots and possesses strong cross-crop generalization capabilities. Its technical path lays a theoretical foundation for the development of field mobile disease diagnosis equipment based on deep learning, and is of great value for promoting the engineering application of an intelligent monitoring system for crop diseases and insect pests.",5,"[{'text': 'pepper', 'type': 'CROP_TYPE', 'start': 59, 'end': 65, 'source': 'domain_dictionary'}, {'text': 'color', 'type': 'QUALITY_ATTRIBUTE', 'start': 204, 'end': 209, 'source': 'domain_dictionary'}, {'text': 'texture', 'type': 'QUALITY_ATTRIBUTE', 'start': 214, 'end': 221, 'source': 'domain_dictionary'}, {'text': 'IMNM', 'type': 'SPACY_ORG', 'start': 410, 'end': 414, 'source': 'core_web_sm'}, {'text': 'resnet', 'type': 'ML_MODEL', 'start': 457, 'end': 463, 'source': 'domain_dictionary'}, {'text': 'DCN', 'type': 'SPACY_ORG', 'start': 496, 'end': 499, 'source': 'core_web_sm'}, {'text': 'PPN', 'type': 'SPACY_ORG', 'start': 539, 'end': 542, 'source': 'core_web_sm'}, {'text': 'pepper', 'type': 'CROP_TYPE', 'start': 577, 'end': 583, 'source': 'domain_dictionary'}, {'text': 'IMNM', 'type': 'SPACY_ORG', 'start': 693, 'end': 697, 'source': 'core_web_sm'}, {'text': 'accuracy', 'type': 'METRIC', 'start': 714, 'end': 722, 'source': 'domain_dictionary'}, {'text': 'pepper', 'type': 'CROP_TYPE', 'start': 726, 'end': 732, 'source': 'domain_dictionary'}, {'text': 'Inception-V4', 'type': 'SPACY_ORG', 'start': 821, 'end': 833, 'source': 'core_web_sm'}, {'text': 'ShuffleNet-V3', 'type': 'SPACY_ORG', 'start': 835, 'end': 848, 'source': 'core_web_sm'}, {'text': 'efficientnet', 'type': 'ML_MODEL', 'start': 854, 'end': 866, 'source': 'domain_dictionary'}, {'text': 'accuracy', 'type': 'METRIC', 'start': 948, 'end': 956, 'source': 'domain_dictionary'}, {'text': 'specificity', 'type': 'METRIC', 'start': 1064, 'end': 1075, 'source': 'domain_dictionary'}, {'text': 'precision', 'type': 'METRIC', 'start': 1077, 'end': 1086, 'source': 'domain_dictionary'}, {'text': 'sensitivity', 'type': 'METRIC', 'start': 1088, 'end': 1099, 'source': 'domain_dictionary'}, {'text': 'accuracy', 'type': 'METRIC', 'start': 1105, 'end': 1113, 'source': 'domain_dictionary'}, {'text': 'IMNM', 'type': 'SPACY_ORG', 'start': 1163, 'end': 1167, 'source': 'core_web_sm'}, {'text': 'color', 'type': 'QUALITY_ATTRIBUTE', 'start': 1196, 'end': 1201, 'source': 'domain_dictionary'}, {'text': 'texture', 'type': 'QUALITY_ATTRIBUTE', 'start': 1206, 'end': 1213, 'source': 'domain_dictionary'}, {'text': 'deep learning', 'type': 'ML_TECHNIQUE', 'start': 1451, 'end': 1464, 'source': 'domain_dictionary'}]",23,0.07751937984496125,0.4186046511627907,0.5038759689922481,0.0,RESULTS,0.6550821782217714,6
DCSB4GUW,journalArticle,2023,"Krishna, Rajashree; Prema, K. V.",Constructing and Optimizing RNN Models to Predict Fruit Rot Disease Incidence in Areca Nut Crop Based on Weather Parameters,IEEE Access,10.1109/ACCESS.2023.3311477,http://dx.doi.org/10.1109/ACCESS.2023.3311477,"A farmer faces several challenges associated with fruit rot disease in the areca nut crop. Weather factors, including rainfall and temperature, largely influence the disease severity and spread of infection in crops. Significant growth has been achieved using RNN models for time series forecasting in the past few decades, but these models are not applied to fruit rot disease prediction. This study introduces Vanilla GRU, Stacked GRU, Bidirectional GRU, and Bidirectional LSTM models for the inaugural prediction of fruit rot disease scores using past weather data. The current investigation also involves the mitigation and comparison of forecast inaccuracies by utilising weight optimisation algorithms like Adam, Adagrad, RMSprop, and Genetic algorithms. Meteorological and disease score data are gathered from the Agricultural Research Station in Brahmavar, Karnataka, and CPCRI Kasargod, Kerala. These datasets are combined using a rule-based algorithm to train and evaluate the proposed model. Empirical outcomes reveal that the vanilla GRU model, when fine-Tuned with the Adam algorithm, exhibits a diminished Mean Squared Error (MSE) value of 0.0009, an exceptionally minimal Mean Absolute Error (MAE) value of 0.02, and an elevated R-squared (R2) score of 0.99. Similarly, the Bidirectional LSTM model, optimised through RMSprop, yields an impressively low Root Mean Squared Error (RMSE) value of 0.033. Generally, the optimised Deep Learning (DL) models consistently demonstrate enhanced predictive precision compared to alternative models. In conclusion, the anticipation of areca nut disease, as facilitated by this study, stands to aid farmers in curtailing unnecessary fungicide application and achieving more favourable yields.",2023,2026-01-24 00:34:05,2026-01-24 00:34:05,110582-110595,Institute of Electrical and Electronics Engineers (IEEE),/home/aalejoz25/Zotero/storage/WMNMZJIL/Krishna and Prema - 2023 - Constructing and Optimizing RNN Models to Predict Fruit Rot Disease Incidence in Areca Nut Crop Base.pdf,deep learning; Areca nut; disease prediction; fruit rot disease; gated recurrent unit; genetic algorithm; optimisation; weather,constructing and optimizing rnn models to predict fruit rot disease incidence in areca nut crop based on weather parameters,"['constructing', 'and', 'optimizing', 'rnn', 'models', 'to', 'predict', 'fruit', 'rot', 'disease', 'incidence', 'in', 'areca', 'nut', 'crop', 'based', 'on', 'weather', 'parameters']","['constructing', 'optimizing', 'rnn', 'predict', 'fruit', 'rot', 'disease', 'incidence', 'areca', 'nut', 'weather', 'parameter']",constructing optimizing rnn predict fruit rot disease incidence areca nut weather parameter,"[('constructing', 'optimizing'), ('optimizing', 'rnn'), ('rnn', 'predict'), ('predict', 'fruit'), ('fruit', 'rot'), ('rot', 'disease'), ('disease', 'incidence'), ('incidence', 'areca'), ('areca', 'nut'), ('nut', 'weather'), ('weather', 'parameter')]",19,123,12,"[('constructing', 'optimizing', 'rnn'), ('optimizing', 'rnn', 'predict'), ('rnn', 'predict', 'fruit'), ('predict', 'fruit', 'rot'), ('fruit', 'rot', 'disease'), ('rot', 'disease', 'incidence'), ('disease', 'incidence', 'areca'), ('incidence', 'areca', 'nut'), ('areca', 'nut', 'weather'), ('nut', 'weather', 'parameter')]","['farmer', 'face', 'associate', 'fruit', 'rot', 'disease', 'areca', 'nut', 'crop', 'weather', 'rainfall', 'temperature', 'largely', 'influence', 'disease', 'severity', 'spread', 'infection', 'crop', 'growth', 'rnn', 'series', 'forecasting', 'fruit', 'rot', 'disease', 'prediction', 'vanilla', 'gru', 'stack', 'gru', 'bidirectional', 'gru', 'bidirectional', 'lstm', 'inaugural', 'prediction', 'fruit', 'rot', 'disease', 'weather', 'data', 'investigation', 'involve', 'mitigation', 'forecast', 'inaccuracy', 'utilise', 'weight', 'optimisation', 'algorithm', 'like', 'adam', 'adagrad', 'rmsprop', 'genetic', 'algorithms', 'meteorological', 'disease', 'data', 'gather', 'agricultural', 'station', 'brahmavar', 'karnataka', 'cpcri', 'kasargod', 'kerala', 'datasets', 'combine', 'rule-based', 'algorithm', 'train', 'evaluate', 'model', 'empirical', 'vanilla', 'gru', 'model', 'fine-tuned', 'adam', 'algorithm', 'exhibit', 'diminish', 'mean', 'square', 'error', 'mse', 'exceptionally', 'minimal', 'mean', 'absolute', 'error', 'mae', 'elevate', 'r-squared', 'bidirectional', 'lstm', 'model', 'optimise', 'rmsprop', 'yield', 'impressively', 'root', 'mean', 'square', 'error', 'rmse', 'generally', 'optimise', 'deep', 'learning', 'consistently', 'predictive', 'precision', 'alternative', 'conclusion', 'anticipation', 'areca', 'nut', 'disease', 'facilitate', 'stand', 'aid', 'farmer', 'curtail', 'unnecessary', 'fungicide', 'application', 'achieve', 'favourable', 'yield']",farmer face associate fruit rot disease areca nut crop weather rainfall temperature largely influence disease severity spread infection crop growth rnn series forecasting fruit rot disease prediction vanilla gru stack gru bidirectional gru bidirectional lstm inaugural prediction fruit rot disease weather data investigation involve mitigation forecast inaccuracy utilise weight optimisation algorithm like adam adagrad rmsprop genetic algorithms meteorological disease data gather agricultural station brahmavar karnataka cpcri kasargod kerala datasets combine rule-based algorithm train evaluate model empirical vanilla gru model fine-tuned adam algorithm exhibit diminish mean square error mse exceptionally minimal mean absolute error mae elevate r-squared bidirectional lstm model optimise rmsprop yield impressively root mean square error rmse generally optimise deep learning consistently predictive precision alternative conclusion anticipation areca nut disease facilitate stand aid farmer curtail unnecessary fungicide application achieve favourable yield,132,249,2,0.8256771,"plant, model, image, fruit, leaf","A farmer faces several challenges associated with fruit rot disease in the areca nut crop. Weather factors, including rainfall and temperature, largely influence the disease severity and spread of infection in crops. Significant growth has been achieved using RNN models for time series forecasting in the past few decades, but these models are not applied to fruit rot disease prediction. This study introduces Vanilla GRU, Stacked GRU, Bidirectional GRU, and Bidirectional LSTM models for the inaugural prediction of fruit rot disease scores using past weather data. The current investigation also involves the mitigation and comparison of forecast inaccuracies by utilising weight optimisation algorithms like Adam, Adagrad, RMSprop, and Genetic algorithms. Meteorological and disease score data are gathered from the Agricultural Research Station in Brahmavar, Karnataka, and CPCRI Kasargod, Kerala. These datasets are combined using a rule-based algorithm to train and evaluate the proposed model. Empirical outcomes reveal that the vanilla GRU model, when fine-Tuned with the Adam algorithm, exhibits a diminished Mean Squared Error (MSE) value of 0.0009, an exceptionally minimal Mean Absolute Error (MAE) value of 0.02, and an elevated R-squared (R2) score of 0.99. Similarly, the Bidirectional LSTM model, optimised through RMSprop, yields an impressively low Root Mean Squared Error (RMSE) value of 0.033. Generally, the optimised Deep Learning (DL) models consistently demonstrate enhanced predictive precision compared to alternative models. In conclusion, the anticipation of areca nut disease, as facilitated by this study, stands to aid farmers in curtailing unnecessary fungicide application and achieving more favourable yields.",8,"[{'text': 'rnn', 'type': 'ML_TECHNIQUE', 'start': 260, 'end': 263, 'source': 'domain_dictionary'}, {'text': 'Vanilla GRU', 'type': 'SPACY_PERSON', 'start': 412, 'end': 423, 'source': 'core_web_sm'}, {'text': 'Stacked GRU', 'type': 'SPACY_PERSON', 'start': 425, 'end': 436, 'source': 'core_web_sm'}, {'text': 'Bidirectional GRU', 'type': 'SPACY_PERSON', 'start': 438, 'end': 455, 'source': 'core_web_sm'}, {'text': 'Bidirectional', 'type': 'SPACY_ORG', 'start': 461, 'end': 474, 'source': 'core_web_sm'}, {'text': 'lstm', 'type': 'ML_TECHNIQUE', 'start': 475, 'end': 479, 'source': 'domain_dictionary'}, {'text': 'weight', 'type': 'QUALITY_ATTRIBUTE', 'start': 677, 'end': 683, 'source': 'domain_dictionary'}, {'text': 'Adam, Adagrad', 'type': 'SPACY_ORG', 'start': 713, 'end': 726, 'source': 'core_web_sm'}, {'text': 'RMSprop', 'type': 'SPACY_ORG', 'start': 728, 'end': 735, 'source': 'core_web_sm'}, {'text': 'Genetic', 'type': 'SPACY_PERSON', 'start': 741, 'end': 748, 'source': 'core_web_sm'}, {'text': 'the Agricultural Research Station', 'type': 'SPACY_ORG', 'start': 817, 'end': 850, 'source': 'core_web_sm'}, {'text': 'Brahmavar', 'type': 'SPACY_GPE', 'start': 854, 'end': 863, 'source': 'core_web_sm'}, {'text': 'Karnataka', 'type': 'SPACY_GPE', 'start': 865, 'end': 874, 'source': 'core_web_sm'}, {'text': 'Kasargod', 'type': 'SPACY_PERSON', 'start': 886, 'end': 894, 'source': 'core_web_sm'}, {'text': 'Kerala', 'type': 'SPACY_GPE', 'start': 896, 'end': 902, 'source': 'core_web_sm'}, {'text': 'gru', 'type': 'ML_TECHNIQUE', 'start': 1046, 'end': 1049, 'source': 'domain_dictionary'}, {'text': 'Mean Squared Error (', 'type': 'SPACY_ORG', 'start': 1120, 'end': 1140, 'source': 'core_web_sm'}, {'text': 'mse', 'type': 'METRIC', 'start': 1140, 'end': 1143, 'source': 'domain_dictionary'}, {'text': 'mean absolute error', 'type': 'METRIC', 'start': 1187, 'end': 1206, 'source': 'domain_dictionary'}, {'text': 'mae', 'type': 'METRIC', 'start': 1208, 'end': 1211, 'source': 'domain_dictionary'}, {'text': 'r-squared', 'type': 'METRIC', 'start': 1244, 'end': 1253, 'source': 'domain_dictionary'}, {'text': 'r2', 'type': 'METRIC', 'start': 1255, 'end': 1257, 'source': 'domain_dictionary'}, {'text': 'the Bidirectional LSTM', 'type': 'SPACY_LAW', 'start': 1285, 'end': 1307, 'source': 'core_web_sm'}, {'text': 'RMSprop', 'type': 'SPACY_ORG', 'start': 1333, 'end': 1340, 'source': 'core_web_sm'}, {'text': 'Root Mean Squared Error (RMSE', 'type': 'SPACY_ORG', 'start': 1369, 'end': 1398, 'source': 'core_web_sm'}, {'text': 'deep learning', 'type': 'ML_TECHNIQUE', 'start': 1441, 'end': 1454, 'source': 'domain_dictionary'}, {'text': 'precision', 'type': 'METRIC', 'start': 1512, 'end': 1521, 'source': 'domain_dictionary'}]",27,0.09876543209876543,0.5925925925925926,0.19753086419753085,0.1111111111111111,METHODS,0.795804476168611,11
IVQVWHZD,document,2023,"Ece, Emre; Eş, Ismail; Inci, Fatih",Microneedle technology as a new standpoint in agriculture: Treatment and sensing,,10.1016/j.mattod.2023.07.002,http://dx.doi.org/10.1016/j.mattod.2023.07.002,"Preventing plant loss and improving their health status are essential for agricultural industry. Correspondingly, the deprivation of plants severely impacts our ecological system. As such, global efforts have been intensely made to promote the development of advanced sensing and treatment platforms to forestall plant loss. Existing technologies mainly encounter a number of challenges in providing results in a non-invasive, rapid turnaround, and affordable fashions. Accordingly, notable progressions in innovative approaches—particularly biosensing and delivery platforms, are vastly required for agriculture realm. In this regard, microneedles have emerged as a pivotal technological tool that plays multifaceted roles in biosensing and delivery systems, with attention of growing towards agriculture. Simply put, microneedles offer several advantages over conventional methods for being less invasive, rapid, and highly precise. In this review, recent advancements in microneedle technologies including their implementations in agriculture are highlighted coherently. In particular, extracting DNA from plant leaves and expressing transient genes using microneedles are elaborated in details. Microneedle-based sensing platforms for detecting essential compounds and secondary metabolites are discussed as well. Recent advances focusing the delivery of agrochemicals and nanotherapeutics via microneedles are elaborated. By this means, this review aims to bridge the existing gaps between microneedles and agriculture precisely.",2023-09,2026-01-24 00:34:05,2026-01-24 00:34:05,,Elsevier BV,,Agricultural products; Biosensors; Crop diseases; Drug delivery; Microneedles,microneedle technology as a new standpoint in agriculture treatment and sensing,"['microneedle', 'technology', 'as', 'a', 'new', 'standpoint', 'in', 'agriculture', 'treatment', 'and', 'sensing']","['microneedle', 'technology', 'standpoint', 'treatment', 'sensing']",microneedle technology standpoint treatment sensing,"[('microneedle', 'technology'), ('technology', 'standpoint'), ('standpoint', 'treatment'), ('treatment', 'sensing')]",11,80,5,"[('microneedle', 'technology', 'standpoint'), ('technology', 'standpoint', 'treatment'), ('standpoint', 'treatment', 'sensing')]","['prevent', 'plant', 'loss', 'improve', 'health', 'status', 'essential', 'agricultural', 'industry', 'correspondingly', 'deprivation', 'plant', 'severely', 'impact', 'ecological', 'system', 'global', 'effort', 'intensely', 'make', 'promote', 'development', 'advance', 'sense', 'treatment', 'platform', 'forestall', 'plant', 'loss', 'technology', 'mainly', 'encounter', 'provide', 'non-invasive', 'rapid', 'turnaround', 'affordable', 'fashion', 'notable', 'progression', 'innovative', 'approaches-particularly', 'biosensing', 'delivery', 'platform', 'vastly', 'agriculture', 'realm', 'regard', 'microneedles', 'emerge', 'pivotal', 'technological', 'tool', 'play', 'multifaceted', 'role', 'biosensing', 'delivery', 'attention', 'grow', 'towards', 'agriculture', 'simply', 'put', 'microneedles', 'offer', 'method', 'less', 'invasive', 'rapid', 'highly', 'precise', 'review', 'advancement', 'microneedle', 'technology', 'agriculture', 'highlight', 'coherently', 'particular', 'extract', 'dna', 'plant', 'leave', 'express', 'transient', 'gene', 'microneedles', 'elaborate', 'detail', 'microneedle-based', 'sensing', 'platform', 'detect', 'essential', 'compound', 'secondary', 'metabolite', 'discuss', 'advance', 'delivery', 'agrochemicals', 'nanotherapeutics', 'via', 'microneedles', 'elaborate', 'mean', 'review', 'bridge', 'gap', 'microneedles', 'agriculture', 'precisely']",prevent plant loss improve health status essential agricultural industry correspondingly deprivation plant severely impact ecological system global effort intensely make promote development advance sense treatment platform forestall plant loss technology mainly encounter provide non-invasive rapid turnaround affordable fashion notable progression innovative approaches-particularly biosensing delivery platform vastly agriculture realm regard microneedles emerge pivotal technological tool play multifaceted role biosensing delivery attention grow towards agriculture simply put microneedles offer method less invasive rapid highly precise review advancement microneedle technology agriculture highlight coherently particular extract dna plant leave express transient gene microneedles elaborate detail microneedle-based sensing platform detect essential compound secondary metabolite discuss advance delivery agrochemicals nanotherapeutics via microneedles elaborate mean review bridge gap microneedles agriculture precisely,114,199,2,0.5689342,"plant, model, image, fruit, leaf","Preventing plant loss and improving their health status are essential for agricultural industry. Correspondingly, the deprivation of plants severely impacts our ecological system. As such, global efforts have been intensely made to promote the development of advanced sensing and treatment platforms to forestall plant loss. Existing technologies mainly encounter a number of challenges in providing results in a non-invasive, rapid turnaround, and affordable fashions. Accordingly, notable progressions in innovative approachesparticularly biosensing and delivery platforms, are vastly required for agriculture realm. In this regard, microneedles have emerged as a pivotal technological tool that plays multifaceted roles in biosensing and delivery systems, with attention of growing towards agriculture. Simply put, microneedles offer several advantages over conventional methods for being less invasive, rapid, and highly precise. In this review, recent advancements in microneedle technologies including their implementations in agriculture are highlighted coherently. In particular, extracting DNA from plant leaves and expressing transient genes using microneedles are elaborated in details. Microneedle-based sensing platforms for detecting essential compounds and secondary metabolites are discussed as well. Recent advances focusing the delivery of agrochemicals and nanotherapeutics via microneedles are elaborated. By this means, this review aims to bridge the existing gaps between microneedles and agriculture precisely.",2,[],0,0.198019801980198,0.23762376237623759,0.29702970297029696,0.2673267326732673,RESULTS,0.9921436502867433,12
TT6EIRHU,document,2025,"Law, Cheng Xue; Hashim, Norhashila; Ismail, Siti Izera; Jahari, Mahirah; Riza, Dimas Firmanda Al",A review on anthracnose disease caused by Colletotrichum spp. in fruits and advances in control strategies,,10.1016/j.ijfoodmicro.2025.111397,http://dx.doi.org/10.1016/j.ijfoodmicro.2025.111397,"Fruits are a vital source of essential vitamins, minerals, and antioxidants necessary for human health and well-being. However, fruit production is often hampered by diseases that cause substantial yield losses and compromise fruit quality. Among these, anthracnose caused by various species of the Colletotrichum genus stands out as a particularly destructive disease, affecting a wide range of fruit crops and resulting in significant preharvest and postharvest losses worldwide. This review explores the impact of anthracnose across diverse fruit categories, including temperate fruits, berries, citrus, and tropical fruits. Furthermore, it provides a comprehensive overview of the life cycle and pathogenic mechanisms of Colletotrichum spp., emphasizing their remarkable adaptability to different host fruits. Advances in management strategies are also explored, emphasizing the need for sustainable approaches. While chemical fungicides remain widely used, their overuse has led to resistance development and environmental concerns. Promising alternatives include biological control agents and natural compounds like essential oils and chitosan-based coatings, and physical treatments, such as heat and UV-C irradiation, are also discussed. Future trends are also highlighted. This review provides a new insight of anthracnose across fruit categories, integrating current knowledge on pathogen biology, host-pathogen interactions, and innovative control measures. Future research should prioritize the development of integrated management strategies tailored to specific fruit categories, ensuring sustainable production, enhanced fruit quality, and reduced postharvest losses.",2025-11,2026-01-24 00:34:05,2026-01-24 00:34:05,,Elsevier BV,,Fruits; Colletotrichum; Anthracnose; Fungal pathogen; Plant disease; Postharvest,a review on anthracnose disease caused by colletotrichum spp in fruits and advances in control strategies,"['a', 'review', 'on', 'anthracnose', 'disease', 'caused', 'by', 'colletotrichum', 'spp', 'in', 'fruits', 'and', 'advances', 'in', 'control', 'strategies']","['anthracnose', 'disease', 'caused', 'colletotrichum', 'spp', 'fruit', 'advance', 'control', 'strategy']",anthracnose disease caused colletotrichum spp fruit advance control strategy,"[('anthracnose', 'disease'), ('disease', 'caused'), ('caused', 'colletotrichum'), ('colletotrichum', 'spp'), ('spp', 'fruit'), ('fruit', 'advance'), ('advance', 'control'), ('control', 'strategy')]",16,106,9,"[('anthracnose', 'disease', 'caused'), ('disease', 'caused', 'colletotrichum'), ('caused', 'colletotrichum', 'spp'), ('colletotrichum', 'spp', 'fruit'), ('spp', 'fruit', 'advance'), ('fruit', 'advance', 'control'), ('advance', 'control', 'strategy')]","['fruit', 'vital', 'source', 'essential', 'vitamin', 'mineral', 'antioxidant', 'necessary', 'human', 'health', 'well-being', 'fruit', 'production', 'often', 'hamper', 'disease', 'cause', 'substantial', 'yield', 'loss', 'compromise', 'fruit', 'quality', 'among', 'anthracnose', 'caused', 'specie', 'colletotrichum', 'genus', 'stand', 'destructive', 'disease', 'affect', 'wide', 'range', 'fruit', 'crop', 'preharvest', 'postharvest', 'loss', 'worldwide', 'review', 'impact', 'anthracnose', 'across', 'diverse', 'fruit', 'category', 'temperate', 'fruit', 'berry', 'citrus', 'tropical', 'fruit', 'overview', 'life', 'cycle', 'pathogenic', 'mechanism', 'colletotrichum', 'spp', 'emphasize', 'remarkable', 'adaptability', 'host', 'fruit', 'advance', 'management', 'strategy', 'explore', 'emphasize', 'sustainable', 'chemical', 'fungicide', 'remain', 'widely', 'overuse', 'lead', 'resistance', 'development', 'environmental', 'concern', 'alternative', 'biological', 'control', 'agents', 'natural', 'compound', 'like', 'essential', 'oil', 'chitosan-based', 'coating', 'physical', 'treatment', 'heat', 'uv-c', 'irradiation', 'discuss', 'trend', 'highlight', 'review', 'insight', 'anthracnose', 'across', 'fruit', 'category', 'integrate', 'knowledge', 'pathogen', 'biology', 'host-pathogen', 'interaction', 'innovative', 'control', 'prioritize', 'development', 'integrated', 'management', 'strategy', 'tailor', 'specific', 'fruit', 'category', 'ensure', 'sustainable', 'production', 'fruit', 'quality', 'postharvest', 'loss']",fruit vital source essential vitamin mineral antioxidant necessary human health well-being fruit production often hamper disease cause substantial yield loss compromise fruit quality among anthracnose caused specie colletotrichum genus stand destructive disease affect wide range fruit crop preharvest postharvest loss worldwide review impact anthracnose across diverse fruit category temperate fruit berry citrus tropical fruit overview life cycle pathogenic mechanism colletotrichum spp emphasize remarkable adaptability host fruit advance management strategy explore emphasize sustainable chemical fungicide remain widely overuse lead resistance development environmental concern alternative biological control agents natural compound like essential oil chitosan-based coating physical treatment heat uv-c irradiation discuss trend highlight review insight anthracnose across fruit category integrate knowledge pathogen biology host-pathogen interaction innovative control prioritize development integrated management strategy tailor specific fruit category ensure sustainable production fruit quality postharvest loss,131,220,2,0.46451843,"plant, model, image, fruit, leaf","Fruits are a vital source of essential vitamins, minerals, and antioxidants necessary for human health and well-being. However, fruit production is often hampered by diseases that cause substantial yield losses and compromise fruit quality. Among these, anthracnose caused by various species of the Colletotrichum genus stands out as a particularly destructive disease, affecting a wide range of fruit crops and resulting in significant preharvest and postharvest losses worldwide. This review explores the impact of anthracnose across diverse fruit categories, including temperate fruits, berries, citrus, and tropical fruits. Furthermore, it provides a comprehensive overview of the life cycle and pathogenic mechanisms of Colletotrichum spp., emphasizing their remarkable adaptability to different host fruits. Advances in management strategies are also explored, emphasizing the need for sustainable approaches. While chemical fungicides remain widely used, their overuse has led to resistance development and environmental concerns. Promising alternatives include biological control agents and natural compounds like essential oils and chitosan-based coatings, and physical treatments, such as heat and UV-C irradiation, are also discussed. Future trends are also highlighted. This review provides a new insight of anthracnose across fruit categories, integrating current knowledge on pathogen biology, host-pathogen interactions, and innovative control measures. Future research should prioritize the development of integrated management strategies tailored to specific fruit categories, ensuring sustainable production, enhanced fruit quality, and reduced postharvest losses.",6,"[{'text': 'anthracnose', 'type': 'DISEASE', 'start': 254, 'end': 265, 'source': 'domain_dictionary'}, {'text': 'Colletotrichum', 'type': 'SPACY_ORG', 'start': 299, 'end': 313, 'source': 'core_web_sm'}, {'text': 'anthracnose', 'type': 'DISEASE', 'start': 517, 'end': 528, 'source': 'domain_dictionary'}, {'text': 'Colletotrichum', 'type': 'SPACY_ORG', 'start': 725, 'end': 739, 'source': 'core_web_sm'}, {'text': 'anthracnose', 'type': 'DISEASE', 'start': 1320, 'end': 1331, 'source': 'domain_dictionary'}]",5,0.19607843137254904,0.0,0.09803921568627452,0.7058823529411765,DISCUSSION,0.5720340288552879,11
TNJZV986,document,2023,"Zhang, Moran; Xu, Shengyong; Han, Yutong; Li, Dongping; Yang, Shuo; Huang, Yuan","High-throughput horticultural phenomics: The history, recent advances and new prospects",,10.1016/j.compag.2023.108265,http://dx.doi.org/10.1016/j.compag.2023.108265,"With the development of advanced sensors, artificial intelligence, and computer vision, horticultural phenomics has made great progress in recent years. However, there is a lack of systematic reviews to discuss the horticultural phenomics and its applications at present. In this paper, we aim to fill this gap by providing a comprehensive review of the past developments, recent advances and existing challenges. Furthermore, we propose conception and give our prospects of high-throughput horticultural phenomics. We envision that horticultural phenomics will evolve towards multiscale, multidimension, multiperiod approach in the near future. This transformation will enable researchers to better realize the physiological processes, understand the genetic composition and develop new cultivars of horticultural plants that are better adapted to specific environments. Consequently, it will greatly promote the omics research in horticultural plants. In addition to advancing scientific research, high-throughput horticultural phenomics can also assist growers in efficient crop management, leading to improved yield and quality of horticultural products. However, it is important to acknowledge the challenges that need to be overcome. Once these challenges are addressed, high-throughput horticultural phenomics will become increasingly important in the fight against climate changes and maximizing profits.",2023-10,2026-01-24 00:34:05,2026-01-24 00:34:05,,Elsevier BV,,Develop new cultivars; Genetic composition; Horticultural phenomics; Omics research; Physiological processes,highthroughput horticultural phenomics the history recent advances and new prospects,"['highthroughput', 'horticultural', 'phenomics', 'the', 'history', 'recent', 'advances', 'and', 'new', 'prospects']","['highthroughput', 'horticultural', 'phenomics', 'history', 'recent', 'advance', 'prospect']",highthroughput horticultural phenomics history recent advance prospect,"[('highthroughput', 'horticultural'), ('horticultural', 'phenomics'), ('phenomics', 'history'), ('history', 'recent'), ('recent', 'advance'), ('advance', 'prospect')]",10,87,7,"[('highthroughput', 'horticultural', 'phenomics'), ('horticultural', 'phenomics', 'history'), ('phenomics', 'history', 'recent'), ('history', 'recent', 'advance'), ('recent', 'advance', 'prospect')]","['development', 'advance', 'sensor', 'artificial', 'intelligence', 'computer', 'vision', 'horticultural', 'phenomics', 'make', 'great', 'progress', 'lack', 'systematic', 'review', 'horticultural', 'phenomics', 'application', 'present', 'fill', 'gap', 'provide', 'review', 'development', 'advance', 'conception', 'give', 'prospect', 'high-throughput', 'horticultural', 'phenomics', 'envision', 'horticultural', 'phenomics', 'evolve', 'towards', 'multiscale', 'multidimension', 'multiperiod', 'near', 'transformation', 'researcher', 'realize', 'physiological', 'understand', 'genetic', 'composition', 'develop', 'cultivars', 'horticultural', 'plant', 'adapt', 'specific', 'environment', 'greatly', 'promote', 'omics', 'horticultural', 'plant', 'addition', 'advance', 'scientific', 'high-throughput', 'horticultural', 'phenomics', 'assist', 'grower', 'crop', 'management', 'lead', 'yield', 'quality', 'horticultural', 'product', 'acknowledge', 'overcome', 'address', 'high-throughput', 'horticultural', 'phenomics', 'become', 'increasingly', 'fight', 'climate', 'change', 'maximize', 'profit']",development advance sensor artificial intelligence computer vision horticultural phenomics make great progress lack systematic review horticultural phenomics application present fill gap provide review development advance conception give prospect high-throughput horticultural phenomics envision horticultural phenomics evolve towards multiscale multidimension multiperiod near transformation researcher realize physiological understand genetic composition develop cultivars horticultural plant adapt specific environment greatly promote omics horticultural plant addition advance scientific high-throughput horticultural phenomics assist grower crop management lead yield quality horticultural product acknowledge overcome address high-throughput horticultural phenomics become increasingly fight climate change maximize profit,87,189,2,0.3614037,"plant, model, image, fruit, leaf","With the development of advanced sensors, artificial intelligence, and computer vision, horticultural phenomics has made great progress in recent years. However, there is a lack of systematic reviews to discuss the horticultural phenomics and its applications at present. In this paper, we aim to fill this gap by providing a comprehensive review of the past developments, recent advances and existing challenges. Furthermore, we propose conception and give our prospects of high-throughput horticultural phenomics. We envision that horticultural phenomics will evolve towards multiscale, multidimension, multiperiod approach in the near future. This transformation will enable researchers to better realize the physiological processes, understand the genetic composition and develop new cultivars of horticultural plants that are better adapted to specific environments. Consequently, it will greatly promote the omics research in horticultural plants. In addition to advancing scientific research, high-throughput horticultural phenomics can also assist growers in efficient crop management, leading to improved yield and quality of horticultural products. However, it is important to acknowledge the challenges that need to be overcome. Once these challenges are addressed, high-throughput horticultural phenomics will become increasingly important in the fight against climate changes and maximizing profits.",8,[],0,0.5392156862745099,0.0,0.19607843137254904,0.26470588235294124,INTRODUCTION,0.724470961455534,10
MX4R7KSC,journalArticle,2022,"Paul, Kenny; Chatterjee, Sandeep S.; Pai, Puja; Varshney, Alok; Juikar, Siddhi; Prasad, Venkatesh; Bhadra, Bhaskar; Dasgupta, Santanu",Viable smart sensors and their application in data driven agriculture,Computers and Electronics in Agriculture,10.1016/j.compag.2022.107096,http://dx.doi.org/10.1016/j.compag.2022.107096,"Smart sensors are useful in professional farming approach by which one can use the digital technology to monitor, visualize, generate digital data, to control the application of resources, to improve quality and productivity of agriculture produce. Novel sensors add value in soil-less farming through automation and IoT (Internet of Things) based operation management digital tools. Data-driven technologies by using smart sensors can find a solution to many glitches in agriculture practices and it could improve new efficiencies. The principles of smart sensors as well as the most viable sensors that are used for monitoring soil and plant physicochemical parameters in field cultivation processes, greenhouse and indoor hydroponics are being discussed. Digital technologies in precision farming, automation in agro machinery, Precision Livestock Farming (PLF), TV White Spaces (TVWS) remote connectivity, Unmanned Aerial Vehicles (UAVs) based imagery, application of IoTs can help farming communities to use resources accurately based on real-time farm data acquired and improve crop yield without any wastage. Smart sensors helps the entire food value chain, the precision to productivity quest of growers and could enable new business models. This article provides a wide understanding of novel smart sensors, wireless sensor network architectures, and applications of these sensors to inculcate sustainable farming practices, value chain traceability and create secured income.",2022-07,2026-01-24 00:34:05,2026-01-24 00:34:05,107096,Elsevier BV,,Automation; Data driven agriculture; Digital farming; Smart sensors,viable smart sensors and their application in data driven agriculture,"['viable', 'smart', 'sensors', 'and', 'their', 'application', 'in', 'data', 'driven', 'agriculture']","['viable', 'smart', 'sensor', 'driven']",viable smart sensor driven,"[('viable', 'smart'), ('smart', 'sensor'), ('sensor', 'driven')]",10,69,4,"[('viable', 'smart', 'sensor'), ('smart', 'sensor', 'driven')]","['smart', 'sensor', 'useful', 'professional', 'farm', 'one', 'digital', 'technology', 'monitor', 'visualize', 'generate', 'digital', 'data', 'control', 'application', 'resource', 'quality', 'productivity', 'agriculture', 'produce', 'sensor', 'add', 'soil-less', 'farming', 'automation', 'iot', 'internet', 'thing', 'management', 'digital', 'tool', 'data-driven', 'technology', 'smart', 'sensor', 'glitch', 'agriculture', 'practice', 'efficiencies', 'principle', 'smart', 'sensor', 'viable', 'sensor', 'monitor', 'soil', 'plant', 'physicochemical', 'parameter', 'cultivation', 'greenhouse', 'indoor', 'hydroponics', 'discuss', 'digital', 'technology', 'precision', 'farm', 'automation', 'agro', 'machinery', 'precision', 'livestock', 'farm', 'plf', 'white', 'space', 'tvws', 'remote', 'connectivity', 'unmanned', 'aerial', 'vehicle', 'uavs', 'imagery', 'application', 'iots', 'help', 'farm', 'community', 'resource', 'accurately', 'real-time', 'farm', 'data', 'acquire', 'crop', 'yield', 'without', 'wastage', 'smart', 'sensor', 'help', 'food', 'chain', 'precision', 'productivity', 'quest', 'grower', 'business', 'wide', 'understand', 'smart', 'sensor', 'wireless', 'sensor', 'network', 'architecture', 'application', 'sensor', 'inculcate', 'sustainable', 'farming', 'practice', 'chain', 'traceability', 'create', 'secure', 'income']",smart sensor useful professional farm one digital technology monitor visualize generate digital data control application resource quality productivity agriculture produce sensor add soil-less farming automation iot internet thing management digital tool data-driven technology smart sensor glitch agriculture practice efficiencies principle smart sensor viable sensor monitor soil plant physicochemical parameter cultivation greenhouse indoor hydroponics discuss digital technology precision farm automation agro machinery precision livestock farm plf white space tvws remote connectivity unmanned aerial vehicle uavs imagery application iots help farm community resource accurately real-time farm data acquire crop yield without wastage smart sensor help food chain precision productivity quest grower business wide understand smart sensor wireless sensor network architecture application sensor inculcate sustainable farming practice chain traceability create secure income,119,211,3,0.3789949,"soil, data, management, technology, enhance","Smart sensors are useful in professional farming approach by which one can use the digital technology to monitor, visualize, generate digital data, to control the application of resources, to improve quality and productivity of agriculture produce. Novel sensors add value in soil-less farming through automation and IoT (Internet of Things) based operation management digital tools. Data-driven technologies by using smart sensors can find a solution to many glitches in agriculture practices and it could improve new efficiencies. The principles of smart sensors as well as the most viable sensors that are used for monitoring soil and plant physicochemical parameters in field cultivation processes, greenhouse and indoor hydroponics are being discussed. Digital technologies in precision farming, automation in agro machinery, Precision Livestock Farming (PLF), TV White Spaces (TVWS) remote connectivity, Unmanned Aerial Vehicles (UAVs) based imagery, application of IoTs can help farming communities to use resources accurately based on real-time farm data acquired and improve crop yield without any wastage. Smart sensors helps the entire food value chain, the precision to productivity quest of growers and could enable new business models. This article provides a wide understanding of novel smart sensors, wireless sensor network architectures, and applications of these sensors to inculcate sustainable farming practices, value chain traceability and create secured income.",2,"[{'text': 'IoT', 'type': 'SPACY_ORG', 'start': 317, 'end': 320, 'source': 'core_web_sm'}, {'text': 'precision', 'type': 'METRIC', 'start': 782, 'end': 791, 'source': 'domain_dictionary'}, {'text': 'Precision Livestock Farming', 'type': 'SPACY_PERSON', 'start': 831, 'end': 858, 'source': 'core_web_sm'}, {'text': 'PLF', 'type': 'SPACY_ORG', 'start': 860, 'end': 863, 'source': 'core_web_sm'}, {'text': 'TV White Spaces', 'type': 'SPACY_ORG', 'start': 866, 'end': 881, 'source': 'core_web_sm'}, {'text': 'TVWS', 'type': 'SPACY_ORG', 'start': 883, 'end': 887, 'source': 'core_web_sm'}, {'text': 'UAVs', 'type': 'SPACY_ORG', 'start': 936, 'end': 940, 'source': 'core_web_sm'}, {'text': 'IoTs', 'type': 'SPACY_ORG', 'start': 972, 'end': 976, 'source': 'core_web_sm'}, {'text': 'precision', 'type': 'METRIC', 'start': 1169, 'end': 1178, 'source': 'domain_dictionary'}]",9,0.0,0.4316546762589928,0.5035971223021583,0.06474820143884892,RESULTS,0.6386339464488042,7
BL5LFX5H,journalArticle,2025,"Faqeerzada, Mohammad Akbar; Park, Eunsoo; Lim, Jinsu; Kim, Kihyun; Sathasivam, Ramaraj; Park, Sang Un; Kim, Hangi; Cho, Byoung Kwan","Development of multi-sensing technologies for high-throughput morphological, physiological, and biochemical phenotyping of drought-stressed watermelon plants",Plant Physiology and Biochemistry,10.1016/j.plaphy.2025.110577,http://dx.doi.org/10.1016/j.plaphy.2025.110577,"High-throughput plant phenotyping (HTPP) technologies are rapidly transforming plant science by enabling real-time, non-invasive, and large-scale monitoring of complex morphological, physiological, and biochemical traits. However, existing platforms often lack integration across sensing modalities and analytical depth necessary for early and comprehensive phenotypic trait analysis. In this study, we developed a fully automated, multimodal HTPP system combining RGB, shortwave infrared (SWIR) hyperspectral, multispectral fluorescence imaging (MSFI), and thermal imaging to characterize drought-stressed watermelon (Citrullus lanatus) plants. RGB imaging facilitated detailed morphological analysis by extracting color-based traits, quantifying plant height and canopy area, and accurately distinguishing growth stages. SWIR hyperspectral imaging (HSI) enabled non-invasive biochemical assessment by detecting drought-responsive compounds, such as flavonoids, phenolics, and antioxidant activities, while also supporting the classification of stress severity. This spectral profiling revealed key biochemical alterations triggered by water deficit. MSFI liquid crystal tunable filter (LCTF-based) measured chlorophyll a (Chl-a), chlorophyll b (Chl-b), and total chlorophyll (t-Chl) levels, providing critical insights into photosynthetic performance under drought stress. Thermal imaging further enhanced drought assessment by capturing canopy temperature variations, which were used to derive thermal indices for indirect estimation of soil volumetric water content (SVWC). By integrating complementary imaging modalities, the proposed system captured comprehensive phenotypic responses with high predictive accuracy for early detection of drought stress and assessment of plant health. Advanced machine learning (ML) and deep learning (DL) models further enhanced trait extraction and classification, enabling robust analysis of complex, high-dimensional data. This automated, multimodal platform offers scalable, non-invasive crop monitoring, providing precise insights to support drought resilience and precision agriculture.",2025-12,2026-01-24 00:34:05,2026-01-24 00:34:05,110577,Elsevier BV,,Deep learning; Machine learning; Drought stress; Multimodal imaging; Phenotyping; Stress severity level,development of multisensing technologies for highthroughput morphological physiological and biochemical phenotyping of droughtstressed watermelon plants,"['development', 'of', 'multisensing', 'technologies', 'for', 'highthroughput', 'morphological', 'physiological', 'and', 'biochemical', 'phenotyping', 'of', 'droughtstressed', 'watermelon', 'plants']","['development', 'multisensing', 'technology', 'highthroughput', 'morphological', 'physiological', 'biochemical', 'phenotyping', 'droughtstressed', 'watermelon']",development multisensing technology highthroughput morphological physiological biochemical phenotyping droughtstressed watermelon,"[('development', 'multisensing'), ('multisensing', 'technology'), ('technology', 'highthroughput'), ('highthroughput', 'morphological'), ('morphological', 'physiological'), ('physiological', 'biochemical'), ('biochemical', 'phenotyping'), ('phenotyping', 'droughtstressed'), ('droughtstressed', 'watermelon')]",15,157,10,"[('development', 'multisensing', 'technology'), ('multisensing', 'technology', 'highthroughput'), ('technology', 'highthroughput', 'morphological'), ('highthroughput', 'morphological', 'physiological'), ('morphological', 'physiological', 'biochemical'), ('physiological', 'biochemical', 'phenotyping'), ('biochemical', 'phenotyping', 'droughtstressed'), ('phenotyping', 'droughtstressed', 'watermelon')]","['high-throughput', 'plant', 'phenotyping', 'htpp', 'technology', 'rapidly', 'transform', 'plant', 'science', 'enable', 'real-time', 'non-invasive', 'large-scale', 'monitoring', 'morphological', 'physiological', 'biochemical', 'trait', 'platform', 'often', 'lack', 'integration', 'across', 'sense', 'modality', 'analytical', 'depth', 'necessary', 'phenotypic', 'trait', 'develop', 'fully', 'automate', 'multimodal', 'htpp', 'system', 'combine', 'rgb', 'shortwave', 'infrared', 'swir', 'hyperspectral', 'multispectral', 'fluorescence', 'image', 'msfi', 'thermal', 'image', 'characterize', 'drought-stressed', 'watermelon', 'citrullus', 'lanatus', 'plant', 'rgb', 'image', 'facilitate', 'detailed', 'morphological', 'extract', 'color-based', 'trait', 'quantify', 'plant', 'height', 'canopy', 'accurately', 'distinguish', 'growth', 'swir', 'hyperspectral', 'image', 'hsi', 'non-invasive', 'biochemical', 'detect', 'drought-responsive', 'compound', 'flavonoid', 'phenolic', 'antioxidant', 'support', 'classification', 'stress', 'severity', 'spectral', 'profile', 'biochemical', 'alteration', 'trigger', 'water', 'deficit', 'msfi', 'liquid', 'crystal', 'tunable', 'filter', 'lctf-based', 'measure', 'chlorophyll', 'chl-a', 'chlorophyll', 'chl-b', 'chlorophyll', 't-chl', 'provide', 'insight', 'photosynthetic', 'performance', 'drought', 'stress', 'thermal', 'image', 'drought', 'capture', 'canopy', 'temperature', 'variation', 'derive', 'thermal', 'index', 'indirect', 'estimation', 'soil', 'volumetric', 'water', 'content', 'svwc', 'integrate', 'complementary', 'imaging', 'modality', 'system', 'capture', 'phenotypic', 'response', 'predictive', 'detection', 'drought', 'stress', 'plant', 'health', 'advance', 'machine', 'learn', 'deep', 'learn', 'trait', 'extraction', 'classification', 'enable', 'robust', 'high-dimensional', 'data', 'automate', 'multimodal', 'platform', 'offer', 'scalable', 'non-invasive', 'crop', 'monitoring', 'provide', 'precise', 'insight', 'drought', 'resilience', 'precision', 'agriculture']",high-throughput plant phenotyping htpp technology rapidly transform plant science enable real-time non-invasive large-scale monitoring morphological physiological biochemical trait platform often lack integration across sense modality analytical depth necessary phenotypic trait develop fully automate multimodal htpp system combine rgb shortwave infrared swir hyperspectral multispectral fluorescence image msfi thermal image characterize drought-stressed watermelon citrullus lanatus plant rgb image facilitate detailed morphological extract color-based trait quantify plant height canopy accurately distinguish growth swir hyperspectral image hsi non-invasive biochemical detect drought-responsive compound flavonoid phenolic antioxidant support classification stress severity spectral profile biochemical alteration trigger water deficit msfi liquid crystal tunable filter lctf-based measure chlorophyll chl-a chlorophyll chl-b chlorophyll t-chl provide insight photosynthetic performance drought stress thermal image drought capture canopy temperature variation derive thermal index indirect estimation soil volumetric water content svwc integrate complementary imaging modality system capture phenotypic response predictive detection drought stress plant health advance machine learn deep learn trait extraction classification enable robust high-dimensional data automate multimodal platform offer scalable non-invasive crop monitoring provide precise insight drought resilience precision agriculture,169,256,2,0.62747175,"plant, model, image, fruit, leaf","High-throughput plant phenotyping (HTPP) technologies are rapidly transforming plant science by enabling real-time, non-invasive, and large-scale monitoring of complex morphological, physiological, and biochemical traits. However, existing platforms often lack integration across sensing modalities and analytical depth necessary for early and comprehensive phenotypic trait analysis. In this study, we developed a fully automated, multimodal HTPP system combining RGB, shortwave infrared (SWIR) hyperspectral, multispectral fluorescence imaging (MSFI), and thermal imaging to characterize drought-stressed watermelon (Citrullus lanatus) plants. RGB imaging facilitated detailed morphological analysis by extracting color-based traits, quantifying plant height and canopy area, and accurately distinguishing growth stages. SWIR hyperspectral imaging (HSI) enabled non-invasive biochemical assessment by detecting drought-responsive compounds, such as flavonoids, phenolics, and antioxidant activities, while also supporting the classification of stress severity. This spectral profiling revealed key biochemical alterations triggered by water deficit. MSFI liquid crystal tunable filter (LCTF-based) measured chlorophyll a (Chl-a), chlorophyll b (Chl-b), and total chlorophyll (t-Chl) levels, providing critical insights into photosynthetic performance under drought stress. Thermal imaging further enhanced drought assessment by capturing canopy temperature variations, which were used to derive thermal indices for indirect estimation of soil volumetric water content (SVWC). By integrating complementary imaging modalities, the proposed system captured comprehensive phenotypic responses with high predictive accuracy for early detection of drought stress and assessment of plant health. Advanced machine learning (ML) and deep learning (DL) models further enhanced trait extraction and classification, enabling robust analysis of complex, high-dimensional data. This automated, multimodal platform offers scalable, non-invasive crop monitoring, providing precise insights to support drought resilience and precision agriculture.",4,"[{'text': 'RGB', 'type': 'SPACY_ORG', 'start': 465, 'end': 468, 'source': 'core_web_sm'}, {'text': 'fluorescence imaging', 'type': 'SENSING_TECHNOLOGY', 'start': 525, 'end': 545, 'source': 'domain_dictionary'}, {'text': 'MSFI', 'type': 'SPACY_ORG', 'start': 547, 'end': 551, 'source': 'core_web_sm'}, {'text': 'thermal imaging', 'type': 'SENSING_TECHNOLOGY', 'start': 558, 'end': 573, 'source': 'domain_dictionary'}, {'text': 'watermelon', 'type': 'CROP_TYPE', 'start': 607, 'end': 617, 'source': 'domain_dictionary'}, {'text': 'rgb imaging', 'type': 'SENSING_TECHNOLOGY', 'start': 646, 'end': 657, 'source': 'domain_dictionary'}, {'text': 'color', 'type': 'QUALITY_ATTRIBUTE', 'start': 716, 'end': 721, 'source': 'domain_dictionary'}, {'text': 'hyperspectral imaging', 'type': 'SENSING_TECHNOLOGY', 'start': 828, 'end': 849, 'source': 'domain_dictionary'}, {'text': 'HSI', 'type': 'SPACY_ORG', 'start': 851, 'end': 854, 'source': 'core_web_sm'}, {'text': 'antioxidant', 'type': 'NUTRITIONAL_PARAMETER', 'start': 978, 'end': 989, 'source': 'domain_dictionary'}, {'text': 'classification', 'type': 'ML_TECHNIQUE', 'start': 1028, 'end': 1042, 'source': 'domain_dictionary'}, {'text': 'MSFI', 'type': 'SPACY_ORG', 'start': 1152, 'end': 1156, 'source': 'core_web_sm'}, {'text': 'LCTF', 'type': 'SPACY_ORG', 'start': 1188, 'end': 1192, 'source': 'core_web_sm'}, {'text': 'chlorophyll', 'type': 'NUTRITIONAL_PARAMETER', 'start': 1209, 'end': 1220, 'source': 'domain_dictionary'}, {'text': 'chlorophyll', 'type': 'NUTRITIONAL_PARAMETER', 'start': 1232, 'end': 1243, 'source': 'domain_dictionary'}, {'text': 'chlorophyll', 'type': 'NUTRITIONAL_PARAMETER', 'start': 1265, 'end': 1276, 'source': 'domain_dictionary'}, {'text': 'drought stress', 'type': 'STRESS_TYPE', 'start': 1359, 'end': 1373, 'source': 'domain_dictionary'}, {'text': 'thermal imaging', 'type': 'SENSING_TECHNOLOGY', 'start': 1375, 'end': 1390, 'source': 'domain_dictionary'}, {'text': 'accuracy', 'type': 'METRIC', 'start': 1712, 'end': 1720, 'source': 'domain_dictionary'}, {'text': 'drought stress', 'type': 'STRESS_TYPE', 'start': 1744, 'end': 1758, 'source': 'domain_dictionary'}, {'text': 'ML', 'type': 'SPACY_ORG', 'start': 1818, 'end': 1820, 'source': 'core_web_sm'}, {'text': 'deep learning', 'type': 'ML_TECHNIQUE', 'start': 1826, 'end': 1839, 'source': 'domain_dictionary'}, {'text': 'classification', 'type': 'ML_TECHNIQUE', 'start': 1890, 'end': 1904, 'source': 'domain_dictionary'}, {'text': 'precision', 'type': 'METRIC', 'start': 2110, 'end': 2119, 'source': 'domain_dictionary'}]",24,0.3553299492385787,0.30456852791878175,0.20304568527918782,0.1370558375634518,INTRODUCTION,0.9564006980778043,11
2Q8VDA9S,document,2023,"Prakash, Chander; Singh, Lakhwinder Pal; Gupta, Ajay; Lohan, Shiv Kumar","Advancements in smart farming: A comprehensive review of IoT, wireless communication, sensors, and hardware for agricultural automation",,10.1016/j.sna.2023.114605,http://dx.doi.org/10.1016/j.sna.2023.114605,"Agriculture automation is a primary issue and a rapidly developing field for the nation. The global population is growing swiftly, so there is a severe need to fulfill food demand. Traditional farming methods are insufficient to meet the rising demand, so they pressure using fertilizers to increase crop productivity. That fall impacts agricultural activity; sometimes, land stays barren and lacks fertility. This paper is focused on the deep analysis of smart farming-related components such as the Internet of Things (IoT), wireless communication technology, sensors, and hardware. There is serious concern about selecting technology, sensors, and hardware in the different agriculture practices. This may result in an increase in mechanization among various agricultural practices in an easy way. This paper provides a systematic extensive review of the implication of automation in agriculture. And addressed how agricultural operations may benefit from modern sensors, wireless communication technologies, and hardware. Although, major challenges and components have been discussed. Moreover, future applications for crop health, human health, and machine health are also addressed in this study.",2023-11,2026-01-24 00:34:05,2026-01-24 00:34:05,,Elsevier BV,,Control systems; Internet of things; Mechanization; PRISMA; Smart farming,advancements in smart farming a comprehensive review of iot wireless communication sensors and hardware for agricultural automation,"['advancements', 'in', 'smart', 'farming', 'a', 'comprehensive', 'review', 'of', 'iot', 'wireless', 'communication', 'sensors', 'and', 'hardware', 'for', 'agricultural', 'automation']","['advancement', 'smart', 'iot', 'wireless', 'communication', 'sensor', 'hardware', 'automation']",advancement smart iot wireless communication sensor hardware automation,"[('advancement', 'smart'), ('smart', 'iot'), ('iot', 'wireless'), ('wireless', 'communication'), ('communication', 'sensor'), ('sensor', 'hardware'), ('hardware', 'automation')]",17,135,8,"[('advancement', 'smart', 'iot'), ('smart', 'iot', 'wireless'), ('iot', 'wireless', 'communication'), ('wireless', 'communication', 'sensor'), ('communication', 'sensor', 'hardware'), ('sensor', 'hardware', 'automation')]","['agriculture', 'automation', 'primary', 'rapidly', 'develop', 'nation', 'global', 'population', 'grow', 'swiftly', 'severe', 'fulfill', 'food', 'demand', 'farm', 'method', 'insufficient', 'meet', 'rise', 'demand', 'pressure', 'fertilizer', 'crop', 'productivity', 'fall', 'impact', 'agricultural', 'sometimes', 'land', 'stay', 'barren', 'lack', 'fertility', 'deep', 'smart', 'farming-related', 'internet', 'thing', 'iot', 'wireless', 'communication', 'technology', 'sensor', 'hardware', 'serious', 'concern', 'select', 'technology', 'sensor', 'hardware', 'agriculture', 'practice', 'mechanization', 'among', 'agricultural', 'practice', 'easy', 'systematic', 'extensive', 'review', 'implication', 'automation', 'agriculture', 'address', 'agricultural', 'benefit', 'modern', 'sensor', 'wireless', 'communication', 'technology', 'hardware', 'discuss', 'application', 'crop', 'health', 'human', 'health', 'machine', 'health', 'address']",agriculture automation primary rapidly develop nation global population grow swiftly severe fulfill food demand farm method insufficient meet rise demand pressure fertilizer crop productivity fall impact agricultural sometimes land stay barren lack fertility deep smart farming-related internet thing iot wireless communication technology sensor hardware serious concern select technology sensor hardware agriculture practice mechanization among agricultural practice easy systematic extensive review implication automation agriculture address agricultural benefit modern sensor wireless communication technology hardware discuss application crop health human health machine health address,81,171,5,0.3842961,"production, plant, application, demand, quality","Agriculture automation is a primary issue and a rapidly developing field for the nation. The global population is growing swiftly, so there is a severe need to fulfill food demand. Traditional farming methods are insufficient to meet the rising demand, so they pressure using fertilizers to increase crop productivity. That fall impacts agricultural activity; sometimes, land stays barren and lacks fertility. This paper is focused on the deep analysis of smart farming-related components such as the Internet of Things (IoT), wireless communication technology, sensors, and hardware. There is serious concern about selecting technology, sensors, and hardware in the different agriculture practices. This may result in an increase in mechanization among various agricultural practices in an easy way. This paper provides a systematic extensive review of the implication of automation in agriculture. And addressed how agricultural operations may benefit from modern sensors, wireless communication technologies, and hardware. Although, major challenges and components have been discussed. Moreover, future applications for crop health, human health, and machine health are also addressed in this study.",2,"[{'text': 'IoT', 'type': 'SPACY_ORG', 'start': 521, 'end': 524, 'source': 'core_web_sm'}]",1,0.46153846153846156,0.1846153846153846,0.07692307692307693,0.27692307692307694,INTRODUCTION,0.8812257648617816,11
SY6VGMMT,document,2023,"Gackstetter, David; Bloh, Malte von; Hannus, Veronika; Meyer, Sebastian T.; Weisser, Wolfgang; Luksch, Claudia; Asseng, Senthold",Autonomous field management – An enabler of sustainable future in agriculture,,10.1016/j.agsy.2023.103607,http://dx.doi.org/10.1016/j.agsy.2023.103607,"CONTEXT: Technological innovations in agriculture are mainly driven by the maxim: increase productivity at any costs. Today, in the face of climate change and an unprecedented loss of biodiversity, this approach is reaching its limits. Meeting global nutrition needs while achieving sustainability is one of the greatest challenges for modern agriculture. OBJECTIVE: Autonomous field management represents the next evolutionary step in agricultural technology. It is characterized by an end-to-end automation of agricultural production processes and by that – for the first time in history - independence from labor constraints. Although literature has provided solutions for individual components of these new technological systems, integrating those components into a common, fully autonomous process has not yet been achieved. METHODS: We analyzed the technological, agronomic, environmental, and related, interdisciplinary literature in the context of automated, and digital field crop management. RESULTS AND CONCLUSION: The review shows the disruptive potential of fully autonomous, labor-independent crop management systems to guarantee the required food security by simultaneously allowing sustainable factors to be equally incorporated into the agricultural decision-making process. The integration of multifaceted objectives into a common decision-making process poses a great challenge to human farmers and their capacities. Liberated from labor constraints, autonomous systems have the potential to align decisions with the complex requirements of multiple − even contradicting – goals more easily, and to execute them accordingly without exhaustion. We show barriers that explain, why fully autonomous crop management is not yet present in today's agricultural practice, despite the fact that the majority of technological sub-components has reached a maturity stage beyond the proof of concept. Substantial technological progress will still be required with respect to the robustness in varying application settings and the standardization of interfaces to integrate diverse subsystems. For the adoption of autonomous cropping systems, societal engagement will be required including extensive research and discussion on public acceptance, legal frameworks, and the human farmers' future role as crucial success factors. SIGNIFICANCE: Aligning autonomous cropping systems to domain-overarching objectives can make these technological solutions not only another, next stage of more efficiently producing technologies, but a game changer for new, environmentally sustainable cropping systems. Field management practice can leave the currently persisting, oversimplified management strategies, characterized by large-scale, and standardized field arrangements, toward more complex approaches with small-scale, diversely structured fields, which consider local particularities and the heterogeneity of the natural landscape.",2023-03,2026-01-24 00:34:05,2026-01-24 00:34:05,,Elsevier BV,,Smart farming; Agriculture 5.0; Autonomous farming; Autonomous fields; New farming systems; Sustainability,autonomous field management – an enabler of sustainable future in agriculture,"['autonomous', 'field', 'management', '–', 'an', 'enabler', 'of', 'sustainable', 'future', 'in', 'agriculture']","['autonomous', 'management', 'enabler', 'sustainable', 'future']",autonomous management enabler sustainable future,"[('autonomous', 'management'), ('management', 'enabler'), ('enabler', 'sustainable'), ('sustainable', 'future')]",11,77,5,"[('autonomous', 'management', 'enabler'), ('management', 'enabler', 'sustainable'), ('enabler', 'sustainable', 'future')]","['technological', 'innovation', 'agriculture', 'mainly', 'driven', 'maxim', 'productivity', 'cost', 'today', 'face', 'climate', 'change', 'unprecedented', 'loss', 'biodiversity', 'reach', 'limit', 'meet', 'global', 'nutrition', 'achieve', 'sustainability', 'one', 'great', 'modern', 'agriculture', 'autonomous', 'management', 'represent', 'next', 'evolutionary', 'agricultural', 'technology', 'characterize', 'end-to-end', 'automation', 'agricultural', 'production', 'history', 'independence', 'labor', 'constraint', 'literature', 'individual', 'technological', 'integrating', 'common', 'fully', 'autonomous', 'yet', 'method', 'analyze', 'technological', 'agronomic', 'environmental', 'related', 'interdisciplinary', 'literature', 'automate', 'digital', 'crop', 'management', 'conclusion', 'review', 'disruptive', 'fully', 'autonomous', 'labor-independent', 'crop', 'management', 'guarantee', 'food', 'security', 'simultaneously', 'allow', 'sustainable', 'equally', 'incorporated', 'agricultural', 'decision-making', 'integration', 'multifaceted', 'common', 'decision-making', 'pose', 'great', 'human', 'farmer', 'capacity', 'liberate', 'labor', 'constraint', 'autonomous', 'align', 'decision', 'requirement', 'even', 'contradict', 'easily', 'execute', 'without', 'exhaustion', 'barrier', 'explain', 'fully', 'autonomous', 'crop', 'management', 'yet', 'present', 'today', 'agricultural', 'practice', 'fact', 'majority', 'technological', 'sub-components', 'reach', 'maturity', 'beyond', 'proof', 'concept', 'substantial', 'technological', 'progress', 'still', 'respect', 'robustness', 'vary', 'application', 'setting', 'standardization', 'interface', 'integrate', 'diverse', 'subsystem', 'adoption', 'autonomous', 'crop', 'societal', 'engagement', 'extensive', 'discussion', 'public', 'acceptance', 'legal', 'human', 'farmer', 'role', 'crucial', 'success', 'significance', 'align', 'autonomous', 'crop', 'domain-overarching', 'make', 'technological', 'another', 'next', 'efficiently', 'produce', 'technology', 'game', 'changer', 'environmentally', 'sustainable', 'crop', 'management', 'practice', 'leave', 'currently', 'persist', 'oversimplify', 'management', 'strategy', 'characterize', 'large-scale', 'standardized', 'arrangement', 'toward', 'small-scale', 'diversely', 'structured', 'local', 'particularity', 'heterogeneity', 'natural', 'landscape']",technological innovation agriculture mainly driven maxim productivity cost today face climate change unprecedented loss biodiversity reach limit meet global nutrition achieve sustainability one great modern agriculture autonomous management represent next evolutionary agricultural technology characterize end-to-end automation agricultural production history independence labor constraint literature individual technological integrating common fully autonomous yet method analyze technological agronomic environmental related interdisciplinary literature automate digital crop management conclusion review disruptive fully autonomous labor-independent crop management guarantee food security simultaneously allow sustainable equally incorporated agricultural decision-making integration multifaceted common decision-making pose great human farmer capacity liberate labor constraint autonomous align decision requirement even contradict easily execute without exhaustion barrier explain fully autonomous crop management yet present today agricultural practice fact majority technological sub-components reach maturity beyond proof concept substantial technological progress still respect robustness vary application setting standardization interface integrate diverse subsystem adoption autonomous crop societal engagement extensive discussion public acceptance legal human farmer role crucial success significance align autonomous crop domain-overarching make technological another next efficiently produce technology game changer environmentally sustainable crop management practice leave currently persist oversimplify management strategy characterize large-scale standardized arrangement toward small-scale diversely structured local particularity heterogeneity natural landscape,189,390,2,0.5225607,"plant, model, image, fruit, leaf","CONTEXT: Technological innovations in agriculture are mainly driven by the maxim: increase productivity at any costs. Today, in the face of climate change and an unprecedented loss of biodiversity, this approach is reaching its limits. Meeting global nutrition needs while achieving sustainability is one of the greatest challenges for modern agriculture. OBJECTIVE: Autonomous field management represents the next evolutionary step in agricultural technology. It is characterized by an end-to-end automation of agricultural production processes and by that  for the first time in history - independence from labor constraints. Although literature has provided solutions for individual components of these new technological systems, integrating those components into a common, fully autonomous process has not yet been achieved. METHODS: We analyzed the technological, agronomic, environmental, and related, interdisciplinary literature in the context of automated, and digital field crop management. RESULTS AND CONCLUSION: The review shows the disruptive potential of fully autonomous, labor-independent crop management systems to guarantee the required food security by simultaneously allowing sustainable factors to be equally incorporated into the agricultural decision-making process. The integration of multifaceted objectives into a common decision-making process poses a great challenge to human farmers and their capacities. Liberated from labor constraints, autonomous systems have the potential to align decisions with the complex requirements of multiple  even contradicting  goals more easily, and to execute them accordingly without exhaustion. We show barriers that explain, why fully autonomous crop management is not yet present in today's agricultural practice, despite the fact that the majority of technological sub-components has reached a maturity stage beyond the proof of concept. Substantial technological progress will still be required with respect to the robustness in varying application settings and the standardization of interfaces to integrate diverse subsystems. For the adoption of autonomous cropping systems, societal engagement will be required including extensive research and discussion on public acceptance, legal frameworks, and the human farmers' future role as crucial success factors. SIGNIFICANCE: Aligning autonomous cropping systems to domain-overarching objectives can make these technological solutions not only another, next stage of more efficiently producing technologies, but a game changer for new, environmentally sustainable cropping systems. Field management practice can leave the currently persisting, oversimplified management strategies, characterized by large-scale, and standardized field arrangements, toward more complex approaches with small-scale, diversely structured fields, which consider local particularities and the heterogeneity of the natural landscape.",2,"[{'text': '−', 'type': 'SPACY_GPE', 'start': 1569, 'end': 1570, 'source': 'core_web_sm'}, {'text': 'maturity stage', 'type': 'QUALITY_ATTRIBUTE', 'start': 1865, 'end': 1879, 'source': 'domain_dictionary'}]",2,0.23696682464454974,0.22748815165876776,0.23696682464454974,0.2985781990521327,DISCUSSION,0.9955437784428196,15
3WQLLP9A,journalArticle,2024,"Kumar, Sanjeev; Wani, Ab Waheed; Kaushik, Rupesh; Kaur, Harjinder; Djajadi, Djajadi; Khamidah, Aniswatul; Saidah; Alasbali, Nada; Alreshidi, Maha Awjan; Alam, Mir Waqas; Yadav, Krishna Kumar; Wani, Atif Khurshid",Navigating the landscape of precision horticulture: Sustainable agriculture in the digital Age,Scientia Horticulturae,10.1016/j.scienta.2024.113688,http://dx.doi.org/10.1016/j.scienta.2024.113688,"Automation, autonomy, and precision play vital roles in modern technology and procedures, especially in response to the rising global population and the need for improved fruit production technologies. The quality criteria for fruit yield are becoming increasingly complex, necessitating fundamental upgrades. Sensor-based technologies pave the way for more rational and efficient soil usage. Precision farming, an advanced agricultural approach, employs software technologies and principles to optimize various aspects of horticultural production. Its goal is to enhance crop yields and promote environmental sustainability by managing spatial and temporal variations. Precision horticulture, a cutting-edge farming method, focuses on increasing crop yields and quality while minimizing environmental impact. This approach leverages advanced technology and data-driven decision-making. By utilizing sensors, robots, drones, and other innovative tools for yield mapping, irrigation control, robotic harvesting, nutrient and pesticide application, soil sensing, and crop growth analysis, growers can monitor plant growth and health, identify potential issues, and make informed crop management decisions. Tailoring practices to specific plant needs can lead to higher yields, improved product quality, and reduced environmental impact. Overall, precision horticulture holds significant promise for promoting sustainable agricultural practices while meeting the increasing demand for food production.",2024-12,2026-01-24 00:34:05,2026-01-24 00:34:05,113688,Elsevier BV,,Remote sensing; Agriculture; Sustainability; Precision horticulture; Sensors,navigating the landscape of precision horticulture sustainable agriculture in the digital age,"['navigating', 'the', 'landscape', 'of', 'precision', 'horticulture', 'sustainable', 'agriculture', 'in', 'the', 'digital', 'age']","['navigating', 'landscape', 'horticulture', 'sustainable', 'age']",navigating landscape horticulture sustainable age,"[('navigating', 'landscape'), ('landscape', 'horticulture'), ('horticulture', 'sustainable'), ('sustainable', 'age')]",12,94,5,"[('navigating', 'landscape', 'horticulture'), ('landscape', 'horticulture', 'sustainable'), ('horticulture', 'sustainable', 'age')]","['automation', 'autonomy', 'precision', 'play', 'vital', 'role', 'modern', 'technology', 'response', 'rise', 'global', 'population', 'fruit', 'production', 'technology', 'quality', 'criterion', 'fruit', 'yield', 'become', 'increasingly', 'necessitating', 'fundamental', 'upgrade', 'sensor-based', 'technology', 'pave', 'rational', 'soil', 'usage', 'precision', 'farm', 'advanced', 'agricultural', 'employ', 'software', 'technology', 'principles', 'optimize', 'horticultural', 'production', 'enhance', 'crop', 'yield', 'promote', 'environmental', 'sustainability', 'manage', 'spatial', 'temporal', 'variation', 'precision', 'horticulture', 'cutting-edge', 'farm', 'method', 'increase', 'crop', 'yield', 'quality', 'minimize', 'environmental', 'impact', 'leverage', 'advance', 'technology', 'data-driven', 'decision-making', 'utilizing', 'sensor', 'robots', 'drone', 'innovative', 'tool', 'yield', 'map', 'irrigation', 'control', 'robotic', 'harvesting', 'nutrient', 'pesticide', 'application', 'soil', 'sense', 'crop', 'growth', 'grower', 'monitor', 'plant', 'growth', 'health', 'identify', 'make', 'inform', 'crop', 'management', 'decision', 'tailor', 'practice', 'specific', 'plant', 'lead', 'yield', 'product', 'quality', 'environmental', 'impact', 'precision', 'horticulture', 'hold', 'promise', 'promote', 'sustainable', 'agricultural', 'practice', 'meet', 'increase', 'demand', 'food', 'production']",automation autonomy precision play vital role modern technology response rise global population fruit production technology quality criterion fruit yield become increasingly necessitating fundamental upgrade sensor-based technology pave rational soil usage precision farm advanced agricultural employ software technology principles optimize horticultural production enhance crop yield promote environmental sustainability manage spatial temporal variation precision horticulture cutting-edge farm method increase crop yield quality minimize environmental impact leverage advance technology data-driven decision-making utilizing sensor robots drone innovative tool yield map irrigation control robotic harvesting nutrient pesticide application soil sense crop growth grower monitor plant growth health identify make inform crop management decision tailor practice specific plant lead yield product quality environmental impact precision horticulture hold promise promote sustainable agricultural practice meet increase demand food production,121,192,3,0.53603023,"soil, data, management, technology, enhance","Automation, autonomy, and precision play vital roles in modern technology and procedures, especially in response to the rising global population and the need for improved fruit production technologies. The quality criteria for fruit yield are becoming increasingly complex, necessitating fundamental upgrades. Sensor-based technologies pave the way for more rational and efficient soil usage. Precision farming, an advanced agricultural approach, employs software technologies and principles to optimize various aspects of horticultural production. Its goal is to enhance crop yields and promote environmental sustainability by managing spatial and temporal variations. Precision horticulture, a cutting-edge farming method, focuses on increasing crop yields and quality while minimizing environmental impact. This approach leverages advanced technology and data-driven decision-making. By utilizing sensors, robots, drones, and other innovative tools for yield mapping, irrigation control, robotic harvesting, nutrient and pesticide application, soil sensing, and crop growth analysis, growers can monitor plant growth and health, identify potential issues, and make informed crop management decisions. Tailoring practices to specific plant needs can lead to higher yields, improved product quality, and reduced environmental impact. Overall, precision horticulture holds significant promise for promoting sustainable agricultural practices while meeting the increasing demand for food production.",2,"[{'text': 'precision', 'type': 'METRIC', 'start': 26, 'end': 35, 'source': 'domain_dictionary'}, {'text': 'precision', 'type': 'METRIC', 'start': 393, 'end': 402, 'source': 'domain_dictionary'}, {'text': 'precision', 'type': 'METRIC', 'start': 670, 'end': 679, 'source': 'domain_dictionary'}, {'text': 'precision', 'type': 'METRIC', 'start': 1344, 'end': 1353, 'source': 'domain_dictionary'}]",4,0.15384615384615385,0.0923076923076923,0.6153846153846154,0.13846153846153847,RESULTS,0.7793723311358739,10
9C93ZCRT,document,2025,"Pooja; Chauhan, Prashant; Kumar, Ankit; Rithesh, Lellapalli; Kumar, Abhishek","Recent insights into potato dry rot an emerging Disease: Focusing on pathogen diversity, host-pathogen interactions, and management strategies",,10.1016/j.micpath.2025.107866,http://dx.doi.org/10.1016/j.micpath.2025.107866,"Nowadays, global food safety and security are major concerns to mitigate global hunger. As, the world's population rising at an alarming rate and is expected to reach 10 billion by 2050, agriculturists have great responsibilities to grow more food from limited land. Crops are affected by several biotic and abiotic stresses in the field as well as during storage, this situation is drastic in developing countries. Potato belongs to the Solanaceae family, is considered a promising staple vegetable crop. To address the major issue of food safety and security, potatoes can be considered as a crucial non cereal food crop to combat this problem, as they can be grown under field conditions, and soilless medium (hydroponically, and aeroponically). The potato crop is also affected by various biotic stresses in both field and post-harvest conditions, significantly deteriorating its qualitative and quantitative yield. Among the biotic stresses, Fusarium dry rot (FDR) incited by the Fusarium species complex is considered a major problem in the present scenario. Dry rot of potato causes drastic quality and yield loss in cold stores. Moreover, Fusarium spp., producing mycotoxins like trichothecenes that contribute to the disease development. Fusarium spp. utilizes enzymes like pectinases and cellulases to break down plant cell walls, facilitating invasion and colonization. Therefore, implement crop rotation, use disease-resistant potato varieties, practice good sanitation, and employ fungicides to manage potato dry rot disease would be beneficial. Therefore, there is an urgent need to study the fungal species involved, pathogenicity, and to find the best management strategies for sustainable potato production. Although some reports on FDR of potato have been published previously, many recent studies have since offered new insights into diagnostic techniques, mycotoxin detection and quantification, and management strategies. Therefore, this review aims to integrate these recent findings, offering an updated outlook on FDR considering emerging research. Our objective is to provide a timely synthesis of the latest research developments that were not covered in previous reviews, making this article a valuable and necessary contribution to the agricultural field.",2025-10,2026-01-24 00:34:06,2026-01-24 00:34:06,,Elsevier BV,,Biotic stress; Food security; Fusarium dry rot; Global hunger; Potato,recent insights into potato dry rot an emerging disease focusing on pathogen diversity hostpathogen interactions and management strategies,"['recent', 'insights', 'into', 'potato', 'dry', 'rot', 'an', 'emerging', 'disease', 'focusing', 'on', 'pathogen', 'diversity', 'hostpathogen', 'interactions', 'and', 'management', 'strategies']","['recent', 'insight', 'potato', 'dry', 'rot', 'emerging', 'disease', 'focusing', 'pathogen', 'diversity', 'hostpathogen', 'interaction', 'management', 'strategy']",recent insight potato dry rot emerging disease focusing pathogen diversity hostpathogen interaction management strategy,"[('recent', 'insight'), ('insight', 'potato'), ('potato', 'dry'), ('dry', 'rot'), ('rot', 'emerging'), ('emerging', 'disease'), ('disease', 'focusing'), ('focusing', 'pathogen'), ('pathogen', 'diversity'), ('diversity', 'hostpathogen'), ('hostpathogen', 'interaction'), ('interaction', 'management'), ('management', 'strategy')]",18,142,14,"[('recent', 'insight', 'potato'), ('insight', 'potato', 'dry'), ('potato', 'dry', 'rot'), ('dry', 'rot', 'emerging'), ('rot', 'emerging', 'disease'), ('emerging', 'disease', 'focusing'), ('disease', 'focusing', 'pathogen'), ('focusing', 'pathogen', 'diversity'), ('pathogen', 'diversity', 'hostpathogen'), ('diversity', 'hostpathogen', 'interaction'), ('hostpathogen', 'interaction', 'management'), ('interaction', 'management', 'strategy')]","['nowadays', 'global', 'food', 'safety', 'security', 'concern', 'mitigate', 'global', 'hunger', 'world', 'population', 'rise', 'alarm', 'expected', 'reach', 'billion', 'agriculturists', 'great', 'responsibility', 'grow', 'food', 'limited', 'land', 'crop', 'affect', 'biotic', 'abiotic', 'stress', 'storage', 'situation', 'drastic', 'develop', 'country', 'potato', 'belongs', 'solanaceae', 'family', 'consider', 'staple', 'vegetable', 'crop', 'food', 'safety', 'security', 'potato', 'consider', 'crucial', 'non', 'cereal', 'food', 'crop', 'combat', 'grown', 'condition', 'soilless', 'medium', 'hydroponically', 'aeroponically', 'potato', 'crop', 'affect', 'biotic', 'stress', 'post-harvest', 'condition', 'deteriorate', 'qualitative', 'quantitative', 'yield', 'among', 'biotic', 'stress', 'fusarium', 'dry', 'rot', 'fdr', 'incite', 'fusarium', 'specie', 'consider', 'present', 'scenario', 'dry', 'rot', 'potato', 'cause', 'drastic', 'quality', 'yield', 'loss', 'cold', 'store', 'fusarium', 'spp', 'produce', 'mycotoxin', 'like', 'trichothecenes', 'contribute', 'disease', 'development', 'fusarium', 'spp', 'enzyme', 'like', 'pectinases', 'cellulases', 'break', 'plant', 'cell', 'wall', 'facilitate', 'invasion', 'colonization', 'implement', 'crop', 'rotation', 'disease-resistant', 'potato', 'variety', 'practice', 'sanitation', 'employ', 'fungicide', 'manage', 'potato', 'dry', 'rot', 'disease', 'beneficial', 'urgent', 'fungal', 'specie', 'involve', 'pathogenicity', 'management', 'strategy', 'sustainable', 'potato', 'production', 'fdr', 'potato', 'publish', 'study', 'since', 'offer', 'insight', 'diagnostic', 'mycotoxin', 'detection', 'quantification', 'management', 'strategy', 'review', 'integrate', 'offering', 'updated', 'outlook', 'fdr', 'consider', 'emerge', 'timely', 'synthesis', 'development', 'cover', 'review', 'make', 'valuable', 'necessary', 'agricultural']",nowadays global food safety security concern mitigate global hunger world population rise alarm expected reach billion agriculturists great responsibility grow food limited land crop affect biotic abiotic stress storage situation drastic develop country potato belongs solanaceae family consider staple vegetable crop food safety security potato consider crucial non cereal food crop combat grown condition soilless medium hydroponically aeroponically potato crop affect biotic stress post-harvest condition deteriorate qualitative quantitative yield among biotic stress fusarium dry rot fdr incite fusarium specie consider present scenario dry rot potato cause drastic quality yield loss cold store fusarium spp produce mycotoxin like trichothecenes contribute disease development fusarium spp enzyme like pectinases cellulases break plant cell wall facilitate invasion colonization implement crop rotation disease-resistant potato variety practice sanitation employ fungicide manage potato dry rot disease beneficial urgent fungal specie involve pathogenicity management strategy sustainable potato production fdr potato publish study since offer insight diagnostic mycotoxin detection quantification management strategy review integrate offering updated outlook fdr consider emerge timely synthesis development cover review make valuable necessary agricultural,170,334,1,0.9964367,"potato, food, consider, fusarium, rot","Nowadays, global food safety and security are major concerns to mitigate global hunger. As, the world's population rising at an alarming rate and is expected to reach 10 billion by 2050, agriculturists have great responsibilities to grow more food from limited land. Crops are affected by several biotic and abiotic stresses in the field as well as during storage, this situation is drastic in developing countries. Potato belongs to the Solanaceae family, is considered a promising staple vegetable crop. To address the major issue of food safety and security, potatoes can be considered as a crucial non cereal food crop to combat this problem, as they can be grown under field conditions, and soilless medium (hydroponically, and aeroponically). The potato crop is also affected by various biotic stresses in both field and post-harvest conditions, significantly deteriorating its qualitative and quantitative yield. Among the biotic stresses, Fusarium dry rot (FDR) incited by the Fusarium species complex is considered a major problem in the present scenario. Dry rot of potato causes drastic quality and yield loss in cold stores. Moreover, Fusarium spp., producing mycotoxins like trichothecenes that contribute to the disease development. Fusarium spp. utilizes enzymes like pectinases and cellulases to break down plant cell walls, facilitating invasion and colonization. Therefore, implement crop rotation, use disease-resistant potato varieties, practice good sanitation, and employ fungicides to manage potato dry rot disease would be beneficial. Therefore, there is an urgent need to study the fungal species involved, pathogenicity, and to find the best management strategies for sustainable potato production. Although some reports on FDR of potato have been published previously, many recent studies have since offered new insights into diagnostic techniques, mycotoxin detection and quantification, and management strategies. Therefore, this review aims to integrate these recent findings, offering an updated outlook on FDR considering emerging research. Our objective is to provide a timely synthesis of the latest research developments that were not covered in previous reviews, making this article a valuable and necessary contribution to the agricultural field.",6,"[{'text': 'potato', 'type': 'CROP_TYPE', 'start': 416, 'end': 422, 'source': 'domain_dictionary'}, {'text': 'Solanaceae', 'type': 'SPACY_PERSON', 'start': 438, 'end': 448, 'source': 'core_web_sm'}, {'text': 'potato', 'type': 'CROP_TYPE', 'start': 753, 'end': 759, 'source': 'domain_dictionary'}, {'text': 'Fusarium', 'type': 'SPACY_ORG', 'start': 947, 'end': 955, 'source': 'core_web_sm'}, {'text': 'FDR', 'type': 'SPACY_PERSON', 'start': 965, 'end': 968, 'source': 'core_web_sm'}, {'text': 'Fusarium', 'type': 'SPACY_ORG', 'start': 985, 'end': 993, 'source': 'core_web_sm'}, {'text': 'potato', 'type': 'CROP_TYPE', 'start': 1076, 'end': 1082, 'source': 'domain_dictionary'}, {'text': 'Fusarium', 'type': 'SPACY_ORG', 'start': 1147, 'end': 1155, 'source': 'core_web_sm'}, {'text': 'Fusarium', 'type': 'SPACY_ORG', 'start': 1247, 'end': 1255, 'source': 'core_web_sm'}, {'text': 'potato', 'type': 'CROP_TYPE', 'start': 1439, 'end': 1445, 'source': 'domain_dictionary'}, {'text': 'potato', 'type': 'CROP_TYPE', 'start': 1515, 'end': 1521, 'source': 'domain_dictionary'}, {'text': 'potato', 'type': 'CROP_TYPE', 'start': 1706, 'end': 1712, 'source': 'domain_dictionary'}, {'text': 'FDR', 'type': 'SPACY_PERSON', 'start': 1750, 'end': 1753, 'source': 'core_web_sm'}, {'text': 'potato', 'type': 'CROP_TYPE', 'start': 1757, 'end': 1763, 'source': 'domain_dictionary'}, {'text': 'FDR', 'type': 'SPACY_PERSON', 'start': 2038, 'end': 2041, 'source': 'core_web_sm'}]",15,0.2797202797202797,0.0,0.2797202797202797,0.4405594405594405,DISCUSSION,0.7746109032375327,16
L9YZSEGG,conferencePaper,2020,"Hemming, J.",Current developments in greenhouse robotics and challenges for the future,Acta Horticulturae,10.17660/ActaHortic.2020.1296.124,http://dx.doi.org/10.17660/ActaHortic.2020.1296.124,"Horticultural production faces a growing demand for mechanization, automation and robotics as labour costs are increasing and the availability of skilled labour is decreasing. The modern consumer demands guaranteed and constant quality. Moreover, there are intensified hygiene, food safety and traceability demands. Automated production and quality assessment systems can contribute to fulfil these demands. Many highly automated systems are already applied in commercial high-tech greenhouses. This includes logistics and autonomous transport of plants and harvested product from the greenhouse to the sorting and packing facilities, spraying robots, machine vision based sorting systems for pot-plants and cut-flowers and robotic cutting, planting and grafting machines. Current research focus on automated crop scouting (e.g., insect and disease detection), phenotyping (e.g., monitoring and predicting fruit setting) and postharvest quality assessment. Many research activities are currently carried out on robotic systems that are capable to autonomously harvest crops and to conduct other repetitive and labour intensive operations. In most of these applications the success rate and cycle time are currently still too low to allow implementation in commercial practice. Human-robot collaboration and “human in the loop” applications are important stepping-stones towards full automation. These applications must also include the key issues of user safety and user acceptance. From the plant side, breeding crops with novel phenotypes and plant architectures, such as fruits which are easy to see and reach by robots, will simplify and accelerate the application of robotics in the horticultural field. Challenges involve the complex integration of multiple disciplines and technologies (e.g., navigation, safe operation, grasping, manipulation, perception, learning and adaptation). Current developments are supported by the worldwide rapid improvements in computing and sensor hardware, software and artificial intelligence.",2020-11,2026-01-24 00:34:06,2026-01-24 00:34:06,975-985,International Society for Horticultural Science (ISHS),,Deep learning; Automation; Phenotyping; Autonomous navigation; Crop-scouting; Harvesting; Image analysis; Quality assessment,current developments in greenhouse robotics and challenges for the future,"['current', 'developments', 'in', 'greenhouse', 'robotics', 'and', 'challenges', 'for', 'the', 'future']","['current', 'development', 'greenhouse', 'robotics', 'challenge', 'future']",current development greenhouse robotics challenge future,"[('current', 'development'), ('development', 'greenhouse'), ('greenhouse', 'robotics'), ('robotics', 'challenge'), ('challenge', 'future')]",10,73,6,"[('current', 'development', 'greenhouse'), ('development', 'greenhouse', 'robotics'), ('greenhouse', 'robotics', 'challenge'), ('robotics', 'challenge', 'future')]","['horticultural', 'production', 'face', 'grow', 'demand', 'mechanization', 'automation', 'robotics', 'labour', 'cost', 'increase', 'availability', 'skilled', 'labour', 'decrease', 'modern', 'consumer', 'demand', 'guarantee', 'constant', 'quality', 'intensify', 'hygiene', 'food', 'safety', 'traceability', 'demand', 'automate', 'production', 'quality', 'contribute', 'fulfil', 'demand', 'highly', 'automate', 'already', 'commercial', 'high-tech', 'greenhouse', 'logistics', 'autonomous', 'transport', 'plant', 'harvest', 'product', 'greenhouse', 'sort', 'pack', 'facility', 'spray', 'robot', 'machine', 'vision', 'sort', 'pot-plants', 'cut-flowers', 'robotic', 'cut', 'plant', 'graft', 'machine', 'automate', 'crop', 'scout', 'insect', 'disease', 'detection', 'phenotyping', 'monitor', 'predict', 'fruit', 'set', 'postharvest', 'quality', 'currently', 'carry', 'robotic', 'capable', 'autonomously', 'harvest', 'crop', 'conduct', 'repetitive', 'labour', 'intensive', 'application', 'success', 'cycle', 'currently', 'still', 'commercial', 'practice', 'human-robot', 'collaboration', 'human', 'loop', 'application', 'stepping-stones', 'towards', 'full', 'automation', 'application', 'user', 'safety', 'user', 'acceptance', 'plant', 'side', 'breed', 'crop', 'phenotype', 'plant', 'architectures', 'fruit', 'easy', 'see', 'reach', 'robot', 'simplify', 'accelerate', 'application', 'robotics', 'horticultural', 'involve', 'integration', 'discipline', 'technology', 'navigation', 'safe', 'grasp', 'manipulation', 'perception', 'learn', 'adaptation', 'development', 'worldwide', 'rapid', 'improvement', 'compute', 'sensor', 'hardware', 'software', 'artificial', 'intelligence']",horticultural production face grow demand mechanization automation robotics labour cost increase availability skilled labour decrease modern consumer demand guarantee constant quality intensify hygiene food safety traceability demand automate production quality contribute fulfil demand highly automate already commercial high-tech greenhouse logistics autonomous transport plant harvest product greenhouse sort pack facility spray robot machine vision sort pot-plants cut-flowers robotic cut plant graft machine automate crop scout insect disease detection phenotyping monitor predict fruit set postharvest quality currently carry robotic capable autonomously harvest crop conduct repetitive labour intensive application success cycle currently still commercial practice human-robot collaboration human loop application stepping-stones towards full automation application user safety user acceptance plant side breed crop phenotype plant architectures fruit easy see reach robot simplify accelerate application robotics horticultural involve integration discipline technology navigation safe grasp manipulation perception learn adaptation development worldwide rapid improvement compute sensor hardware software artificial intelligence,144,276,5,0.9965552,"production, plant, application, demand, quality","Horticultural production faces a growing demand for mechanization, automation and robotics as labour costs are increasing and the availability of skilled labour is decreasing. The modern consumer demands guaranteed and constant quality. Moreover, there are intensified hygiene, food safety and traceability demands. Automated production and quality assessment systems can contribute to fulfil these demands. Many highly automated systems are already applied in commercial high-tech greenhouses. This includes logistics and autonomous transport of plants and harvested product from the greenhouse to the sorting and packing facilities, spraying robots, machine vision based sorting systems for pot-plants and cut-flowers and robotic cutting, planting and grafting machines. Current research focus on automated crop scouting (e.g., insect and disease detection), phenotyping (e.g., monitoring and predicting fruit setting) and postharvest quality assessment. Many research activities are currently carried out on robotic systems that are capable to autonomously harvest crops and to conduct other repetitive and labour intensive operations. In most of these applications the success rate and cycle time are currently still too low to allow implementation in commercial practice. Human-robot collaboration and human in the loop applications are important stepping-stones towards full automation. These applications must also include the key issues of user safety and user acceptance. From the plant side, breeding crops with novel phenotypes and plant architectures, such as fruits which are easy to see and reach by robots, will simplify and accelerate the application of robotics in the horticultural field. Challenges involve the complex integration of multiple disciplines and technologies (e.g., navigation, safe operation, grasping, manipulation, perception, learning and adaptation). Current developments are supported by the worldwide rapid improvements in computing and sensor hardware, software and artificial intelligence.",2,[],0,0.5555555555555556,0.13333333333333333,0.1111111111111111,0.2,INTRODUCTION,0.8376471563639353,14
PSS2MLPG,conferencePaper,2025,"Ajagalla, Mahadev; Pandey, Manish; Choudhary, Jaytrilok; Kumar, Lalit",Root Vegetable Crop Recommendation System Based on Soil Properties and Environmental Factors,Lecture Notes in Electrical Engineering,10.1007/978-981-97-8031-0_10,http://dx.doi.org/10.1007/978-981-97-8031-0_10,"Traditional Agriculture has always involved the use of data. However, modern data challenges have become increasingly complex. As a result, data mining processes are now employed to construct machine learning models that analyze and extract valuable insights from this data. In the context of agriculture, data mining plays a crucial role in predicting crop yields, forecasting climate patterns and rainfall, optimizing seed and soil selections, and enhancing overall crop production efficiency. Agriculture serves as a cornerstone of India’s economic framework. Looking ahead to the next generation, the global population is projected to continue its growth. By 2050, the Earth will be home to an additional 9 billion people. Consequently, there is a pressing need to increase food production by 70%, all while utilizing less land. A common issue faced by numerous farmers is the challenge of selecting the appropriate crops based on their soil composition and local environment. This predicament leads to crop diseases, elevated production costs, and significant declines in productivity. Precision agriculture has emerged as a solution to this problem. Precision agriculture, rooted in traditional farming practices, leverages soil analysis, climate conditions, and temperature data to offer refined guidance on crop selection. This approach empowers farmers to enhance their output and productivity. In the context of this paper, we proposed a solution to address this challenge: the implementation of a recommendation system using a Random Forest classifier, which falls under the umbrella of Ensemble techniques. Additionally, the model is further refined by training it using Artificial Neural Network (ANN), employing the K-Fold Cross-validation technique through Keras. This strategy aims to augment the accuracy of model training, resulting in improved recommendations and outcomes.",2025-10,2026-01-24 00:34:06,2026-01-24 00:34:06,86-98,Springer Nature Singapore,,Precision agriculture; Artificial neural network (ANN); Bagging technique; Ensemble model; K-Fold Cross-validation technique with Keras; Random Forest classifier; Recommendation system,root vegetable crop recommendation system based on soil properties and environmental factors,"['root', 'vegetable', 'crop', 'recommendation', 'system', 'based', 'on', 'soil', 'properties', 'and', 'environmental', 'factors']","['root', 'vegetable', 'recommendation', 'soil', 'property', 'environmental', 'factor']",root vegetable recommendation soil property environmental factor,"[('root', 'vegetable'), ('vegetable', 'recommendation'), ('recommendation', 'soil'), ('soil', 'property'), ('property', 'environmental'), ('environmental', 'factor')]",12,92,7,"[('root', 'vegetable', 'recommendation'), ('vegetable', 'recommendation', 'soil'), ('recommendation', 'soil', 'property'), ('soil', 'property', 'environmental'), ('property', 'environmental', 'factor')]","['agriculture', 'always', 'involve', 'data', 'modern', 'data', 'become', 'increasingly', 'data', 'mine', 'employed', 'construct', 'machine', 'learn', 'analyze', 'extract', 'valuable', 'insight', 'data', 'agriculture', 'data', 'mining', 'play', 'crucial', 'role', 'predict', 'crop', 'yield', 'forecast', 'climate', 'pattern', 'rainfall', 'optimize', 'seed', 'soil', 'selection', 'enhance', 'crop', 'production', 'efficiency', 'agriculture', 'serve', 'cornerstone', 'india', 'economic', 'look', 'ahead', 'next', 'generation', 'global', 'population', 'project', 'continue', 'growth', 'earth', 'home', 'additional', 'billion', 'people', 'press', 'food', 'production', 'utilizing', 'less', 'land', 'common', 'face', 'farmer', 'select', 'appropriate', 'crop', 'soil', 'composition', 'local', 'environment', 'predicament', 'lead', 'crop', 'disease', 'elevate', 'production', 'cost', 'decline', 'productivity', 'precision', 'agriculture', 'emerge', 'precision', 'agriculture', 'root', 'farming', 'practice', 'leverage', 'soil', 'climate', 'condition', 'temperature', 'data', 'offer', 'refine', 'guidance', 'crop', 'selection', 'empowers', 'farmer', 'enhance', 'output', 'productivity', 'recommendation', 'system', 'random', 'forest', 'classifier', 'fall', 'umbrella', 'ensemble', 'model', 'refine', 'train', 'artificial', 'neural', 'network', 'ann', 'employ', 'k-fold', 'crossvalidation', 'kera', 'strategy', 'augment', 'model', 'training', 'recommendation']",agriculture always involve data modern data become increasingly data mine employed construct machine learn analyze extract valuable insight data agriculture data mining play crucial role predict crop yield forecast climate pattern rainfall optimize seed soil selection enhance crop production efficiency agriculture serve cornerstone india economic look ahead next generation global population project continue growth earth home additional billion people press food production utilizing less land common face farmer select appropriate crop soil composition local environment predicament lead crop disease elevate production cost decline productivity precision agriculture emerge precision agriculture root farming practice leverage soil climate condition temperature data offer refine guidance crop selection empowers farmer enhance output productivity recommendation system random forest classifier fall umbrella ensemble model refine train artificial neural network ann employ k-fold crossvalidation kera strategy augment model training recommendation,132,274,3,0.61979777,"soil, data, management, technology, enhance","Traditional Agriculture has always involved the use of data. However, modern data challenges have become increasingly complex. As a result, data mining processes are now employed to construct machine learning models that analyze and extract valuable insights from this data. In the context of agriculture, data mining plays a crucial role in predicting crop yields, forecasting climate patterns and rainfall, optimizing seed and soil selections, and enhancing overall crop production efficiency. Agriculture serves as a cornerstone of Indias economic framework. Looking ahead to the next generation, the global population is projected to continue its growth. By 2050, the Earth will be home to an additional 9 billion people. Consequently, there is a pressing need to increase food production by 70, all while utilizing less land. A common issue faced by numerous farmers is the challenge of selecting the appropriate crops based on their soil composition and local environment. This predicament leads to crop diseases, elevated production costs, and significant declines in productivity. Precision agriculture has emerged as a solution to this problem. Precision agriculture, rooted in traditional farming practices, leverages soil analysis, climate conditions, and temperature data to offer refined guidance on crop selection. This approach empowers farmers to enhance their output and productivity. In the context of this paper, we proposed a solution to address this challenge: the implementation of a recommendation system using a Random Forest classifier, which falls under the umbrella of Ensemble techniques. Additionally, the model is further refined by training it using Artificial Neural Network (ANN), employing the K-Fold Cross-validation technique through Keras. This strategy aims to augment the accuracy of model training, resulting in improved recommendations and outcomes.",8,"[{'text': 'Traditional Agriculture', 'type': 'SPACY_ORG', 'start': 0, 'end': 23, 'source': 'core_web_sm'}, {'text': 'India', 'type': 'SPACY_GPE', 'start': 535, 'end': 540, 'source': 'core_web_sm'}, {'text': 'precision', 'type': 'METRIC', 'start': 1091, 'end': 1100, 'source': 'domain_dictionary'}, {'text': 'precision', 'type': 'METRIC', 'start': 1156, 'end': 1165, 'source': 'domain_dictionary'}, {'text': 'random forest', 'type': 'ML_TECHNIQUE', 'start': 1538, 'end': 1551, 'source': 'domain_dictionary'}, {'text': 'Ensemble', 'type': 'SPACY_WORK_OF_ART', 'start': 1598, 'end': 1606, 'source': 'core_web_sm'}, {'text': 'artificial neural network', 'type': 'ML_TECHNIQUE', 'start': 1683, 'end': 1708, 'source': 'domain_dictionary'}, {'text': 'ann', 'type': 'ML_TECHNIQUE', 'start': 1710, 'end': 1713, 'source': 'domain_dictionary'}, {'text': 'cross-validation', 'type': 'ML_TECHNIQUE', 'start': 1737, 'end': 1753, 'source': 'domain_dictionary'}, {'text': 'keras', 'type': 'TOOL', 'start': 1772, 'end': 1777, 'source': 'domain_dictionary'}, {'text': 'accuracy', 'type': 'METRIC', 'start': 1813, 'end': 1821, 'source': 'domain_dictionary'}]",11,0.19920318725099603,0.5737051792828686,0.11952191235059761,0.10756972111553786,METHODS,0.8179417166806748,16
SID6CEBW,bookSection,2025,"Chowdary, V. M.; Chakraborty, Abhishek; Sahay, Bhavana; Choudhary, Karun Kumar; Biswal, Anima; Srikanth, P.; Kumari, Mamta; Laxman, B.; Pandey, Varun; Raju, Parichay S.; Sreenivas, K.; Chauhan, Prakash",Geospatial applications for crop assessment,Sustainable Development Perspectives in Earth Observation,10.1016/B978-0-443-14072-3.00017-4,http://dx.doi.org/10.1016/B978-0-443-14072-3.00017-4,"With the ever-increasing global population and limited arable land for cultivation, sustainable management of the existing farming land become critical for future food security. Geospatial technologies, which combines satellite, aerial, ground-based mobile spatial/aspatial data involving advanced data processing techniques, can play an important role in the current aspect. This chapter provides a snapshot of these geospatial applications for crop assessment that includes spectral reflectance of crop and its relation with leaf and canopy parameters, and spectral separability of the crops and crop mapping. Popular spectral vegetation indices and its role in monitoring the crop health/condition are also discussed. Techniques to retrieve crop biophysical/biochemical parameters using satellite observations and different valued added products like crop phenology and cropping intensity were also presented. The chapter also deals with the crop yield modeling using different approaches like empirical, semiempirical (light use efficiency), and process-based simulation models. The critical geospatial inputs for crop insurance solutions such as climatic risk-based zonation, rate making, prevented sowing, mid-season adversity, crop damage due to weather extremes, objective crop cutting experiment through smart sampling, crop yield assessment, and timely claim settlement are presented in brief. Adoption of these technologies in crop management will be critical for sustainable growth under future climatic scenarios.",2025,2026-01-24 00:34:06,2026-01-24 00:34:06,9-43,Elsevier,,Remote sensing; crop; crop condition; crop parameter retrieval; crop yield; indices; LSWI; NDVI; SAR; vegetation,geospatial applications for crop assessment,"['geospatial', 'applications', 'for', 'crop', 'assessment']","['geospatial', 'application']",geospatial application,"[('geospatial', 'application')]",5,43,2,[],"['ever-increasing', 'global', 'population', 'limit', 'arable', 'land', 'cultivation', 'sustainable', 'management', 'farming', 'land', 'become', 'food', 'security', 'geospatial', 'technology', 'combine', 'satellite', 'aerial', 'ground-based', 'mobile', 'spatial', 'aspatial', 'data', 'involve', 'advanced', 'data', 'process', 'play', 'role', 'chapter', 'snapshot', 'geospatial', 'application', 'crop', 'spectral', 'reflectance', 'crop', 'relation', 'leaf', 'canopy', 'parameter', 'spectral', 'separability', 'crop', 'crop', 'map', 'popular', 'spectral', 'vegetation', 'index', 'role', 'monitor', 'crop', 'health', 'condition', 'discuss', 'retrieve', 'crop', 'biophysical', 'biochemical', 'parameter', 'satellite', 'observation', 'value', 'added', 'product', 'like', 'crop', 'phenology', 'crop', 'intensity', 'present', 'chapter', 'deal', 'crop', 'yield', 'model', 'like', 'empirical', 'semiempirical', 'light', 'efficiency', 'process-based', 'simulation', 'geospatial', 'input', 'crop', 'insurance', 'climatic', 'risk-based', 'zonation', 'making', 'prevent', 'sow', 'mid-season', 'adversity', 'crop', 'damage', 'due', 'weather', 'extremes', 'crop', 'cut', 'smart', 'sample', 'crop', 'yield', 'timely', 'claim', 'settlement', 'present', 'brief', 'adoption', 'technology', 'crop', 'management', 'sustainable', 'growth', 'climatic', 'scenario']",ever-increasing global population limit arable land cultivation sustainable management farming land become food security geospatial technology combine satellite aerial ground-based mobile spatial aspatial data involve advanced data process play role chapter snapshot geospatial application crop spectral reflectance crop relation leaf canopy parameter spectral separability crop crop map popular spectral vegetation index role monitor crop health condition discuss retrieve crop biophysical biochemical parameter satellite observation value added product like crop phenology crop intensity present chapter deal crop yield model like empirical semiempirical light efficiency process-based simulation geospatial input crop insurance climatic risk-based zonation making prevent sow mid-season adversity crop damage due weather extremes crop cut smart sample crop yield timely claim settlement present brief adoption technology crop management sustainable growth climatic scenario,121,203,3,0.99635255,"soil, data, management, technology, enhance","With the ever-increasing global population and limited arable land for cultivation, sustainable management of the existing farming land become critical for future food security. Geospatial technologies, which combines satellite, aerial, ground-based mobile spatialaspatial data involving advanced data processing techniques, can play an important role in the current aspect. This chapter provides a snapshot of these geospatial applications for crop assessment that includes spectral reflectance of crop and its relation with leaf and canopy parameters, and spectral separability of the crops and crop mapping. Popular spectral vegetation indices and its role in monitoring the crop healthcondition are also discussed. Techniques to retrieve crop biophysicalbiochemical parameters using satellite observations and different valued added products like crop phenology and cropping intensity were also presented. The chapter also deals with the crop yield modeling using different approaches like empirical, semiempirical (light use efficiency), and process-based simulation models. The critical geospatial inputs for crop insurance solutions such as climatic risk-based zonation, rate making, prevented sowing, mid-season adversity, crop damage due to weather extremes, objective crop cutting experiment through smart sampling, crop yield assessment, and timely claim settlement are presented in brief. Adoption of these technologies in crop management will be critical for sustainable growth under future climatic scenarios.",4,[],0,0.0,0.631578947368421,0.13157894736842105,0.2368421052631579,METHODS,0.6479365788116337,8
PWW7AX2S,bookSection,2025,"Kumar, Reetesh; Chaurasiya, Dilip Kumar; Singh, Sarvesh",Advanced technological innovations for mitigating biotic stresses in horticulture: From remote sensing to AI-Driven solutions,Biotic Stress Tolerance in Horticultural Crops: Challenges and Mitigation Strategies,10.1016/B978-0-443-27324-7.00014-8,http://dx.doi.org/10.1016/B978-0-443-27324-7.00014-8,"Climate change and population expansion are posing a growing challenge to global food security, which calls for creative and sustainable farming methods to boost crop yields. Horticultural yields and quality are greatly impacted by biotic stressors, including as pests, diseases, and weeds, which are typically controlled using chemical inputs like pesticides and herbicides. However, over usage of these pesticides has resulted in negative impacts on non-target organisms, environmental deterioration, and pesticide resistance. Advanced technical advancements like drone-based monitoring, hyperspectral imaging, and remote sensing are transforming biotic stress management in order to meet these problems. Real-time, high-resolution crop monitoring is made possible by these state-of-the-art instruments, which also make it easier to identify biotic hazards early and implement focused, accurate responses. Furthermore, combining machine learning and artificial intelligence (AI) improves decision-making and predictive modeling, maximizing resource utilization while reducing environmental effect. The potential of emerging technologies to enhance sustainability, efficiency, and resilience in agricultural systems is highlighted in this chapter, which examines their function in horticulture's mitigation of biotic stress.",2025,2026-01-24 00:34:06,2026-01-24 00:34:06,231-242,Elsevier,,Horticulture; Hyperspectral imaging; Artificial intelligence; Remote sensing; Precision agriculture; Sustainable agriculture; Biotic stress; Crop protection; Drone-based Monitoring; Pest management,advanced technological innovations for mitigating biotic stresses in horticulture from remote sensing to aidriven solutions,"['advanced', 'technological', 'innovations', 'for', 'mitigating', 'biotic', 'stresses', 'in', 'horticulture', 'from', 'remote', 'sensing', 'to', 'aidriven', 'solutions']","['advanced', 'technological', 'innovation', 'mitigating', 'biotic', 'stress', 'horticulture', 'remote', 'sensing', 'aidriven', 'solution']",advanced technological innovation mitigating biotic stress horticulture remote sensing aidriven solution,"[('advanced', 'technological'), ('technological', 'innovation'), ('innovation', 'mitigating'), ('mitigating', 'biotic'), ('biotic', 'stress'), ('stress', 'horticulture'), ('horticulture', 'remote'), ('remote', 'sensing'), ('sensing', 'aidriven'), ('aidriven', 'solution')]",15,125,11,"[('advanced', 'technological', 'innovation'), ('technological', 'innovation', 'mitigating'), ('innovation', 'mitigating', 'biotic'), ('mitigating', 'biotic', 'stress'), ('biotic', 'stress', 'horticulture'), ('stress', 'horticulture', 'remote'), ('horticulture', 'remote', 'sensing'), ('remote', 'sensing', 'aidriven'), ('sensing', 'aidriven', 'solution')]","['climate', 'change', 'population', 'expansion', 'pose', 'grow', 'global', 'food', 'security', 'call', 'creative', 'sustainable', 'farm', 'method', 'boost', 'crop', 'yield', 'horticultural', 'yield', 'quality', 'greatly', 'impact', 'biotic', 'stressor', 'pests', 'disease', 'weed', 'typically', 'control', 'chemical', 'input', 'like', 'pesticide', 'herbicide', 'usage', 'pesticide', 'result', 'negative', 'impact', 'non-target', 'organism', 'environmental', 'deterioration', 'pesticide', 'resistance', 'advance', 'technical', 'advancement', 'like', 'drone-based', 'monitoring', 'hyperspectral', 'image', 'remote', 'sense', 'transform', 'biotic', 'stress', 'management', 'order', 'meet', 'real-time', 'high-resolution', 'crop', 'monitoring', 'make', 'instrument', 'make', 'easy', 'identify', 'biotic', 'hazard', 'implement', 'accurate', 'response', 'combine', 'machine', 'learn', 'artificial', 'intelligence', 'decision-making', 'predictive', 'modeling', 'maximize', 'resource', 'utilization', 'reduce', 'environmental', 'effect', 'emerge', 'technology', 'enhance', 'sustainability', 'efficiency', 'resilience', 'agricultural', 'highlight', 'chapter', 'function', 'horticulture', 'mitigation', 'biotic', 'stress']",climate change population expansion pose grow global food security call creative sustainable farm method boost crop yield horticultural yield quality greatly impact biotic stressor pests disease weed typically control chemical input like pesticide herbicide usage pesticide result negative impact non-target organism environmental deterioration pesticide resistance advance technical advancement like drone-based monitoring hyperspectral image remote sense transform biotic stress management order meet real-time high-resolution crop monitoring make instrument make easy identify biotic hazard implement accurate response combine machine learn artificial intelligence decision-making predictive modeling maximize resource utilization reduce environmental effect emerge technology enhance sustainability efficiency resilience agricultural highlight chapter function horticulture mitigation biotic stress,103,169,3,0.99671996,"soil, data, management, technology, enhance","Climate change and population expansion are posing a growing challenge to global food security, which calls for creative and sustainable farming methods to boost crop yields. Horticultural yields and quality are greatly impacted by biotic stressors, including as pests, diseases, and weeds, which are typically controlled using chemical inputs like pesticides and herbicides. However, over usage of these pesticides has resulted in negative impacts on non-target organisms, environmental deterioration, and pesticide resistance. Advanced technical advancements like drone-based monitoring, hyperspectral imaging, and remote sensing are transforming biotic stress management in order to meet these problems. Real-time, high-resolution crop monitoring is made possible by these state-of-the-art instruments, which also make it easier to identify biotic hazards early and implement focused, accurate responses. Furthermore, combining machine learning and artificial intelligence (AI) improves decision-making and predictive modeling, maximizing resource utilization while reducing environmental effect. The potential of emerging technologies to enhance sustainability, efficiency, and resilience in agricultural systems is highlighted in this chapter, which examines their function in horticulture's mitigation of biotic stress.",2,"[{'text': 'hyperspectral imaging', 'type': 'SENSING_TECHNOLOGY', 'start': 590, 'end': 611, 'source': 'domain_dictionary'}, {'text': 'remote sensing', 'type': 'SENSING_TECHNOLOGY', 'start': 617, 'end': 631, 'source': 'domain_dictionary'}]",2,0.3603603603603603,0.21621621621621617,0.18018018018018014,0.24324324324324323,INTRODUCTION,0.9749703280713649,7
2MH27QZT,bookSection,2025,"Jha, G.; Dey, Sourajit; Deshpande, Prasad",Operational and analytical frameworks of Unoccupied Aerial Vehicles (UAV) for precision agriculture applications,Advances in Agronomy,10.1016/bs.agron.2025.10.005,https://doi.org/10.1016/bs.agron.2025.10.005,,2025,2026-01-24 00:34:06,2026-01-24 00:34:06,,Academic Press (Elsevier),,,operational and analytical frameworks of unoccupied aerial vehicles uav for precision agriculture applications,"['operational', 'and', 'analytical', 'frameworks', 'of', 'unoccupied', 'aerial', 'vehicles', 'uav', 'for', 'precision', 'agriculture', 'applications']","['operational', 'analytical', 'framework', 'unoccupied', 'aerial', 'vehicle', 'uav', 'application']",operational analytical framework unoccupied aerial vehicle uav application,"[('operational', 'analytical'), ('analytical', 'framework'), ('framework', 'unoccupied'), ('unoccupied', 'aerial'), ('aerial', 'vehicle'), ('vehicle', 'uav'), ('uav', 'application')]",13,112,8,"[('operational', 'analytical', 'framework'), ('analytical', 'framework', 'unoccupied'), ('framework', 'unoccupied', 'aerial'), ('unoccupied', 'aerial', 'vehicle'), ('aerial', 'vehicle', 'uav'), ('vehicle', 'uav', 'application')]",[],,0,0,,,,,,[],0,0.0,0.0,0.0,0.0,UNKNOWN,0.0,0
8EZLKYD6,journalArticle,2024,"Ceasovschih, Alexandr; Șorodoc, Victorița; Covantsev, Serghei; Balta, Anastasia; Uzokov, Jamol; Kaiser, Sergio; Almaghraby, Abdallah; Lionte, Cătălina; Stătescu, Cristian; Sascău, Radu; Onofrei, Viviana; Haliga, Raluca Ecaterina; Stoica, Alexandra; Bologa, Cristina; Ailoaei, Ștefan; Şener, Yusuf Ziya; Kounis, Nicholas; Șorodoc, Laurențiu",Electrocardiogram Features in Non-Cardiac Diseases: From Mechanisms to Practical Aspects,Journal of Multidisciplinary Healthcare,10.2147/JMDH.S445549,https://www.dovepress.com/electrocardiogram-features-in-non-cardiac-diseases-from-mechanisms-to--peer-reviewed-fulltext-article-JMDH,,2024-04,2026-01-24 00:34:06,2026-01-24 00:34:06,1695-1719,,/home/aalejoz25/Zotero/storage/PGEI9WSX/Ceasovschih et al. - 2024 - Electrocardiogram Features in Non-Cardiac Diseases From Mechanisms to Practical Aspects.pdf,,electrocardiogram features in noncardiac diseases from mechanisms to practical aspects,"['electrocardiogram', 'features', 'in', 'noncardiac', 'diseases', 'from', 'mechanisms', 'to', 'practical', 'aspects']","['electrocardiogram', 'feature', 'noncardiac', 'disease', 'mechanism', 'aspect']",electrocardiogram feature noncardiac disease mechanism aspect,"[('electrocardiogram', 'feature'), ('feature', 'noncardiac'), ('noncardiac', 'disease'), ('disease', 'mechanism'), ('mechanism', 'aspect')]",10,88,6,"[('electrocardiogram', 'feature', 'noncardiac'), ('feature', 'noncardiac', 'disease'), ('noncardiac', 'disease', 'mechanism'), ('disease', 'mechanism', 'aspect')]",[],,0,0,,,,,,[],0,0.0,0.0,0.0,0.0,UNKNOWN,0.0,0
EG2HJNCZ,journalArticle,2022,"Singh, Rajat; Singh, Rajesh; Gehlot, Anita; Akram, Shaik Vaseem; Priyadarshi, Neeraj; Twala, Bhekisipho",Horticulture 4.0: Adoption of Industry 4.0 Technologies in Horticulture for Meeting Sustainable Farming,Applied Sciences,10.3390/app122412557,https://www.mdpi.com/2076-3417/12/24/12557,"The United Nations emphasized a significant agenda on reducing hunger and protein malnutrition as well as micronutrient (vitamins and minerals) malnutrition, which is estimated to affect the health of up to two billion people. The UN also recognized this need through Sustainable Development Goals (SDG 2 and SDG 12) to end hunger and foster sustainable agriculture by enhancing the production and consumption of fruits and vegetables. Previous studies only stressed the various issues in horticulture with regard to industries, but they did not emphasize the centrality of Industry 4.0 technologies for confronting the diverse issues in horticulture, from production to marketing in the context of sustainability. The current study addresses the significance and application of Industry 4.0 technologies such as the Internet of Things, cloud computing, artificial intelligence, blockchain, and big data for horticulture in enhancing traditional practices for disease detection, irrigation management, fertilizer management, maturity identification, marketing, and supply chain, soil fertility, and weather patterns at pre-harvest, harvest, and post-harvest. On the basis of analysis, the article identifies challenges and suggests a few vital recommendations for future work. In horticulture settings, robotics, drones with vision technology and AI for the detection of pests, weeds, plant diseases, and malnutrition, and edge-computing portable devices that can be developed with IoT and AI for predicting and estimating crop diseases are vital recommendations suggested in the study.",2022-12,2026-01-24 00:34:06,2026-01-24 00:34:06,12557,,/home/aalejoz25/Zotero/storage/CYJWP7YQ/Singh et al. - 2022 - Horticulture 4.0 Adoption of Industry 4.0 Technologies in Horticulture for Meeting Sustainable Farm.pdf,,horticulture adoption of industry technologies in horticulture for meeting sustainable farming,"['horticulture', 'adoption', 'of', 'industry', 'technologies', 'in', 'horticulture', 'for', 'meeting', 'sustainable', 'farming']","['horticulture', 'adoption', 'industry', 'technology', 'horticulture', 'meeting', 'sustainable']",horticulture adoption industry technology horticulture meeting sustainable,"[('horticulture', 'adoption'), ('adoption', 'industry'), ('industry', 'technology'), ('technology', 'horticulture'), ('horticulture', 'meeting'), ('meeting', 'sustainable')]",13,103,7,"[('horticulture', 'adoption', 'industry'), ('adoption', 'industry', 'technology'), ('industry', 'technology', 'horticulture'), ('technology', 'horticulture', 'meeting'), ('horticulture', 'meeting', 'sustainable')]","['united', 'nation', 'emphasize', 'agenda', 'reduce', 'hunger', 'protein', 'malnutrition', 'micronutrient', 'vitamins', 'mineral', 'malnutrition', 'estimate', 'affect', 'health', 'two', 'billion', 'people', 'recognize', 'sustainable', 'development', 'sdg', 'sdg', 'end', 'hunger', 'foster', 'sustainable', 'agriculture', 'enhance', 'production', 'consumption', 'fruit', 'vegetable', 'study', 'stress', 'horticulture', 'regard', 'industry', 'emphasize', 'centrality', 'industry', 'technology', 'confront', 'diverse', 'horticulture', 'production', 'marketing', 'sustainability', 'significance', 'application', 'industry', 'technology', 'internet', 'thing', 'cloud', 'compute', 'artificial', 'intelligence', 'blockchain', 'big', 'data', 'horticulture', 'enhance', 'practice', 'disease', 'detection', 'irrigation', 'management', 'fertilizer', 'management', 'maturity', 'identification', 'marketing', 'supply', 'chain', 'soil', 'fertility', 'weather', 'pattern', 'pre-harvest', 'harvest', 'post-harvest', 'basis', 'identifies', 'vital', 'recommendation', 'horticulture', 'setting', 'robotics', 'drone', 'vision', 'technology', 'detection', 'pest', 'weed', 'plant', 'disease', 'malnutrition', 'edge-computing', 'portable', 'device', 'develop', 'iot', 'predict', 'estimate', 'crop', 'disease', 'vital', 'recommendation']",united nation emphasize agenda reduce hunger protein malnutrition micronutrient vitamins mineral malnutrition estimate affect health two billion people recognize sustainable development sdg sdg end hunger foster sustainable agriculture enhance production consumption fruit vegetable study stress horticulture regard industry emphasize centrality industry technology confront diverse horticulture production marketing sustainability significance application industry technology internet thing cloud compute artificial intelligence blockchain big data horticulture enhance practice disease detection irrigation management fertilizer management maturity identification marketing supply chain soil fertility weather pattern pre-harvest harvest post-harvest basis identifies vital recommendation horticulture setting robotics drone vision technology detection pest weed plant disease malnutrition edge-computing portable device develop iot predict estimate crop disease vital recommendation,109,224,3,0.8688149,"soil, data, management, technology, enhance","The United Nations emphasized a significant agenda on reducing hunger and protein malnutrition as well as micronutrient (vitamins and minerals) malnutrition, which is estimated to affect the health of up to two billion people. The UN also recognized this need through Sustainable Development Goals (SDG 2 and SDG 12) to end hunger and foster sustainable agriculture by enhancing the production and consumption of fruits and vegetables. Previous studies only stressed the various issues in horticulture with regard to industries, but they did not emphasize the centrality of Industry 4.0 technologies for confronting the diverse issues in horticulture, from production to marketing in the context of sustainability. The current study addresses the significance and application of Industry 4.0 technologies such as the Internet of Things, cloud computing, artificial intelligence, blockchain, and big data for horticulture in enhancing traditional practices for disease detection, irrigation management, fertilizer management, maturity identification, marketing, and supply chain, soil fertility, and weather patterns at pre-harvest, harvest, and post-harvest. On the basis of analysis, the article identifies challenges and suggests a few vital recommendations for future work. In horticulture settings, robotics, drones with vision technology and AI for the detection of pests, weeds, plant diseases, and malnutrition, and edge-computing portable devices that can be developed with IoT and AI for predicting and estimating crop diseases are vital recommendations suggested in the study.",2,"[{'text': 'The United Nations', 'type': 'SPACY_ORG', 'start': 0, 'end': 18, 'source': 'core_web_sm'}, {'text': 'UN', 'type': 'SPACY_ORG', 'start': 231, 'end': 233, 'source': 'core_web_sm'}, {'text': 'Sustainable Development Goals', 'type': 'SPACY_ORG', 'start': 268, 'end': 297, 'source': 'core_web_sm'}, {'text': 'maturity', 'type': 'QUALITY_ATTRIBUTE', 'start': 1025, 'end': 1033, 'source': 'domain_dictionary'}, {'text': 'AI', 'type': 'SPACY_GPE', 'start': 1347, 'end': 1349, 'source': 'core_web_sm'}, {'text': 'IoT', 'type': 'SPACY_ORG', 'start': 1482, 'end': 1485, 'source': 'core_web_sm'}, {'text': 'AI', 'type': 'SPACY_GPE', 'start': 1490, 'end': 1492, 'source': 'core_web_sm'}]",7,0.28846153846153844,0.0,0.1923076923076923,0.5192307692307693,DISCUSSION,0.732867912302074,6
TDBQ8UH7,bookSection,2026,"Hayat, Khizar; Ahmad, Shehzad; Wahid, Nazima; Karishma; Ali, Amjad; Kaplan, Alevcan; Khan, Muhammad Nauman; Fahad, Shah; Iqbal, Majid",New frontiers in soil chemistry research innovations and discoveries,Sustainable Soil Chemistry and Plant Nutrition,10.1016/B978-0-443-40584-6.00005-X,https://linkinghub.elsevier.com/retrieve/pii/B978044340584600005X,"Soil chemistry is critical to the long-term viability of agriculture, the environment, and ecosystems. Recent advances in soil chemistry research have revealed new boundaries, owing to technical developments, multidisciplinary methods, and a better knowledge of soil dynamics. This chapter investigates developing trends, such as nanotechnology applications for soil remediation, biochar and organic additions to improve soil fertility, and the importance of molecular spectroscopy in soil nutrient analysis. Furthermore, advances in soil microbial interactions, carbon sequestration processes, and sustainable land management options are discussed. The merging of artificial intelligence and big data analytics is changing soil chemistry research by allowing more accurate soil health evaluations and predictive modeling. These advances not only enhance soil management methods but also help to ensure global food security and mitigate climate change. This chapter covers significant findings and future perspectives in soil chemistry, highlighting the necessity for ongoing study and long-term uses in agriculture and environmental protection.",2026,2026-01-24 00:34:06,2026-01-25 02:56:18,379-414,Elsevier,,,new frontiers in soil chemistry research innovations and discoveries,"['new', 'frontiers', 'in', 'soil', 'chemistry', 'research', 'innovations', 'and', 'discoveries']","['frontier', 'soil', 'chemistry', 'innovation', 'discovery']",frontier soil chemistry innovation discovery,"[('frontier', 'soil'), ('soil', 'chemistry'), ('chemistry', 'innovation'), ('innovation', 'discovery')]",9,68,5,"[('frontier', 'soil', 'chemistry'), ('soil', 'chemistry', 'innovation'), ('chemistry', 'innovation', 'discovery')]","['soil', 'chemistry', 'long-term', 'viability', 'agriculture', 'environment', 'ecosystems', 'advance', 'soil', 'chemistry', 'boundary', 'owe', 'technical', 'development', 'multidisciplinary', 'method', 'knowledge', 'soil', 'dynamic', 'chapter', 'develop', 'trend', 'nanotechnology', 'application', 'soil', 'remediation', 'biochar', 'organic', 'addition', 'soil', 'fertility', 'importance', 'molecular', 'spectroscopy', 'soil', 'nutrient', 'advance', 'soil', 'microbial', 'interaction', 'carbon', 'sequestration', 'sustainable', 'land', 'management', 'option', 'discuss', 'merge', 'artificial', 'intelligence', 'big', 'data', 'analytics', 'change', 'soil', 'chemistry', 'allow', 'accurate', 'soil', 'health', 'predictive', 'modeling', 'advance', 'enhance', 'soil', 'management', 'method', 'help', 'ensure', 'global', 'food', 'security', 'mitigate', 'climate', 'change', 'chapter', 'cover', 'perspective', 'soil', 'chemistry', 'highlight', 'necessity', 'ongoing', 'long-term', 'agriculture', 'environmental', 'protection']",soil chemistry long-term viability agriculture environment ecosystems advance soil chemistry boundary owe technical development multidisciplinary method knowledge soil dynamic chapter develop trend nanotechnology application soil remediation biochar organic addition soil fertility importance molecular spectroscopy soil nutrient advance soil microbial interaction carbon sequestration sustainable land management option discuss merge artificial intelligence big data analytics change soil chemistry allow accurate soil health predictive modeling advance enhance soil management method help ensure global food security mitigate climate change chapter cover perspective soil chemistry highlight necessity ongoing long-term agriculture environmental protection,87,152,3,0.99554086,"soil, data, management, technology, enhance","Soil chemistry is critical to the long-term viability of agriculture, the environment, and ecosystems. Recent advances in soil chemistry research have revealed new boundaries, owing to technical developments, multidisciplinary methods, and a better knowledge of soil dynamics. This chapter investigates developing trends, such as nanotechnology applications for soil remediation, biochar and organic additions to improve soil fertility, and the importance of molecular spectroscopy in soil nutrient analysis. Furthermore, advances in soil microbial interactions, carbon sequestration processes, and sustainable land management options are discussed. The merging of artificial intelligence and big data analytics is changing soil chemistry research by allowing more accurate soil health evaluations and predictive modeling. These advances not only enhance soil management methods but also help to ensure global food security and mitigate climate change. This chapter covers significant findings and future perspectives in soil chemistry, highlighting the necessity for ongoing study and long-term uses in agriculture and environmental protection.",8,[],0,0.1408450704225352,0.16901408450704222,0.5633802816901408,0.1267605633802817,RESULTS,0.8379349695623738,7
ZATTGBAC,conferencePaper,2024,"Malarvizhi, N.; Bajait, Vaishali",Optimization based hybrid approach for grape leaf disease classification and pesticide detection,,10.1063/5.0189928,https://pubs.aip.org/aip/acp/article-lookup/doi/10.1063/5.0189928,,2024,2026-01-24 00:34:06,2026-01-24 00:34:06,050004,,,,optimization based hybrid approach for grape leaf disease classification and pesticide detection,"['optimization', 'based', 'hybrid', 'approach', 'for', 'grape', 'leaf', 'disease', 'classification', 'and', 'pesticide', 'detection']","['optimization', 'hybrid', 'grape', 'disease', 'pesticide']",optimization hybrid grape disease pesticide,"[('optimization', 'hybrid'), ('hybrid', 'grape'), ('grape', 'disease'), ('disease', 'pesticide')]",12,96,5,"[('optimization', 'hybrid', 'grape'), ('hybrid', 'grape', 'disease'), ('grape', 'disease', 'pesticide')]",[],,0,0,,,,,,[],0,0.0,0.0,0.0,0.0,UNKNOWN,0.0,0
VPZNUMBF,bookSection,2024,"Lu, Chungui; Grundy, Steven; Mohmed, Gadelhag; Hardy, Katherine",Urban Agriculture and Vertical Farming,Encyclopedia of Sustainable Technologies,10.1016/B978-0-323-90386-8.00139-X,https://linkinghub.elsevier.com/retrieve/pii/B978032390386800139X,,2024,2026-01-24 00:34:06,2026-01-24 00:34:06,521-533,Elsevier,,,urban agriculture and vertical farming,"['urban', 'agriculture', 'and', 'vertical', 'farming']","['urban', 'vertical']",urban vertical,"[('urban', 'vertical')]",5,38,2,[],[],,0,0,,,,,,[],0,0.0,0.0,0.0,0.0,UNKNOWN,0.0,0
94AZMHQ2,bookSection,2025,"Upadhyay, Priti; Vishwakarma, Manish Kumar",Genomic assisted breeding approaches for biotic stress tolerance in horticultural crops,Biotic Stress Tolerance in Horticultural Crops,10.1016/B978-0-443-27324-7.00007-0,https://linkinghub.elsevier.com/retrieve/pii/B9780443273247000070,,2025,2026-01-24 00:34:06,2026-01-24 00:34:06,101-118,Elsevier,,,genomic assisted breeding approaches for biotic stress tolerance in horticultural crops,"['genomic', 'assisted', 'breeding', 'approaches', 'for', 'biotic', 'stress', 'tolerance', 'in', 'horticultural', 'crops']","['genomic', 'assisted', 'breeding', 'approach', 'biotic', 'stress', 'tolerance', 'horticultural']",genomic assisted breeding approach biotic stress tolerance horticultural,"[('genomic', 'assisted'), ('assisted', 'breeding'), ('breeding', 'approach'), ('approach', 'biotic'), ('biotic', 'stress'), ('stress', 'tolerance'), ('tolerance', 'horticultural')]",11,87,8,"[('genomic', 'assisted', 'breeding'), ('assisted', 'breeding', 'approach'), ('breeding', 'approach', 'biotic'), ('approach', 'biotic', 'stress'), ('biotic', 'stress', 'tolerance'), ('stress', 'tolerance', 'horticultural')]",[],,0,0,,,,,,[],0,0.0,0.0,0.0,0.0,UNKNOWN,0.0,0
